"Nome";"Categorias da fonte";"Endereço";"Município";"Distância em linha reta (km)";"Horários publicados";"Latitude";"Longitude";"Estado da verificação";"Pendências";"Fontes";"Classificação para rolê";"Prioridade de pesquisa";"No site";"Perfil pesquisado";"Motivo da classificação";"Base da avaliação";"Público universitário";"Operação atual";"Próxima ação";"Data da curadoria";"Fontes da curadoria";"Resultado das consultas"
"Bar Do Cissão";"bares";"Vila Principe de Gales, Santo André - SP, 09615-085";"Santo André";"0.231";"seg, ter, qua, qui, sex: 18:00–00:00; sáb: 12:00–18:00";"-23.663213";"-46.5552267";"fonte secundária; funcionamento atual não confirmado";"";"https://www.locaisdobrasil.com.br/encontre/bares/santo-andre-sp/bar-do-cissao/660d1b4ea3f2688d6da69118";"Priorizar — perfil corroborado";"1";"Não";"Bar para conversa e bebidas";"Ficha no endereço correspondente apresenta bebidas/petiscos no contexto de bar. Perfil compatível inferido; público universitário e preço acessível não comprovados.";"Perfil descrito em ficha/avaliações secundárias; operação pendente";"Mencionado em fonte secundária; frequência real não verificada";"Não confirmada diretamente nesta pesquisa";"Confirmar operação/horários diretamente; conferir endereço, fotos e acesso antes de cadastrar.";"2026-10-05";"https://restaurantguru.com.br/Bar-Do-Cissao-Santo-Andre";"Ficha correspondente (HTTP 200): https://www.locaisdobrasil.com.br/encontre/bares/santo-andre-sp/bar-do-cissao/660d1b4ea3f2688d6da69118 | Ficha correspondente (HTTP 200): https://restaurantguru.com.br/Bar-Do-Cissao-Santo-Andre"
"Golden Hall Festas";"salao-de-festas";"R. Tibiriçá, 28 - Rudge Ramos, São Bernardo do Campo - SP, 09616-020";"São Bernardo do Campo";"0.401";"seg, ter, qua, qui, sex: 10:00–17:30";"-23.6641405";"-46.5566481";"fonte secundária; funcionamento atual não confirmado";"Operação atual requer confirmação; há registros empresariais históricos conflitantes.";"https://www.locaisdobrasil.com.br/encontre/salao-de-festas/sao-bernardo-do-campo-sp/golden-hall-festas/62856983911b8129b7e78983";"Fora do foco atual";"5";"Não";"Salão para eventos privados/casamentos";"Ficha na Rua Tibiriçá 28 oferece casamento e locação de espaço; não é bar com acesso habitual para uma resenha espontânea.";"Revisão complementar das fontes indicadas";"Não verificado";"Não confirmada diretamente nesta pesquisa";"Manter no histórico; não incluir no catálogo atual.";"2026-10-05";"https://www.casamentos.com.br/salao-casamento/golden-hall--e299533";"Ficha correspondente (HTTP 200): https://www.locaisdobrasil.com.br/encontre/salao-de-festas/sao-bernardo-do-campo-sp/golden-hall-festas/62856983911b8129b7e78983"
"Mariatos Restaurante";"buffet";"Tv. Saldanha da Gama, 171 - Rudge Ramos, São Bernardo do Campo - SP, 09615-120";"São Bernardo do Campo";"0.568";"seg, ter, qua, qui, sex, sáb: 11:30–14:30";"-23.6653192";"-46.557668";"fonte secundária; funcionamento atual não confirmado";"Confirmar espaço físico para festas; categoria pode incluir restaurante ou serviço de alimentação.";"https://www.locaisdobrasil.com.br/encontre/buffet/sao-bernardo-do-campo-sp/mariatos-restaurante/66dacbb58f35afd718414704";"Baixa prioridade — sem evidência de rolê";"4";"Não";"Restaurante, buffet ou espaço de eventos";"Não foi localizada evidência suficiente de bar/resenha ou festas abertas ao público. Categoria/nome sugerem alimentação, comércio ou eventos sob contratação; não é exclusão definitiva.";"Triagem conservadora do cadastro";"Não verificado";"Não confirmada diretamente nesta pesquisa";"Reavaliar se houver prova de bar ou programação pública de festas.";"2026-10-05";"https://www.locaisdobrasil.com.br/encontre/buffet/sao-bernardo-do-campo-sp/mariatos-restaurante/66dacbb58f35afd718414704";"Ficha correspondente (HTTP 200): https://www.locaisdobrasil.com.br/encontre/buffet/sao-bernardo-do-campo-sp/mariatos-restaurante/66dacbb58f35afd718414704"
"Lig chopp Germânia Santo André";"fornecedor-de-bebidas";"Av. Príncipe de Gales, 130 - Vila Principe de Gales, Santo André - SP, 09060-650";"Santo André";"0.635";"seg, ter, qua, qui, sex: 09:00–17:00; sáb: 09:00–15:00";"-23.661669699999997";"-46.5477869";"fonte secundária; funcionamento atual não confirmado";"Categoria ampla: inclui distribuidor, depósito e água; confirmar se é adega.";"https://www.locaisdobrasil.com.br/encontre/fornecedor-de-bebidas/santo-andre-sp/lig-chopp-germania-santo-andre/6583b09f3a2184690446992f";"Baixa prioridade — sem evidência de rolê";"4";"Não";"Comércio/distribuição de bebidas";"Não foi localizada evidência suficiente de bar/resenha ou festas abertas ao público. Categoria/nome sugerem alimentação, comércio ou eventos sob contratação; não é exclusão definitiva.";"Triagem conservadora do cadastro";"Não verificado";"Não confirmada diretamente nesta pesquisa";"Reavaliar se houver prova de bar ou programação pública de festas.";"2026-10-05";"https://www.locaisdobrasil.com.br/encontre/fornecedor-de-bebidas/santo-andre-sp/lig-chopp-germania-santo-andre/6583b09f3a2184690446992f";"Ficha correspondente (HTTP 200): https://www.locaisdobrasil.com.br/encontre/fornecedor-de-bebidas/santo-andre-sp/lig-chopp-germania-santo-andre/6583b09f3a2184690446992f | Sem ficha correspondente (HTTP 404): https://restaurantguru.com.br/lig-chopp-germania-santo-andre-santo-andre"
"Bar do Rubão";"bares";"Av. Prestes Maia, 158 - Vila Guiomar, Santo André - SP, 09090-521";"Santo André";"0.653";"dom: 09:00–20:00; seg, ter, qua, qui, sex, sáb: 10:00–22:00";"-23.6570714";"-46.549743299999996";"fonte secundária; funcionamento atual não confirmado";"";"https://www.locaisdobrasil.com.br/encontre/bares/santo-andre-sp/bar-do-rubao/636e4cf8b46ef06da8426287";"Já publicado";"0";"Sim";"Bar/adega para encontro";"Local já selecionado no catálogo; fontes da publicação preservadas. Publicado não significa operação confirmada hoje.";"Catálogo atual e respectivas fontes";"Não verificado";"Não confirmada diretamente nesta pesquisa";"Manter revisão manual de horários e operação.";"2026-10-05";"https://www.locaisdobrasil.com.br/encontre/bares/santo-andre-sp/bar-do-rubao/636e4cf8b46ef06da8426287 | https://restaurantguru.com.br/Bar-do-Rubao-Santo-Andre";"Ficha correspondente (HTTP 200): https://www.locaisdobrasil.com.br/encontre/bares/santo-andre-sp/bar-do-rubao/636e4cf8b46ef06da8426287 | Ficha correspondente (HTTP 200): https://restaurantguru.com.br/Bar-do-Rubao-Santo-Andre"
"Bar e Restaurante Tampinhas";"bares";"R. Corumbá, 364 - Vila Alice, Santo André - SP, 09041-270";"Santo André";"0.794";"dom, seg, ter, qua, qui, sex, sáb: 07:00–22:00";"-23.662307199999997";"-46.5462759";"fonte secundária; funcionamento atual não confirmado";"";"https://www.locaisdobrasil.com.br/encontre/bares/santo-andre-sp/bar-e-restaurante-tampinhas/660d1b5ca3f2688d6da6911c";"Potencial — confirmar perfil/operação";"2";"Não";"Possível bar para resenha";"Categoria/nome sugerem bar, mas faltou informação específica e confiável sobre consumo no local, ambiente, proposta ou operação atual.";"Triagem pelo cadastro; sem corroboração específica";"Não verificado";"Não confirmada diretamente nesta pesquisa";"Confirmar proposta, operação, acesso e endereço em canal da própria casa.";"2026-10-05";"https://www.locaisdobrasil.com.br/encontre/bares/santo-andre-sp/bar-e-restaurante-tampinhas/660d1b5ca3f2688d6da6911c";"Ficha correspondente (HTTP 200): https://www.locaisdobrasil.com.br/encontre/bares/santo-andre-sp/bar-e-restaurante-tampinhas/660d1b5ca3f2688d6da6911c | Sem ficha correspondente (HTTP 404): https://restaurantguru.com.br/bar-e-restaurante-tampinhas-santo-andre"
"Easy Chopp Kremer ABC";"fornecedor-de-bebidas";"Av. Novo Horizonte, 442 - Vila Sacadura Cabral, Santo André - SP, 09060-820";"Santo André";"0.805";"seg: 13:00–17:00; ter, qua, qui: 09:00–17:00; sex: 09:00–18:00; sáb: 09:00–14:00";"-23.655081";"-46.557784000000005";"fonte secundária; funcionamento atual não confirmado";"Categoria ampla: inclui distribuidor, depósito e água; confirmar se é adega.";"https://www.locaisdobrasil.com.br/encontre/fornecedor-de-bebidas/santo-andre-sp/easy-chopp-kremer-abc/65839eee3a21846904469179";"Baixa prioridade — sem evidência de rolê";"4";"Não";"Comércio/distribuição de bebidas";"Não foi localizada evidência suficiente de bar/resenha ou festas abertas ao público. Categoria/nome sugerem alimentação, comércio ou eventos sob contratação; não é exclusão definitiva.";"Triagem conservadora do cadastro";"Não verificado";"Não confirmada diretamente nesta pesquisa";"Reavaliar se houver prova de bar ou programação pública de festas.";"2026-10-05";"https://www.locaisdobrasil.com.br/encontre/fornecedor-de-bebidas/santo-andre-sp/easy-chopp-kremer-abc/65839eee3a21846904469179";"Ficha correspondente (HTTP 200): https://www.locaisdobrasil.com.br/encontre/fornecedor-de-bebidas/santo-andre-sp/easy-chopp-kremer-abc/65839eee3a21846904469179 | Sem ficha correspondente (HTTP 200): https://restaurantguru.com.br/Easy-Chopp-Kremer-ABC-Santo-Andre"
"Espaço Bere.";"bares";"R. Tremembé, 288 - Vila Vivaldi, São Bernardo do Campo - SP, 09617-070";"São Bernardo do Campo";"0.81";"Não localizado";"-23.666541499999997";"-46.5597038";"fonte secundária; funcionamento atual não confirmado";"";"https://www.locaisdobrasil.com.br/encontre/bares/sao-bernardo-do-campo-sp/espaco-bere/660cee13a3f2688d6da683a0";"Priorizar — perfil corroborado";"1";"Não";"Bar para conversa e bebidas";"Ficha no endereço correspondente apresenta bebidas/petiscos no contexto de bar. Perfil compatível inferido; público universitário e preço acessível não comprovados.";"Perfil descrito em ficha/avaliações secundárias; operação pendente";"Não verificado";"Não confirmada diretamente nesta pesquisa";"Confirmar operação/horários diretamente; conferir endereço, fotos e acesso antes de cadastrar.";"2026-10-05";"https://restaurantguru.com.br/Espaco-Bere-Sao-Bernardo-do-Campo";"Ficha correspondente (HTTP 200): https://www.locaisdobrasil.com.br/encontre/bares/sao-bernardo-do-campo-sp/espaco-bere/660cee13a3f2688d6da683a0 | Ficha correspondente (HTTP 200): https://restaurantguru.com.br/Espaco-Bere-Sao-Bernardo-do-Campo"
"Bar do Branco";"bares";"R. Adolfo Laves, 333 - Vila Valparaiso, Santo André - SP, 09060-390";"Santo André";"0.826";"dom: 09:00–17:00; ter, qua, qui, sex: 11:00–21:00; sáb: 11:00–19:00";"-23.6639037";"-46.5463599";"fonte secundária; funcionamento atual não confirmado";"";"https://www.locaisdobrasil.com.br/encontre/bares/santo-andre-sp/bar-do-branco/660d1aeaa3f2688d6da690fb";"Potencial — confirmar perfil/operação";"2";"Não";"Possível bar para resenha";"Categoria/nome sugerem bar, mas faltou informação específica e confiável sobre consumo no local, ambiente, proposta ou operação atual.";"Ficha correspondente sem detalhes de perfil suficientes";"Não verificado";"Não confirmada diretamente nesta pesquisa";"Confirmar proposta, operação, acesso e endereço em canal da própria casa.";"2026-10-05";"https://www.locaisdobrasil.com.br/encontre/bares/santo-andre-sp/bar-do-branco/660d1aeaa3f2688d6da690fb | https://restaurantguru.com.br/Bar-do-Branco-Santo-Andre";"Ficha correspondente (HTTP 200): https://www.locaisdobrasil.com.br/encontre/bares/santo-andre-sp/bar-do-branco/660d1aeaa3f2688d6da690fb | Ficha correspondente (HTTP 200): https://restaurantguru.com.br/Bar-do-Branco-Santo-Andre"
"Virtus Beer Bar e Restaurante";"bares";"R. Adolfo Laves, 327 - Vila Valparaiso, Santo André - SP, 09060-390";"Santo André";"0.833";"seg, ter: 11:00–14:00; qua: 11:00–14:30; qui: 11:00–20:00; sex: 11:00–21:00; sáb: 11:00–22:00";"-23.663925799999998";"-46.546301299999996";"fonte secundária; funcionamento atual não confirmado";"";"https://www.locaisdobrasil.com.br/encontre/bares/santo-andre-sp/virtus-beer-bar-e-restaurante/636e4cbfb46ef06da8426256";"Já publicado";"0";"Sim";"Bar/adega para encontro";"Local já selecionado no catálogo; fontes da publicação preservadas. Publicado não significa operação confirmada hoje.";"Catálogo atual e respectivas fontes";"Não verificado";"Não confirmada diretamente nesta pesquisa";"Manter revisão manual de horários e operação.";"2026-10-05";"https://www.locaisdobrasil.com.br/encontre/bares/santo-andre-sp/virtus-beer-bar-e-restaurante/636e4cbfb46ef06da8426256 | https://restaurantguru.com.br/Virtus-Beer-Bar-e-Restaurante-Santo-Andre";"Ficha correspondente (HTTP 200): https://www.locaisdobrasil.com.br/encontre/bares/santo-andre-sp/virtus-beer-bar-e-restaurante/636e4cbfb46ef06da8426256 | Ficha correspondente (HTTP 200): https://restaurantguru.com.br/Virtus-Beer-Bar-e-Restaurante-Santo-Andre"
"Bar Restaurante Sergipe";"bares";"Av. Senador Vergueiro, 3378 - Anchieta, São Bernardo do Campo - SP, 09600-004";"São Bernardo do Campo";"0.853";"seg, ter, qua, qui, sex: 06:00–20:00; sáb: 06:00–21:00";"-23.665997299999997";"-46.5607605";"fonte secundária; funcionamento atual não confirmado";"";"https://www.locaisdobrasil.com.br/encontre/bares/sao-bernardo-do-campo-sp/bar-restaurante-sergipe/660c51f4d622f2b54116a29c";"Potencial — confirmar perfil/operação";"2";"Não";"Possível bar para resenha";"Categoria/nome sugerem bar, mas faltou informação específica e confiável sobre consumo no local, ambiente, proposta ou operação atual.";"Triagem pelo cadastro; sem corroboração específica";"Não verificado";"Não confirmada diretamente nesta pesquisa";"Confirmar proposta, operação, acesso e endereço em canal da própria casa.";"2026-10-05";"https://www.locaisdobrasil.com.br/encontre/bares/sao-bernardo-do-campo-sp/bar-restaurante-sergipe/660c51f4d622f2b54116a29c";"Ficha correspondente (HTTP 200): https://www.locaisdobrasil.com.br/encontre/bares/sao-bernardo-do-campo-sp/bar-restaurante-sergipe/660c51f4d622f2b54116a29c | Sem ficha correspondente (HTTP 404): https://restaurantguru.com.br/bar-restaurante-sergipe-sao-bernardo-do-campo"
"Adega Atlântica";"fornecedor-de-bebidas";"Av. Atlântica, 983 - Vila Valparaiso, Santo André - SP, 09060-001";"Santo André";"0.868";"dom: 10:00–19:00; seg, ter, qua, qui: 10:00–21:30; sex, sáb: 10:00–00:00";"-23.668729799999998";"-46.5509543";"fonte secundária; funcionamento atual não confirmado";"Categoria ampla: inclui distribuidor, depósito e água; confirmar se é adega.";"https://www.locaisdobrasil.com.br/encontre/fornecedor-de-bebidas/santo-andre-sp/adega-atlantica/6583b0b83a21846904469938";"Pendente — consumo no local";"3";"Não";"Adega/varejo; consumo no local não confirmado";"Tripadvisor lista Wine Bar na Av. Atlântica 983, mas sem avaliações; cadastro empresarial descreve varejo. Falta comprovar ambiente para permanecer com amigos.";"Revisão complementar das fontes indicadas";"Não verificado";"Não confirmada diretamente nesta pesquisa";"Confirmar mesas/permanência e consumo no local; não inserir somente por vender bebidas.";"2026-10-05";"https://www.tripadvisor.com/Restaurant_Review-g303624-d27390112-Reviews-Adega_Atlantica-Santo_Andre_State_of_Sao_Paulo.html | https://cnpj.biz/38301337000101";"Ficha correspondente (HTTP 200): https://www.locaisdobrasil.com.br/encontre/fornecedor-de-bebidas/santo-andre-sp/adega-atlantica/6583b0b83a21846904469938 | Sem ficha correspondente (HTTP 404): https://restaurantguru.com.br/adega-atlantica-santo-andre"
"Buteko''s Bar Restaurante";"bares";"Av. Winston Churchill, 1533 - Rudge Ramos, São Bernardo do Campo - SP, 09614-000";"São Bernardo do Campo";"0.873";"seg, qua, qui, sáb: 11:00–15:00; ter: 11:00–20:00; sex: 11:00–21:30";"-23.6692704";"-46.5547314";"fonte secundária; funcionamento atual não confirmado";"";"https://www.locaisdobrasil.com.br/encontre/bares/sao-bernardo-do-campo-sp/butekos-bar-restaurante/660cee24a3f2688d6da683a5";"Potencial — confirmar perfil/operação";"2";"Não";"Possível bar para resenha";"Categoria/nome sugerem bar, mas faltou informação específica e confiável sobre consumo no local, ambiente, proposta ou operação atual.";"Triagem pelo cadastro; sem corroboração específica";"Não verificado";"Não confirmada diretamente nesta pesquisa";"Confirmar proposta, operação, acesso e endereço em canal da própria casa.";"2026-10-05";"https://www.locaisdobrasil.com.br/encontre/bares/sao-bernardo-do-campo-sp/butekos-bar-restaurante/660cee24a3f2688d6da683a5";"Ficha correspondente (HTTP 200): https://www.locaisdobrasil.com.br/encontre/bares/sao-bernardo-do-campo-sp/butekos-bar-restaurante/660cee24a3f2688d6da683a5 | Sem ficha correspondente (HTTP 404): https://restaurantguru.com.br/buteko-s-bar-restaurante-sao-bernardo-do-campo"
"Luiz Bar";"bares";"Rua Tietê, 1449 - Rudge Ramos, São Bernardo do Campo - SP, 09616-080";"São Bernardo do Campo";"0.886";"dom: 08:00–15:00; seg, ter, qua, qui, sex, sáb: 08:00–20:00";"-23.6583516";"-46.562031499999996";"fonte secundária; funcionamento atual não confirmado";"";"https://www.locaisdobrasil.com.br/encontre/bares/sao-bernardo-do-campo-sp/luiz-bar/660cee19a3f2688d6da683a2";"Potencial — confirmar perfil/operação";"2";"Não";"Possível bar para resenha";"Categoria/nome sugerem bar, mas faltou informação específica e confiável sobre consumo no local, ambiente, proposta ou operação atual.";"Triagem pelo cadastro; sem corroboração específica";"Não verificado";"Não confirmada diretamente nesta pesquisa";"Confirmar proposta, operação, acesso e endereço em canal da própria casa.";"2026-10-05";"https://www.locaisdobrasil.com.br/encontre/bares/sao-bernardo-do-campo-sp/luiz-bar/660cee19a3f2688d6da683a2";"Ficha correspondente (HTTP 200): https://www.locaisdobrasil.com.br/encontre/bares/sao-bernardo-do-campo-sp/luiz-bar/660cee19a3f2688d6da683a2 | Sem ficha correspondente (HTTP 200): https://restaurantguru.com.br/Luiz-Bar-Sao-Bernardo-do-Campo"
"Casa Do Chopp";"fornecedor-de-bebidas";"Av. Senador Vergueiro, 3423 - Anchieta, São Bernardo do Campo - SP, 09601-000";"São Bernardo do Campo";"0.896";"seg, ter, qua, qui, sex: 10:00–18:00; sáb: 10:00–16:00";"-23.665609";"-46.561550999999994";"fonte secundária; funcionamento atual não confirmado";"Categoria ampla: inclui distribuidor, depósito e água; confirmar se é adega.";"https://www.locaisdobrasil.com.br/encontre/fornecedor-de-bebidas/sao-bernardo-do-campo-sp/casa-do-chopp/65839ee83a21846904469178";"Baixa prioridade — sem evidência de rolê";"4";"Não";"Comércio/distribuição de bebidas";"Não foi localizada evidência suficiente de bar/resenha ou festas abertas ao público. Categoria/nome sugerem alimentação, comércio ou eventos sob contratação; não é exclusão definitiva.";"Triagem conservadora do cadastro";"Não verificado";"Não confirmada diretamente nesta pesquisa";"Reavaliar se houver prova de bar ou programação pública de festas.";"2026-10-05";"https://www.locaisdobrasil.com.br/encontre/fornecedor-de-bebidas/sao-bernardo-do-campo-sp/casa-do-chopp/65839ee83a21846904469178";"Ficha correspondente (HTTP 200): https://www.locaisdobrasil.com.br/encontre/fornecedor-de-bebidas/sao-bernardo-do-campo-sp/casa-do-chopp/65839ee83a21846904469178 | Sem ficha correspondente (HTTP 200): https://restaurantguru.com.br/Casa-Do-Chopp-Sao-Bernardo-do-Campo"
"Vila Monte Verde";"casa-noturna";"avenida dos jatobás, 95 - Vila Franca, Santo André - SP, 09060-330";"Santo André";"0.967";"Não localizado";"-23.6619311";"-46.5445426";"fonte secundária; funcionamento atual não confirmado";"Categoria do diretório não garante balada; confirmar tipo de atividade.";"https://www.locaisdobrasil.com.br/encontre/casa-noturna/santo-andre-sp/vila-monte-verde/6467766d6f16b70535a603f4";"Pendente — perfil não esclarecido";"3";"Não";"Casa noturna — tipo de acesso/perfil a confirmar";"Categoria de casa noturna é insuficiente para distinguir festas públicas, atendimento reservado ou cadastro incorreto; confirmar proposta e agenda.";"Categoria original apenas";"Não verificado";"Não confirmada diretamente nesta pesquisa";"Confirmar proposta, operação, acesso e endereço em canal da própria casa.";"2026-10-05";"https://www.locaisdobrasil.com.br/encontre/casa-noturna/santo-andre-sp/vila-monte-verde/6467766d6f16b70535a603f4";"Ficha correspondente (HTTP 200): https://www.locaisdobrasil.com.br/encontre/casa-noturna/santo-andre-sp/vila-monte-verde/6467766d6f16b70535a603f4 | Sem ficha correspondente (HTTP 200): https://restaurantguru.com.br/Vila-Monte-Verde-Santo-Andre"
"RESTAURANTE IMPERIO GRILL";"buffet";"Av. Senador Vergueiro, 3852 - Rudge Ramos, São Bernardo do Campo - SP, 09750-001";"São Bernardo do Campo";"0.996";"seg, ter, qua, qui, sex, sáb: 11:00–15:00";"-23.662657300000003";"-46.5637147";"fonte secundária; funcionamento atual não confirmado";"Confirmar espaço físico para festas; categoria pode incluir restaurante ou serviço de alimentação.";"https://www.locaisdobrasil.com.br/encontre/buffet/sao-bernardo-do-campo-sp/restaurante-imperio-grill/66dacba78f35afd7184146f7";"Baixa prioridade — sem evidência de rolê";"4";"Não";"Restaurante, buffet ou espaço de eventos";"Não foi localizada evidência suficiente de bar/resenha ou festas abertas ao público. Categoria/nome sugerem alimentação, comércio ou eventos sob contratação; não é exclusão definitiva.";"Triagem conservadora do cadastro";"Não verificado";"Não confirmada diretamente nesta pesquisa";"Reavaliar se houver prova de bar ou programação pública de festas.";"2026-10-05";"https://www.locaisdobrasil.com.br/encontre/buffet/sao-bernardo-do-campo-sp/restaurante-imperio-grill/66dacba78f35afd7184146f7";"Ficha correspondente (HTTP 200): https://www.locaisdobrasil.com.br/encontre/buffet/sao-bernardo-do-campo-sp/restaurante-imperio-grill/66dacba78f35afd7184146f7"
"Adega's Bar";"bares";"Av. Senador Vergueiro, 3100 - Rudge Ramos, São Bernardo do Campo - SP, 09600-004";"São Bernardo do Campo";"1.004";"dom: 10:00–14:00; seg, ter, qua, qui, sex: 08:00–15:00; sáb: 08:00–13:00";"-23.6684546";"-46.560241399999995";"fonte secundária; funcionamento atual não confirmado";"";"https://www.locaisdobrasil.com.br/encontre/bares/sao-bernardo-do-campo-sp/adegas-bar/634f6557bd08cbb564415e75";"Potencial — confirmar perfil/operação";"2";"Não";"Possível bar para resenha";"Categoria/nome sugerem bar, mas faltou informação específica e confiável sobre consumo no local, ambiente, proposta ou operação atual.";"Triagem pelo cadastro; sem corroboração específica";"Não verificado";"Não confirmada diretamente nesta pesquisa";"Confirmar proposta, operação, acesso e endereço em canal da própria casa.";"2026-10-05";"https://www.locaisdobrasil.com.br/encontre/bares/sao-bernardo-do-campo-sp/adegas-bar/634f6557bd08cbb564415e75";"Ficha correspondente (HTTP 200): https://www.locaisdobrasil.com.br/encontre/bares/sao-bernardo-do-campo-sp/adegas-bar/634f6557bd08cbb564415e75 | Sem ficha correspondente (HTTP 404): https://restaurantguru.com.br/adega-s-bar-sao-bernardo-do-campo"
"CasaVéia Bebidas e Espetos";"bares";"Av. Atlântica, 497 - Vila Valparaiso, Santo André - SP, 09060-000";"Santo André";"1.011";"dom: 13:00–19:00; ter: 17:00–23:00; qua, qui, sex: 17:00–00:00; sáb: 13:00–00:00";"-23.666943";"-46.5461111";"fonte secundária; funcionamento atual não confirmado";"";"https://www.locaisdobrasil.com.br/encontre/bares/santo-andre-sp/casaveia-bebidas-e-espetos/660ce897a3f2688d6da681fa";"Já publicado";"0";"Sim";"Bar/adega para encontro";"Local já selecionado no catálogo; fontes da publicação preservadas. Publicado não significa operação confirmada hoje.";"Catálogo atual e respectivas fontes";"Não verificado";"Não confirmada diretamente nesta pesquisa";"Manter revisão manual de horários e operação.";"2026-10-05";"https://www.locaisdobrasil.com.br/encontre/bares/santo-andre-sp/casaveia-bebidas-e-espetos/660ce897a3f2688d6da681fa | https://restaurantguru.com.br/CasaVeia-Bebidas-e-Espetos-Santo-Andre";"Ficha correspondente (HTTP 200): https://www.locaisdobrasil.com.br/encontre/bares/santo-andre-sp/casaveia-bebidas-e-espetos/660ce897a3f2688d6da681fa | Ficha correspondente (HTTP 200): https://restaurantguru.com.br/CasaVeia-Bebidas-e-Espetos-Santo-Andre"
"Dino - Bar e Restaurante";"bares";"Av. Senador Vergueiro, 3885 - Rudge Ramos, São Bernardo do Campo - SP, 09603-000";"São Bernardo do Campo";"1.037";"seg, ter, qua, qui, sex, sáb: 08:00–00:00";"-23.6626461";"-46.5641195";"fonte secundária; funcionamento atual não confirmado";"";"https://www.locaisdobrasil.com.br/encontre/bares/sao-bernardo-do-campo-sp/dino-bar-e-restaurante/660c4f8dd622f2b54116a1d2";"Potencial — confirmar perfil/operação";"2";"Não";"Possível bar para resenha";"Categoria/nome sugerem bar, mas faltou informação específica e confiável sobre consumo no local, ambiente, proposta ou operação atual.";"Triagem pelo cadastro; sem corroboração específica";"Não verificado";"Não confirmada diretamente nesta pesquisa";"Confirmar proposta, operação, acesso e endereço em canal da própria casa.";"2026-10-05";"https://www.locaisdobrasil.com.br/encontre/bares/sao-bernardo-do-campo-sp/dino-bar-e-restaurante/660c4f8dd622f2b54116a1d2";"Ficha correspondente (HTTP 200): https://www.locaisdobrasil.com.br/encontre/bares/sao-bernardo-do-campo-sp/dino-bar-e-restaurante/660c4f8dd622f2b54116a1d2 | Sem ficha correspondente (HTTP 404): https://restaurantguru.com.br/dino-bar-e-restaurante-sao-bernardo-do-campo"
"Rogério Bar e Lanchonete";"bares";"R. José Lins do Rego, 236-A - Vila Valparaiso, Santo André - SP, 09060-310";"Santo André";"1.076";"seg, ter, qua, qui, sex, sáb: 10:30–15:00";"-23.6643184";"-46.5439315";"fonte secundária; funcionamento atual não confirmado";"";"https://www.locaisdobrasil.com.br/encontre/bares/santo-andre-sp/rogerio-bar-e-lanchonete/660d1ba8a3f2688d6da69131";"Potencial — confirmar perfil/operação";"2";"Não";"Possível bar para resenha";"Categoria/nome sugerem bar, mas faltou informação específica e confiável sobre consumo no local, ambiente, proposta ou operação atual.";"Triagem pelo cadastro; sem corroboração específica";"Não verificado";"Não confirmada diretamente nesta pesquisa";"Confirmar proposta, operação, acesso e endereço em canal da própria casa.";"2026-10-05";"https://www.locaisdobrasil.com.br/encontre/bares/santo-andre-sp/rogerio-bar-e-lanchonete/660d1ba8a3f2688d6da69131";"Ficha correspondente (HTTP 200): https://www.locaisdobrasil.com.br/encontre/bares/santo-andre-sp/rogerio-bar-e-lanchonete/660d1ba8a3f2688d6da69131 | Sem ficha correspondente (HTTP 404): https://restaurantguru.com.br/rogerio-bar-e-lanchonete-santo-andre"
"Espaço Serena festas e eventos";"salao-de-festas";"R. Antônio Cubas - Vila Guiomar, Santo André - SP, 09090-440";"Santo André";"1.095";"dom, seg, ter, qua, qui, sex, sáb: 10:00–18:00";"-23.6572694";"-46.544286299999996";"fonte secundária; funcionamento atual não confirmado";"";"https://www.locaisdobrasil.com.br/encontre/salao-de-festas/santo-andre-sp/espaco-serena-festas-e-eventos/62a151476e1550eac4c740f6";"Baixa prioridade — sem evidência de rolê";"4";"Não";"Restaurante, buffet ou espaço de eventos";"Não foi localizada evidência suficiente de bar/resenha ou festas abertas ao público. Categoria/nome sugerem alimentação, comércio ou eventos sob contratação; não é exclusão definitiva.";"Triagem conservadora do cadastro";"Não verificado";"Não confirmada diretamente nesta pesquisa";"Reavaliar se houver prova de bar ou programação pública de festas.";"2026-10-05";"https://www.locaisdobrasil.com.br/encontre/salao-de-festas/santo-andre-sp/espaco-serena-festas-e-eventos/62a151476e1550eac4c740f6";"Ficha correspondente (HTTP 200): https://www.locaisdobrasil.com.br/encontre/salao-de-festas/santo-andre-sp/espaco-serena-festas-e-eventos/62a151476e1550eac4c740f6"
"Arena Texas";"casa-noturna";"Av. Senador Vergueiro, 4090 - Rudge Ramos, São Bernardo do Campo - SP, 09602-000";"São Bernardo do Campo";"1.153";"dom: 19:00–00:00; sex: 22:00–04:00; sáb: 23:00–04:00";"-23.660897799999997";"-46.565326899999995";"fonte secundária; funcionamento atual não confirmado";"Operação atual requer confirmação; há registros empresariais históricos conflitantes. Categoria do diretório não garante balada; confirmar tipo de atividade.";"https://www.locaisdobrasil.com.br/encontre/casa-noturna/sao-bernardo-do-campo-sp/arena-texas/6467678e6f16b70535a5f0be";"Pendente — fontes conflitantes";"3";"Não";"Casa de festas/sertanejo";"Perfil de festa corroborado, mas cadastro empresarial baixado e fichas com horários coexistem; agenda oficial e operação atuais precisam de confirmação.";"Revisão complementar das fontes indicadas";"Mencionado em fonte secundária; frequência real não verificada";"Não confirmada diretamente nesta pesquisa";"Confirmar proposta, operação, acesso e endereço em canal da própria casa.";"2026-10-05";"https://www.guiaabraselsp.com.br/arena-texas | https://www.econodata.com.br/consulta-empresa/24523812000180-arena-q-mix-producoes-shows-e-eventos-eireli-epp | https://www.waze.com/live-map/directions/arena-texas-av.-senador-vergueiro-4090-sao-bernardo-do-campo?to=place.w.205391387.2054110482.5474184";"Ficha correspondente (HTTP 200): https://www.locaisdobrasil.com.br/encontre/casa-noturna/sao-bernardo-do-campo-sp/arena-texas/6467678e6f16b70535a5f0be | Ficha correspondente (HTTP 200): https://restaurantguru.com.br/Arena-Texas-Sao-Bernardo-do-Campo"
"Espaço La Fiesta";"salao-de-festas";"Rua Dr. Fausto Ribeiro de Carvalho, 122 - Jardim Orlandina, São Bernardo do Campo - SP, 09632-030";"São Bernardo do Campo";"1.228";"dom, seg, ter, qua, qui, sex, sáb: 08:00–00:00";"-23.6559933";"-46.564498699999994";"fonte secundária; funcionamento atual não confirmado";"";"https://www.locaisdobrasil.com.br/encontre/salao-de-festas/sao-bernardo-do-campo-sp/espaco-la-fiesta/6286e42a911b8129b7e80de9";"Baixa prioridade — sem evidência de rolê";"4";"Não";"Restaurante, buffet ou espaço de eventos";"Não foi localizada evidência suficiente de bar/resenha ou festas abertas ao público. Categoria/nome sugerem alimentação, comércio ou eventos sob contratação; não é exclusão definitiva.";"Triagem conservadora do cadastro";"Não verificado";"Não confirmada diretamente nesta pesquisa";"Reavaliar se houver prova de bar ou programação pública de festas.";"2026-10-05";"https://www.locaisdobrasil.com.br/encontre/salao-de-festas/sao-bernardo-do-campo-sp/espaco-la-fiesta/6286e42a911b8129b7e80de9";"Ficha correspondente (HTTP 200): https://www.locaisdobrasil.com.br/encontre/salao-de-festas/sao-bernardo-do-campo-sp/espaco-la-fiesta/6286e42a911b8129b7e80de9"
"Espaço Vip";"salao-de-festas";"Av. Bom Pastor, 461 - Jardim Bom Pastor, Santo André - SP, 09051-300";"Santo André";"1.325";"dom, seg, ter, qua, qui, sex, sáb: 10:00–23:00";"-23.6733077";"-46.5527695";"fonte secundária; funcionamento atual não confirmado";"";"https://www.locaisdobrasil.com.br/encontre/salao-de-festas/santo-andre-sp/espaco-vip/62a151516e1550eac4c740ff";"Baixa prioridade — sem evidência de rolê";"4";"Não";"Restaurante, buffet ou espaço de eventos";"Não foi localizada evidência suficiente de bar/resenha ou festas abertas ao público. Categoria/nome sugerem alimentação, comércio ou eventos sob contratação; não é exclusão definitiva.";"Triagem conservadora do cadastro";"Não verificado";"Não confirmada diretamente nesta pesquisa";"Reavaliar se houver prova de bar ou programação pública de festas.";"2026-10-05";"https://www.locaisdobrasil.com.br/encontre/salao-de-festas/santo-andre-sp/espaco-vip/62a151516e1550eac4c740ff";"Ficha correspondente (HTTP 200): https://www.locaisdobrasil.com.br/encontre/salao-de-festas/santo-andre-sp/espaco-vip/62a151516e1550eac4c740ff"
"Menezes Distribuida De Bebidas";"fornecedor-de-bebidas";"R. Paula Souza, 217 - Vila Guiomar, Santo André - SP, 09090-620";"Santo André";"1.333";"Não localizado";"-23.657227499999998";"-46.5417716";"fonte secundária; funcionamento atual não confirmado";"Categoria ampla: inclui distribuidor, depósito e água; confirmar se é adega.";"https://www.locaisdobrasil.com.br/encontre/fornecedor-de-bebidas/santo-andre-sp/menezes-distribuida-de-bebidas/653ba8165134829987a0012e";"Pendente — consumo no local";"3";"Não";"Adega/bebidas — permanência não confirmada";"Venda/preparo de bebidas não comprova mesas, consumo no local ou ambiente de resenha; verificar antes de incluir.";"Categoria/nome do levantamento";"Não verificado";"Não confirmada diretamente nesta pesquisa";"Confirmar mesas/permanência e consumo no local; não inserir somente por vender bebidas.";"2026-10-05";"https://www.locaisdobrasil.com.br/encontre/fornecedor-de-bebidas/santo-andre-sp/menezes-distribuida-de-bebidas/653ba8165134829987a0012e";"Ficha correspondente (HTTP 200): https://www.locaisdobrasil.com.br/encontre/fornecedor-de-bebidas/santo-andre-sp/menezes-distribuida-de-bebidas/653ba8165134829987a0012e | Sem ficha correspondente (HTTP 404): https://restaurantguru.com.br/menezes-distribuida-de-bebidas-santo-andre"
"Adega do trevo";"fornecedor-de-bebidas";"Av. Gago Coutinho - Santa Maria, Santo André - SP, 09070-000";"Santo André";"1.35";"dom: 12:30–18:30; qua, qui: 15:30–21:00; sex: 15:00–00:30; sáb: 12:30–01:00";"-23.649385499999998";"-46.555506699999995";"fonte secundária; funcionamento atual não confirmado";"Categoria ampla: inclui distribuidor, depósito e água; confirmar se é adega.";"https://www.locaisdobrasil.com.br/encontre/fornecedor-de-bebidas/santo-andre-sp/adega-do-trevo/653ba8235134829987a0013d";"Pendente — consumo no local";"3";"Não";"Venda de bebidas e produtos para confraternização";"Descrição informa venda de bebidas, gelo, carvão e produtos de narguilé; não comprova mesas nem consumo no local.";"Revisão complementar das fontes indicadas";"Não verificado";"Não confirmada diretamente nesta pesquisa";"Confirmar mesas/permanência e consumo no local; não inserir somente por vender bebidas.";"2026-10-05";"https://www.locaisdobrasil.com.br/endereco/avenida-gago-coutinho/santo-andre-sp";"Ficha correspondente (HTTP 200): https://www.locaisdobrasil.com.br/encontre/fornecedor-de-bebidas/santo-andre-sp/adega-do-trevo/653ba8235134829987a0013d | Sem ficha correspondente (HTTP 404): https://restaurantguru.com.br/adega-do-trevo-santo-andre"
"Capuchinhos, 181";"casa-noturna";"R. dos Capuchinhos, 188 - Vila Alpina, Santo André - SP, 09090-640";"Santo André";"1.39";"dom, ter, qua, qui, sex, sáb: 20:30–22:30";"-23.657300799999998";"-46.541151";"fonte secundária; funcionamento atual não confirmado";"Categoria do diretório não garante balada; confirmar tipo de atividade.";"https://www.locaisdobrasil.com.br/encontre/casa-noturna/santo-andre-sp/capuchinhos-181/647a6c78424b1ac500a7b4e7";"Pendente — perfil não esclarecido";"3";"Não";"Casa noturna — tipo de acesso/perfil a confirmar";"Categoria de casa noturna é insuficiente para distinguir festas públicas, atendimento reservado ou cadastro incorreto; confirmar proposta e agenda.";"Categoria original apenas";"Não verificado";"Não confirmada diretamente nesta pesquisa";"Confirmar proposta, operação, acesso e endereço em canal da própria casa.";"2026-10-05";"https://www.locaisdobrasil.com.br/encontre/casa-noturna/santo-andre-sp/capuchinhos-181/647a6c78424b1ac500a7b4e7";"Ficha correspondente (HTTP 200): https://www.locaisdobrasil.com.br/encontre/casa-noturna/santo-andre-sp/capuchinhos-181/647a6c78424b1ac500a7b4e7 | Sem ficha correspondente (HTTP 404): https://restaurantguru.com.br/capuchinhos-181-santo-andre"
"Esquina Bar & Lanches";"bares";"Rua Edu Chaves, 265 - Vila Bastos, Santo André - SP, 09041-020";"Santo André";"1.436";"dom: 10:00–22:00; seg, ter, qua, qui, sex: 10:00–01:00; sáb: 10:00–02:00";"-23.6625366";"-46.53997520000001";"fonte secundária; funcionamento atual não confirmado";"";"https://www.locaisdobrasil.com.br/encontre/bares/santo-andre-sp/esquina-bar-lanches/660d186ca3f2688d6da69042";"Potencial — confirmar perfil/operação";"2";"Não";"Possível bar para resenha";"Categoria/nome sugerem bar, mas faltou informação específica e confiável sobre consumo no local, ambiente, proposta ou operação atual.";"Triagem pelo cadastro; sem corroboração específica";"Não verificado";"Não confirmada diretamente nesta pesquisa";"Confirmar proposta, operação, acesso e endereço em canal da própria casa.";"2026-10-05";"https://www.locaisdobrasil.com.br/encontre/bares/santo-andre-sp/esquina-bar-lanches/660d186ca3f2688d6da69042";"Ficha correspondente (HTTP 200): https://www.locaisdobrasil.com.br/encontre/bares/santo-andre-sp/esquina-bar-lanches/660d186ca3f2688d6da69042 | Sem ficha correspondente (HTTP 404): https://restaurantguru.com.br/esquina-bar-lanches-santo-andre"
"Restaurante Big Jungle";"bares";"R. Ibiacema, 107 - Vila Floresta, Santo André - SP, 09051-560";"Santo André";"1.452";"dom: 07:00–14:00; seg, ter, qua, qui, sex: 06:00–20:00; sáb: 06:00–19:00";"-23.673500999999998";"-46.5485219";"fonte secundária; funcionamento atual não confirmado";"";"https://www.locaisdobrasil.com.br/encontre/bares/santo-andre-sp/restaurante-big-jungle/660d1873a3f2688d6da69044";"Potencial — confirmar perfil/operação";"2";"Não";"Possível bar para resenha";"Categoria/nome sugerem bar, mas faltou informação específica e confiável sobre consumo no local, ambiente, proposta ou operação atual.";"Triagem pelo cadastro; sem corroboração específica";"Não verificado";"Não confirmada diretamente nesta pesquisa";"Confirmar proposta, operação, acesso e endereço em canal da própria casa.";"2026-10-05";"https://www.locaisdobrasil.com.br/encontre/bares/santo-andre-sp/restaurante-big-jungle/660d1873a3f2688d6da69044";"Ficha correspondente (HTTP 200): https://www.locaisdobrasil.com.br/encontre/bares/santo-andre-sp/restaurante-big-jungle/660d1873a3f2688d6da69044 | Sem ficha correspondente (HTTP 404): https://restaurantguru.com.br/restaurante-big-jungle-santo-andre"
"Bar do Carlinhos";"bares";"R. Estér, 437 - Vila Alpina, Santo André - SP, 09090-290";"Santo André";"1.476";"dom: 08:45–16:45; seg, ter, qua, qui, sex, sáb: 11:30–01:30";"-23.6531134";"-46.5427378";"fonte secundária; funcionamento atual não confirmado";"";"https://www.locaisdobrasil.com.br/encontre/bares/santo-andre-sp/bar-do-carlinhos/636e4645b46ef06da8425cc6";"Já publicado";"0";"Sim";"Bar/adega para encontro";"Local já selecionado no catálogo; fontes da publicação preservadas. Publicado não significa operação confirmada hoje.";"Catálogo atual e respectivas fontes";"Não verificado";"Não confirmada diretamente nesta pesquisa";"Manter revisão manual de horários e operação.";"2026-10-05";"https://www.locaisdobrasil.com.br/encontre/bares/santo-andre-sp/bar-do-carlinhos/636e4645b46ef06da8425cc6 | https://restaurantguru.com.br/Bar-do-Carlinhos-Santo-Andre";"Ficha correspondente (HTTP 200): https://www.locaisdobrasil.com.br/encontre/bares/santo-andre-sp/bar-do-carlinhos/636e4645b46ef06da8425cc6 | Ficha correspondente (HTTP 200): https://restaurantguru.com.br/Bar-do-Carlinhos-Santo-Andre"
"Cachaça Oryx";"bares";"R. Felício Pedroso, 216 - Jardim Bom Pastor, Santo André - SP, 09051-330";"Santo André";"1.488";"sex, sáb: 17:30–00:00";"-23.6747257";"-46.5521646";"fonte secundária; funcionamento atual não confirmado";"";"https://www.locaisdobrasil.com.br/encontre/bares/santo-andre-sp/cachaca-oryx/636e4cb5b46ef06da842624d";"Potencial — confirmar perfil/operação";"2";"Não";"Possível bar para resenha";"Categoria/nome sugerem bar, mas faltou informação específica e confiável sobre consumo no local, ambiente, proposta ou operação atual.";"Ficha correspondente sem detalhes de perfil suficientes";"Não verificado";"Não confirmada diretamente nesta pesquisa";"Confirmar proposta, operação, acesso e endereço em canal da própria casa.";"2026-10-05";"https://www.locaisdobrasil.com.br/encontre/bares/santo-andre-sp/cachaca-oryx/636e4cb5b46ef06da842624d | https://restaurantguru.com.br/Cachaca-Oryx-Santo-Andre";"Ficha correspondente (HTTP 200): https://www.locaisdobrasil.com.br/encontre/bares/santo-andre-sp/cachaca-oryx/636e4cb5b46ef06da842624d | Ficha correspondente (HTTP 200): https://restaurantguru.com.br/Cachaca-Oryx-Santo-Andre"
"Praça Itália Restaurante e Lanchonete Ltda. ME.";"bares";"Praça Itália, 79 - Vila Caminho do Mar, São Bernardo do Campo - SP, 09619-140";"São Bernardo do Campo";"1.498";"dom: 12:00–18:00; ter: 17:00–23:00; qua, qui: 12:00–23:00; sex: 12:00–23:30; sáb: 12:00–19:00";"-23.6654892";"-46.5680542";"fonte secundária; funcionamento atual não confirmado";"";"https://www.locaisdobrasil.com.br/encontre/bares/sao-bernardo-do-campo-sp/praca-italia-restaurante-e-lanchonete-ltda-me/660be76dd622f2b541167fa9";"Potencial — confirmar perfil/operação";"2";"Não";"Possível bar para resenha";"Categoria/nome sugerem bar, mas faltou informação específica e confiável sobre consumo no local, ambiente, proposta ou operação atual.";"Triagem pelo cadastro; sem corroboração específica";"Não verificado";"Não confirmada diretamente nesta pesquisa";"Confirmar proposta, operação, acesso e endereço em canal da própria casa.";"2026-10-05";"https://www.locaisdobrasil.com.br/encontre/bares/sao-bernardo-do-campo-sp/praca-italia-restaurante-e-lanchonete-ltda-me/660be76dd622f2b541167fa9";"Ficha correspondente (HTTP 200): https://www.locaisdobrasil.com.br/encontre/bares/sao-bernardo-do-campo-sp/praca-italia-restaurante-e-lanchonete-ltda-me/660be76dd622f2b541167fa9 | Sem ficha correspondente (HTTP 404): https://restaurantguru.com.br/praca-italia-restaurante-e-lanchonete-ltda-me-sao-bernardo-do-campo"
"Buffet Planet Story";"buffet";"R. Andarai, 648 - Vila Floresta, Santo André - SP, 09050-000";"Santo André";"1.515";"ter, sex, sáb: 09:00–18:00";"-23.6722832";"-46.5450058";"fonte secundária; funcionamento atual não confirmado";"Confirmar espaço físico para festas; categoria pode incluir restaurante ou serviço de alimentação.";"https://www.locaisdobrasil.com.br/encontre/buffet/santo-andre-sp/buffet-planet-story/66dba2cf58c8e2634b9939a7";"Fora do foco atual";"5";"Não";"Buffet infantil";"Ficha na Rua Andarai 648 descreve buffet infantil; fora da seleção de rolê universitário e bar entre amigos.";"Revisão complementar das fontes indicadas";"Não verificado";"Não confirmada diretamente nesta pesquisa";"Manter no histórico; não incluir no catálogo atual.";"2026-10-05";"https://portalepique.com.br/sp/buffet-infantil-no-abc/santo-andre/buffet-planet-story.html | https://clickbuffets.com.br/tag/buffet-em-santo-andre/";"Ficha correspondente (HTTP 200): https://www.locaisdobrasil.com.br/encontre/buffet/santo-andre-sp/buffet-planet-story/66dba2cf58c8e2634b9939a7"
"Buffet Espaço Zani";"buffet";"R. Andarai, 564 - Vila Scarpelli, Santo André - SP, 09050-000";"Santo André";"1.544";"seg, ter, qua, qui, sex: 09:00–18:00; sáb: 10:00–14:00";"-23.6720667";"-46.5442449";"fonte secundária; funcionamento atual não confirmado";"Confirmar espaço físico para festas; categoria pode incluir restaurante ou serviço de alimentação.";"https://www.locaisdobrasil.com.br/encontre/buffet/santo-andre-sp/buffet-espaco-zani/66dba2cb58c8e2634b9939a3";"Baixa prioridade — sem evidência de rolê";"4";"Não";"Restaurante, buffet ou espaço de eventos";"Não foi localizada evidência suficiente de bar/resenha ou festas abertas ao público. Categoria/nome sugerem alimentação, comércio ou eventos sob contratação; não é exclusão definitiva.";"Triagem conservadora do cadastro";"Não verificado";"Não confirmada diretamente nesta pesquisa";"Reavaliar se houver prova de bar ou programação pública de festas.";"2026-10-05";"https://www.locaisdobrasil.com.br/encontre/buffet/santo-andre-sp/buffet-espaco-zani/66dba2cb58c8e2634b9939a3";"Ficha correspondente (HTTP 200): https://www.locaisdobrasil.com.br/encontre/buffet/santo-andre-sp/buffet-espaco-zani/66dba2cb58c8e2634b9939a3"
"Adega Tonel do Rudge";"adega";"Rua Afonsina, 316 - Rudge Ramos, São Bernardo do Campo - SP, 09633-000";"São Bernardo do Campo";"1.559";"Ter–sex 08:45–18:30; sáb 08:00–18:00; dom e seg fechado.";"-23.654495";"-46.5673108";"Endereço e horários oficiais; coordenadas Restaurant Guru. Diretórios antigos divergem sobre domingo.";"";"https://www.adegatonel.com.br/";"Fora do foco atual";"5";"Não";"Loja de vinhos/bebidas";"Excluída do perfil de rolê por orientação expressa do usuário; foco em compra de vinho.";"Revisão complementar das fontes indicadas";"Não verificado";"Não confirmada diretamente nesta pesquisa";"Manter no histórico; não incluir no catálogo atual.";"2026-10-05";"https://toneldorudge.com.br/";"Sem ficha correspondente (HTTP 000): https://www.adegatonel.com.br/ | Ficha correspondente (HTTP 200): https://restaurantguru.com.br/Adega-Tonel-do-Rudge-Sao-Bernardo-do-Campo"
"Frampe Bar";"bares";"Av. Min. Osvaldo Aranha, 302 - Rudge Ramos, São Bernardo do Campo - SP, 09626-000";"São Bernardo do Campo";"1.584";"dom: 08:00–17:00; seg, ter, qua, qui, sex: 06:00–22:00; sáb: 07:00–22:00";"-23.658877699999998";"-46.5693208";"fonte secundária; funcionamento atual não confirmado";"";"https://www.locaisdobrasil.com.br/encontre/bares/sao-bernardo-do-campo-sp/frampe-bar/66c7a83cf99178ff5747437d";"Já publicado";"0";"Sim";"Bar/adega para encontro";"Local já selecionado no catálogo; fontes da publicação preservadas. Publicado não significa operação confirmada hoje.";"Catálogo atual e respectivas fontes";"Não verificado";"Não confirmada diretamente nesta pesquisa";"Manter revisão manual de horários e operação.";"2026-10-05";"https://www.locaisdobrasil.com.br/encontre/bares/sao-bernardo-do-campo-sp/frampe-bar/66c7a83cf99178ff5747437d | https://restaurantguru.com.br/Frampe-Bar-Sao-Bernardo-do-Campo";"Ficha correspondente (HTTP 200): https://www.locaisdobrasil.com.br/encontre/bares/sao-bernardo-do-campo-sp/frampe-bar/66c7a83cf99178ff5747437d | Ficha correspondente (HTTP 200): https://restaurantguru.com.br/Frampe-Bar-Sao-Bernardo-do-Campo"
"Bar do Gerson";"bares";"R. Santarém, 238 - Vila Floresta, Santo André - SP, 09051-510";"Santo André";"1.585";"dom, seg, qui: 13:00–21:00; ter, qua, sáb: 12:00–21:00; sex: 12:00–23:00";"-23.675175";"-46.5498039";"fonte secundária; funcionamento atual não confirmado";"";"https://www.locaisdobrasil.com.br/encontre/bares/santo-andre-sp/bar-do-gerson/636e4d03b46ef06da8426290";"Não incluir — indicação de fechamento";"6";"Não";"Operação com indicação de encerramento";"Ficha correspondente ao endereço sinaliza encerramento permanente; horários antigos não comprovam abertura.";"Ficha secundária correspondente";"Não verificado";"Não confirmada diretamente nesta pesquisa";"Não publicar; reavaliar somente com prova de reabertura.";"2026-10-05";"https://restaurantguru.com.br/Bar-do-Gerson-Santo-Andre";"Ficha correspondente (HTTP 200): https://www.locaisdobrasil.com.br/encontre/bares/santo-andre-sp/bar-do-gerson/636e4d03b46ef06da8426290 | Ficha correspondente (HTTP 200): https://restaurantguru.com.br/Bar-do-Gerson-Santo-Andre"
"Bar do Jânio";"bares";"R. Santarém, 238 - Vila Floresta, Santo André - SP, 09051-519";"Santo André";"1.588";"Não localizado";"-23.6751951";"-46.54978870000001";"fonte secundária; funcionamento atual não confirmado";"";"https://www.locaisdobrasil.com.br/encontre/bares/santo-andre-sp/bar-do-janio/660d1b88a3f2688d6da69128";"Priorizar — perfil corroborado";"1";"Não";"Bar para conversa e bebidas";"Ficha no endereço correspondente apresenta bebidas/petiscos no contexto de bar. Perfil compatível inferido; público universitário e preço acessível não comprovados.";"Perfil descrito em ficha/avaliações secundárias; operação pendente";"Não verificado";"Não confirmada diretamente nesta pesquisa";"Confirmar operação/horários diretamente; conferir endereço, fotos e acesso antes de cadastrar.";"2026-10-05";"https://restaurantguru.com.br/Bar-do-Janio-Santo-Andre";"Ficha correspondente (HTTP 200): https://www.locaisdobrasil.com.br/encontre/bares/santo-andre-sp/bar-do-janio/660d1b88a3f2688d6da69128 | Ficha correspondente (HTTP 200): https://restaurantguru.com.br/Bar-do-Janio-Santo-Andre"
"Bar da Dalva";"bares";"R. das Goiabeiras, 802 - Jardim, Santo André - SP, 09090-060";"Santo André";"1.595";"dom: 10:00–14:00; seg, ter, qua, qui, sex: 11:00–22:00; sáb: 10:00–22:00";"-23.650334299999997";"-46.544121499999996";"fonte secundária; funcionamento atual não confirmado";"";"https://www.locaisdobrasil.com.br/encontre/bares/santo-andre-sp/bar-da-dalva/660c51d2d622f2b54116a291";"Priorizar — perfil corroborado";"1";"Não";"Bar para conversa e bebidas";"Ficha no endereço correspondente apresenta bebidas/petiscos no contexto de bar. Perfil compatível inferido; público universitário e preço acessível não comprovados.";"Perfil descrito em ficha/avaliações secundárias; operação pendente";"Não verificado";"Não confirmada diretamente nesta pesquisa";"Confirmar operação/horários diretamente; conferir endereço, fotos e acesso antes de cadastrar.";"2026-10-05";"https://restaurantguru.com.br/Bar-da-Dalva-Santo-Andre";"Ficha correspondente (HTTP 200): https://www.locaisdobrasil.com.br/encontre/bares/santo-andre-sp/bar-da-dalva/660c51d2d622f2b54116a291 | Ficha correspondente (HTTP 200): https://restaurantguru.com.br/Bar-da-Dalva-Santo-Andre"
"TO THE SEA";"bares";"Rua Haddock Lobo, 351 - Vila Bastos, Santo André - SP, 09040-340";"Santo André";"1.603";"dom: 16:00–23:00; qua, qui, sex: 18:00–00:00; sáb: 16:00–00:00";"-23.660609899999997";"-46.538306";"fonte secundária; funcionamento atual não confirmado";"";"https://www.locaisdobrasil.com.br/encontre/bares/santo-andre-sp/to-the-sea/660d1b27a3f2688d6da6910d";"Já publicado";"0";"Sim";"Bar/adega para encontro";"Local já selecionado no catálogo; fontes da publicação preservadas. Publicado não significa operação confirmada hoje.";"Catálogo atual e respectivas fontes";"Não verificado";"Não confirmada diretamente nesta pesquisa";"Manter revisão manual de horários e operação.";"2026-10-05";"https://www.locaisdobrasil.com.br/encontre/bares/santo-andre-sp/to-the-sea/660d1b27a3f2688d6da6910d | https://restaurantguru.com.br/TO-THE-SEA-Santo-Andre";"Ficha correspondente (HTTP 200): https://www.locaisdobrasil.com.br/encontre/bares/santo-andre-sp/to-the-sea/660d1b27a3f2688d6da6910d | Ficha correspondente (HTTP 200): https://restaurantguru.com.br/TO-THE-SEA-Santo-Andre"
"General Águas";"fornecedor-de-bebidas";"R. Eula Herper Bowden, n° 27 - Rudge Ramos, São Bernardo do Campo - SP, 09629-100";"São Bernardo do Campo";"1.606";"seg, ter, qua, qui, sex: 08:00–17:00; sáb: 08:00–14:00";"-23.6554309";"-46.5683565";"fonte secundária; funcionamento atual não confirmado";"Categoria ampla: inclui distribuidor, depósito e água; confirmar se é adega.";"https://www.locaisdobrasil.com.br/encontre/fornecedor-de-bebidas/sao-bernardo-do-campo-sp/general-aguas/652eb205a560c09a5b14ee16";"Fora do foco atual";"5";"Não";"Fornecedor/serviço, não local de encontro";"Atividade identificada como fornecimento de água, serviço de evento, equipamento ou refrigeração; não há evidência de bar para permanecer.";"Nome/atividade registrada — triagem editorial";"Não verificado";"Não confirmada diretamente nesta pesquisa";"Manter no histórico; não incluir no catálogo atual.";"2026-10-05";"https://www.locaisdobrasil.com.br/encontre/fornecedor-de-bebidas/sao-bernardo-do-campo-sp/general-aguas/652eb205a560c09a5b14ee16";"Ficha correspondente (HTTP 200): https://www.locaisdobrasil.com.br/encontre/fornecedor-de-bebidas/sao-bernardo-do-campo-sp/general-aguas/652eb205a560c09a5b14ee16"
"CASINHA BAR Melhor Caipirinha Do Brrasil";"bares";"R. Itobi, 138 - Vila Alpina, Santo André - SP, 09090-240";"Santo André";"1.624";"dom: 11:00–15:00; ter, qua, qui, sex: 16:00–22:00; sáb: 11:00–19:00";"-23.6527122";"-46.541247299999995";"fonte secundária; funcionamento atual não confirmado";"";"https://www.locaisdobrasil.com.br/encontre/bares/santo-andre-sp/casinha-bar-melhor-caipirinha-do-brrasil/660d1b16a3f2688d6da69108";"Já publicado";"0";"Sim";"Bar/adega para encontro";"Local já selecionado no catálogo; fontes da publicação preservadas. Publicado não significa operação confirmada hoje.";"Catálogo atual e respectivas fontes";"Não verificado";"Não confirmada diretamente nesta pesquisa";"Manter revisão manual de horários e operação.";"2026-10-05";"https://www.locaisdobrasil.com.br/encontre/bares/santo-andre-sp/casinha-bar-melhor-caipirinha-do-brrasil/660d1b16a3f2688d6da69108 | https://restaurantguru.com.br/CASINHA-BAR-Melhor-Caipirinha-Do-Brrasil-Santo-Andre";"Ficha correspondente (HTTP 200): https://www.locaisdobrasil.com.br/encontre/bares/santo-andre-sp/casinha-bar-melhor-caipirinha-do-brrasil/660d1b16a3f2688d6da69108 | Ficha correspondente (HTTP 200): https://restaurantguru.com.br/Casinha-Bar-Santo-Andre"
"Floresta Pub";"bares";"R. Gen. Miguel Costa, 226 - Vila Floresta, Santo André - SP, 09050-410";"Santo André";"1.631";"qua, qui, sex: 18:00–23:00; sáb: 14:00–23:00";"-23.6742369";"-46.5461661";"fonte secundária; funcionamento atual não confirmado";"";"https://www.locaisdobrasil.com.br/encontre/bares/santo-andre-sp/floresta-pub/660d1aaba3f2688d6da690e9";"Não incluir — indicação de fechamento";"6";"Não";"Pub com música; operação encerrada indicada em fontes";"BaresSP e outra ficha pública sinalizam fechamento no mesmo endereço; não usar horários históricos como comprovação de abertura.";"Revisão complementar das fontes indicadas";"Não verificado";"Não confirmada diretamente nesta pesquisa";"Não publicar; reavaliar somente com prova de reabertura.";"2026-10-05";"https://www.baressp.com.br/bares/floresta-pub | https://restaurantguru.com.br/Restaurante-Floresta-Grill-Santo-Andre | https://br.todosnegocios.com/pt/floresta-pub-11-98185-6017";"Ficha correspondente (HTTP 200): https://www.locaisdobrasil.com.br/encontre/bares/santo-andre-sp/floresta-pub/660d1aaba3f2688d6da690e9 | Sem ficha correspondente (HTTP 404): https://restaurantguru.com.br/floresta-pub-santo-andre"
"Arena Açaí Bar";"bares";"Rua Haddock Lobo, 321 - Jardim Bela Vista, Santo André - SP, 09040-340";"Santo André";"1.633";"dom: 13:00–23:00; qua, qui: 18:00–23:00; sex: 00:00–02:00; sáb: 15:00–02:00";"-23.660715999999997";"-46.538005500000004";"fonte secundária; funcionamento atual não confirmado";"";"https://www.locaisdobrasil.com.br/encontre/bares/santo-andre-sp/arena-acai-bar/660d1b99a3f2688d6da6912d";"Potencial — confirmar perfil/operação";"2";"Não";"Possível bar para resenha";"Categoria/nome sugerem bar, mas faltou informação específica e confiável sobre consumo no local, ambiente, proposta ou operação atual.";"Triagem pelo cadastro; sem corroboração específica";"Não verificado";"Não confirmada diretamente nesta pesquisa";"Confirmar proposta, operação, acesso e endereço em canal da própria casa.";"2026-10-05";"https://www.locaisdobrasil.com.br/encontre/bares/santo-andre-sp/arena-acai-bar/660d1b99a3f2688d6da6912d";"Ficha correspondente (HTTP 200): https://www.locaisdobrasil.com.br/encontre/bares/santo-andre-sp/arena-acai-bar/660d1b99a3f2688d6da6912d | Sem ficha correspondente (HTTP 404): https://restaurantguru.com.br/arena-acai-bar-santo-andre"
"O Bar Londrino";"bares";"Av. Lino Jardim, 558 - Vila Bastos, Santo André - SP, 09041-030";"Santo André";"1.639";"dom: 12:00–23:00; ter, qua, qui, sex: 16:30–00:00; sáb: 12:00–00:00";"-23.660957399999997";"-46.5379411";"fonte secundária; funcionamento atual não confirmado";"";"https://www.locaisdobrasil.com.br/encontre/bares/santo-andre-sp/o-bar-londrino/660d1b19a3f2688d6da69109";"Potencial — confirmar perfil/operação";"2";"Não";"Possível bar para resenha";"Categoria/nome sugerem bar, mas faltou informação específica e confiável sobre consumo no local, ambiente, proposta ou operação atual.";"Triagem pelo cadastro; sem corroboração específica";"Não verificado";"Não confirmada diretamente nesta pesquisa";"Confirmar proposta, operação, acesso e endereço em canal da própria casa.";"2026-10-05";"https://www.locaisdobrasil.com.br/encontre/bares/santo-andre-sp/o-bar-londrino/660d1b19a3f2688d6da69109";"Ficha correspondente (HTTP 200): https://www.locaisdobrasil.com.br/encontre/bares/santo-andre-sp/o-bar-londrino/660d1b19a3f2688d6da69109 | Sem ficha correspondente (HTTP 404): https://restaurantguru.com.br/o-bar-londrino-santo-andre"
"Vila das Águas";"fornecedor-de-bebidas";"R. Adolfo Bastos, 360 A - Vila Bastos, Santo André - SP, 09041-000";"Santo André";"1.645";"seg, ter, qua, qui, sex: 08:00–18:00; sáb: 09:00–15:00";"-23.658698299999998";"-46.53815420000001";"fonte secundária; funcionamento atual não confirmado";"Categoria ampla: inclui distribuidor, depósito e água; confirmar se é adega.";"https://www.locaisdobrasil.com.br/encontre/fornecedor-de-bebidas/santo-andre-sp/vila-das-aguas/653ba81d5134829987a00136";"Fora do foco atual";"5";"Não";"Fornecedor/serviço, não local de encontro";"Atividade identificada como fornecimento de água, serviço de evento, equipamento ou refrigeração; não há evidência de bar para permanecer.";"Nome/atividade registrada — triagem editorial";"Não verificado";"Não confirmada diretamente nesta pesquisa";"Manter no histórico; não incluir no catálogo atual.";"2026-10-05";"https://www.locaisdobrasil.com.br/encontre/fornecedor-de-bebidas/santo-andre-sp/vila-das-aguas/653ba81d5134829987a00136";"Ficha correspondente (HTTP 200): https://www.locaisdobrasil.com.br/encontre/fornecedor-de-bebidas/santo-andre-sp/vila-das-aguas/653ba81d5134829987a00136"
"Bar e Lanchonete do Dú";"bares";"Al. Conde de Porto Alegre, 2382 - Santa Maria, São Caetano do Sul - SP, 09561-001";"São Caetano do Sul";"1.645";"dom, seg, ter, qua, qui, sex, sáb: 09:00–22:45";"-23.6467016";"-46.5552525";"fonte secundária; funcionamento atual não confirmado";"";"https://www.locaisdobrasil.com.br/encontre/bares/sao-caetano-do-sul-sp/bar-e-lanchonete-do-du/660f6f9ba451b0ad1fb9c3de";"Priorizar — perfil corroborado";"1";"Não";"Bar para resenha e jogos";"Ficha no endereço correspondente apresenta sinuca/bilhar, bebidas/petiscos no contexto de bar. Perfil compatível inferido; público universitário e preço acessível não comprovados.";"Perfil descrito em ficha/avaliações secundárias; operação pendente";"Não verificado";"Não confirmada diretamente nesta pesquisa";"Confirmar operação/horários diretamente; conferir endereço, fotos e acesso antes de cadastrar.";"2026-10-05";"https://restaurantguru.com.br/Bar-e-Lanchonete-do-Du-Sao-Caetano-do-Sul";"Ficha correspondente (HTTP 200): https://www.locaisdobrasil.com.br/encontre/bares/sao-caetano-do-sul-sp/bar-e-lanchonete-do-du/660f6f9ba451b0ad1fb9c3de | Ficha correspondente (HTTP 200): https://restaurantguru.com.br/Bar-e-Lanchonete-do-Du-Sao-Caetano-do-Sul"
"CMS Refeições";"buffet";"Av. Caminho do Mar, 2019 - Rudge Ramos, São Bernardo do Campo - SP, 09609-000";"São Bernardo do Campo";"1.65";"seg, ter, qua, qui, sex, sáb: 05:00–17:00";"-23.6692522";"-46.567799699999995";"fonte secundária; funcionamento atual não confirmado";"Confirmar espaço físico para festas; categoria pode incluir restaurante ou serviço de alimentação.";"https://www.locaisdobrasil.com.br/encontre/buffet/sao-bernardo-do-campo-sp/cms-refeicoes/66de7590a0d134ad69f9e2fe";"Baixa prioridade — sem evidência de rolê";"4";"Não";"Restaurante, buffet ou espaço de eventos";"Não foi localizada evidência suficiente de bar/resenha ou festas abertas ao público. Categoria/nome sugerem alimentação, comércio ou eventos sob contratação; não é exclusão definitiva.";"Triagem conservadora do cadastro";"Não verificado";"Não confirmada diretamente nesta pesquisa";"Reavaliar se houver prova de bar ou programação pública de festas.";"2026-10-05";"https://www.locaisdobrasil.com.br/encontre/buffet/sao-bernardo-do-campo-sp/cms-refeicoes/66de7590a0d134ad69f9e2fe";"Ficha correspondente (HTTP 200): https://www.locaisdobrasil.com.br/encontre/buffet/sao-bernardo-do-campo-sp/cms-refeicoes/66de7590a0d134ad69f9e2fe"
"Restaurante Bella Cozinha";"buffet";"R. Duque de Caxias, 262 - Jardim Bela Vista, Santo André - SP, 09041-380";"Santo André";"1.651";"dom, seg, ter, qua, qui, sex, sáb: 11:00–15:00";"-23.6660704";"-46.538617699999996";"fonte secundária; funcionamento atual não confirmado";"Confirmar espaço físico para festas; categoria pode incluir restaurante ou serviço de alimentação.";"https://www.locaisdobrasil.com.br/encontre/buffet/santo-andre-sp/restaurante-bella-cozinha/66db8cab58c8e2634b991f67";"Baixa prioridade — sem evidência de rolê";"4";"Não";"Restaurante, buffet ou espaço de eventos";"Não foi localizada evidência suficiente de bar/resenha ou festas abertas ao público. Categoria/nome sugerem alimentação, comércio ou eventos sob contratação; não é exclusão definitiva.";"Triagem conservadora do cadastro";"Não verificado";"Não confirmada diretamente nesta pesquisa";"Reavaliar se houver prova de bar ou programação pública de festas.";"2026-10-05";"https://www.locaisdobrasil.com.br/encontre/buffet/santo-andre-sp/restaurante-bella-cozinha/66db8cab58c8e2634b991f67";"Ficha correspondente (HTTP 200): https://www.locaisdobrasil.com.br/encontre/buffet/santo-andre-sp/restaurante-bella-cozinha/66db8cab58c8e2634b991f67"
"Dino''s Bar";"bares";"Av. Senador Vergueiro, 4749 - Rudge Ramos, São Bernardo do Campo - SP, 09605-000";"São Bernardo do Campo";"1.655";"dom: 15:00–23:59; seg, ter, qua, qui, sex, sáb: 08:00–23:59";"-23.656570400000003";"-46.569376399999996";"fonte secundária; funcionamento atual não confirmado";"";"https://www.locaisdobrasil.com.br/encontre/bares/sao-bernardo-do-campo-sp/dinos-bar/660c4f87d622f2b54116a1d0";"Potencial — confirmar perfil/operação";"2";"Não";"Possível bar para resenha";"Categoria/nome sugerem bar, mas faltou informação específica e confiável sobre consumo no local, ambiente, proposta ou operação atual.";"Triagem pelo cadastro; sem corroboração específica";"Não verificado";"Não confirmada diretamente nesta pesquisa";"Confirmar proposta, operação, acesso e endereço em canal da própria casa.";"2026-10-05";"https://www.locaisdobrasil.com.br/encontre/bares/sao-bernardo-do-campo-sp/dinos-bar/660c4f87d622f2b54116a1d0";"Ficha correspondente (HTTP 200): https://www.locaisdobrasil.com.br/encontre/bares/sao-bernardo-do-campo-sp/dinos-bar/660c4f87d622f2b54116a1d0 | Sem ficha correspondente (HTTP 404): https://restaurantguru.com.br/dino-s-bar-sao-bernardo-do-campo"
"Recanto Sertanejo";"bares";"Av. Caminho do Mar, 2847 - Parque Sao Pedro, São Bernardo do Campo - SP, 09611-000";"São Bernardo do Campo";"1.676";"dom: 17:00–22:00; seg, ter, qua: 11:00–15:00; qui, sex: 11:00–23:00; sáb: 18:30–23:00";"-23.6621021";"-46.5704558";"fonte secundária; funcionamento atual não confirmado";"";"https://www.locaisdobrasil.com.br/encontre/bares/sao-bernardo-do-campo-sp/recanto-sertanejo/660bbd59d622f2b54116710f";"Não incluir — indicação de fechamento";"6";"Não";"Operação com indicação de encerramento";"Ficha correspondente ao endereço sinaliza encerramento permanente; horários antigos não comprovam abertura.";"Ficha secundária correspondente";"Não verificado";"Não confirmada diretamente nesta pesquisa";"Não publicar; reavaliar somente com prova de reabertura.";"2026-10-05";"https://restaurantguru.com.br/Recanto-Sertanejo-Sao-Bernardo-do-Campo";"Ficha correspondente (HTTP 200): https://www.locaisdobrasil.com.br/encontre/bares/sao-bernardo-do-campo-sp/recanto-sertanejo/660bbd59d622f2b54116710f | Ficha correspondente (HTTP 200): https://restaurantguru.com.br/Recanto-Sertanejo-Sao-Bernardo-do-Campo"
"Boteco Rabo De Saia Sbc";"bares";"Av. Caminho do Mar, 2937 - Rudge Ramos, São Bernardo do Campo - SP, 09611-000";"São Bernardo do Campo";"1.69";"dom: 15:00–00:00; ter, qua, qui, sex, sáb: 16:00–00:00";"-23.661340799999998";"-46.570614299999995";"fonte secundária; funcionamento atual não confirmado";"";"https://www.locaisdobrasil.com.br/encontre/bares/sao-bernardo-do-campo-sp/boteco-rabo-de-saia-sbc/660c51a6d622f2b54116a283";"Potencial — confirmar perfil/operação";"2";"Não";"Possível bar para resenha";"Categoria/nome sugerem bar, mas faltou informação específica e confiável sobre consumo no local, ambiente, proposta ou operação atual.";"Triagem pelo cadastro; sem corroboração específica";"Não verificado";"Não confirmada diretamente nesta pesquisa";"Confirmar proposta, operação, acesso e endereço em canal da própria casa.";"2026-10-05";"https://www.locaisdobrasil.com.br/encontre/bares/sao-bernardo-do-campo-sp/boteco-rabo-de-saia-sbc/660c51a6d622f2b54116a283";"Ficha correspondente (HTTP 200): https://www.locaisdobrasil.com.br/encontre/bares/sao-bernardo-do-campo-sp/boteco-rabo-de-saia-sbc/660c51a6d622f2b54116a283 | Sem ficha correspondente (HTTP 404): https://restaurantguru.com.br/boteco-rabo-de-saia-sbc-sao-bernardo-do-campo"
"O Rei do Galeto";"buffet";"Av. Senador Vergueiro, 4781 - Rudge Ramos, São Bernardo do Campo - SP, 09605-000";"São Bernardo do Campo";"1.692";"seg, ter, qua, qui, sex: 11:00–14:30; sáb: 11:00–15:00";"-23.6562357";"-46.5696278";"fonte secundária; funcionamento atual não confirmado";"Confirmar espaço físico para festas; categoria pode incluir restaurante ou serviço de alimentação.";"https://www.locaisdobrasil.com.br/encontre/buffet/sao-bernardo-do-campo-sp/o-rei-do-galeto/66db956a58c8e2634b992aa0";"Baixa prioridade — sem evidência de rolê";"4";"Não";"Restaurante, buffet ou espaço de eventos";"Não foi localizada evidência suficiente de bar/resenha ou festas abertas ao público. Categoria/nome sugerem alimentação, comércio ou eventos sob contratação; não é exclusão definitiva.";"Triagem conservadora do cadastro";"Não verificado";"Não confirmada diretamente nesta pesquisa";"Reavaliar se houver prova de bar ou programação pública de festas.";"2026-10-05";"https://www.locaisdobrasil.com.br/encontre/buffet/sao-bernardo-do-campo-sp/o-rei-do-galeto/66db956a58c8e2634b992aa0";"Ficha correspondente (HTTP 200): https://www.locaisdobrasil.com.br/encontre/buffet/sao-bernardo-do-campo-sp/o-rei-do-galeto/66db956a58c8e2634b992aa0"
"HomeExpenses";"fornecedor-de-bebidas";"Av. Min. Osvaldo Aranha, 119 - Vila Franca, São Bernardo do Campo - SP, 09626-000";"São Bernardo do Campo";"1.706";"dom, seg, ter, qua, qui, sex, sáb: 00:00–23:59";"-23.657047199999997";"-46.5700691";"fonte secundária; funcionamento atual não confirmado";"Categoria ampla: inclui distribuidor, depósito e água; confirmar se é adega.";"https://www.locaisdobrasil.com.br/encontre/fornecedor-de-bebidas/sao-bernardo-do-campo-sp/homeexpenses/652eb1ffa560c09a5b14ee10";"Baixa prioridade — sem evidência de rolê";"4";"Não";"Comércio/distribuição de bebidas";"Não foi localizada evidência suficiente de bar/resenha ou festas abertas ao público. Categoria/nome sugerem alimentação, comércio ou eventos sob contratação; não é exclusão definitiva.";"Triagem conservadora do cadastro";"Não verificado";"Não confirmada diretamente nesta pesquisa";"Reavaliar se houver prova de bar ou programação pública de festas.";"2026-10-05";"https://www.locaisdobrasil.com.br/encontre/fornecedor-de-bebidas/sao-bernardo-do-campo-sp/homeexpenses/652eb1ffa560c09a5b14ee10";"Ficha correspondente (HTTP 200): https://www.locaisdobrasil.com.br/encontre/fornecedor-de-bebidas/sao-bernardo-do-campo-sp/homeexpenses/652eb1ffa560c09a5b14ee10 | Sem ficha correspondente (HTTP 404): https://restaurantguru.com.br/homeexpenses-sao-bernardo-do-campo"
"Armazém da Cerveja - Santo André";"fornecedor-de-bebidas";"R. Gonçalo Fernandes, 62 - Jardim Bela Vista, Santo André - SP, 09041-410";"Santo André";"1.706";"dom, ter, qua, qui, sáb: 10:00–00:00; sex: 10:00–02:00";"-23.6686828";"-46.5392447";"fonte secundária; funcionamento atual não confirmado";"Categoria ampla: inclui distribuidor, depósito e água; confirmar se é adega.";"https://www.locaisdobrasil.com.br/encontre/fornecedor-de-bebidas/santo-andre-sp/armazem-da-cerveja-santo-andre/653ba8065134829987a0011c";"Baixa prioridade — sem evidência de rolê";"4";"Não";"Comércio/distribuição de bebidas";"Não foi localizada evidência suficiente de bar/resenha ou festas abertas ao público. Categoria/nome sugerem alimentação, comércio ou eventos sob contratação; não é exclusão definitiva.";"Triagem conservadora do cadastro";"Não verificado";"Não confirmada diretamente nesta pesquisa";"Reavaliar se houver prova de bar ou programação pública de festas.";"2026-10-05";"https://www.locaisdobrasil.com.br/encontre/fornecedor-de-bebidas/santo-andre-sp/armazem-da-cerveja-santo-andre/653ba8065134829987a0011c";"Ficha correspondente (HTTP 200): https://www.locaisdobrasil.com.br/encontre/fornecedor-de-bebidas/santo-andre-sp/armazem-da-cerveja-santo-andre/653ba8065134829987a0011c | Sem ficha correspondente (HTTP 404): https://restaurantguru.com.br/armazem-da-cerveja-santo-andre-santo-andre"
"Joe''s Restaurante";"buffet";"R. Harmonia, 73 - Vila Franca, São Bernardo do Campo - SP, 09626-070";"São Bernardo do Campo";"1.744";"seg, ter, qua, qui, sex: 11:15–14:45; sáb: 11:00–15:00";"-23.6579063";"-46.570696";"fonte secundária; funcionamento atual não confirmado";"Confirmar espaço físico para festas; categoria pode incluir restaurante ou serviço de alimentação.";"https://www.locaisdobrasil.com.br/encontre/buffet/sao-bernardo-do-campo-sp/joes-restaurante/66dacbbd8f35afd71841470c";"Baixa prioridade — sem evidência de rolê";"4";"Não";"Restaurante, buffet ou espaço de eventos";"Não foi localizada evidência suficiente de bar/resenha ou festas abertas ao público. Categoria/nome sugerem alimentação, comércio ou eventos sob contratação; não é exclusão definitiva.";"Triagem conservadora do cadastro";"Não verificado";"Não confirmada diretamente nesta pesquisa";"Reavaliar se houver prova de bar ou programação pública de festas.";"2026-10-05";"https://www.locaisdobrasil.com.br/encontre/buffet/sao-bernardo-do-campo-sp/joes-restaurante/66dacbbd8f35afd71841470c";"Ficha correspondente (HTTP 200): https://www.locaisdobrasil.com.br/encontre/buffet/sao-bernardo-do-campo-sp/joes-restaurante/66dacbbd8f35afd71841470c"
"Chopp em Santo André - Tudo In Casa";"bares";"Centro, Santo André - SP, 09050-410";"Santo André";"1.771";"dom: 09:00–14:00; seg, ter, qua, qui, sex: 09:00–20:00; sáb: 09:00–18:00";"-23.674198999999998";"-46.5436025";"fonte secundária; funcionamento atual não confirmado";"";"https://www.locaisdobrasil.com.br/encontre/bares/santo-andre-sp/chopp-em-santo-andre-tudo-in-casa/660d1a9da3f2688d6da690e5";"Baixa prioridade — sem evidência de rolê";"4";"Não";"Atividade não esclarecida";"Não foi localizada evidência suficiente de bar/resenha ou festas abertas ao público. Categoria/nome sugerem alimentação, comércio ou eventos sob contratação; não é exclusão definitiva.";"Triagem conservadora do cadastro";"Não verificado";"Não confirmada diretamente nesta pesquisa";"Reavaliar se houver prova de bar ou programação pública de festas.";"2026-10-05";"https://www.locaisdobrasil.com.br/encontre/bares/santo-andre-sp/chopp-em-santo-andre-tudo-in-casa/660d1a9da3f2688d6da690e5 | https://restaurantguru.com.br/Chopp-em-Santo-Andre-Tudo-In-Casa-Santo-Andre";"Ficha correspondente (HTTP 200): https://www.locaisdobrasil.com.br/encontre/bares/santo-andre-sp/chopp-em-santo-andre-tudo-in-casa/660d1a9da3f2688d6da690e5 | Ficha correspondente (HTTP 200): https://restaurantguru.com.br/Chopp-em-Santo-Andre-Tudo-In-Casa-Santo-Andre"
"Fama Café";"casa-noturna";"R. Afonsina, 55 - Rudge Ramos, São Bernardo do Campo - SP, 09061-300";"São Bernardo do Campo";"1.774";"dom, seg, ter, qua, qui, sex, sáb: 19:00–04:00";"-23.654825799999998";"-46.5698602";"fonte secundária; funcionamento atual não confirmado";"Categoria do diretório não garante balada; confirmar tipo de atividade.";"https://www.locaisdobrasil.com.br/encontre/casa-noturna/sao-bernardo-do-campo-sp/fama-cafe/646766a16f16b70535a5ef96";"Pendente — perfil não esclarecido";"3";"Não";"Casa noturna — tipo de acesso/perfil a confirmar";"Categoria de casa noturna é insuficiente para distinguir festas públicas, atendimento reservado ou cadastro incorreto; confirmar proposta e agenda.";"Ficha correspondente, sem esclarecimento suficiente";"Não verificado";"Não confirmada diretamente nesta pesquisa";"Confirmar proposta, operação, acesso e endereço em canal da própria casa.";"2026-10-05";"https://www.locaisdobrasil.com.br/encontre/casa-noturna/sao-bernardo-do-campo-sp/fama-cafe/646766a16f16b70535a5ef96 | https://restaurantguru.com.br/Fama-Cafe-Sao-Bernardo-do-Campo";"Ficha correspondente (HTTP 200): https://www.locaisdobrasil.com.br/encontre/casa-noturna/sao-bernardo-do-campo-sp/fama-cafe/646766a16f16b70535a5ef96 | Ficha correspondente (HTTP 200): https://restaurantguru.com.br/Fama-Cafe-Sao-Bernardo-do-Campo"
"BullsDega Vila Gilda";"bares";"Av. Higienópolis, 120 - Vila Gilda, Santo André - SP, 09190-360";"Santo André";"1.805";"ter, qua, qui, sex, sáb: 18:30–23:00";"-23.670765499999998";"-46.539503499999995";"fonte secundária; funcionamento atual não confirmado";"";"https://www.locaisdobrasil.com.br/encontre/bares/santo-andre-sp/bullsdega-vila-gilda/660d1b9da3f2688d6da6912e";"Pendente — consumo no local";"3";"Não";"Adega/bebidas — permanência não confirmada";"Venda/preparo de bebidas não comprova mesas, consumo no local ou ambiente de resenha; verificar antes de incluir.";"Categoria/nome do levantamento";"Não verificado";"Não confirmada diretamente nesta pesquisa";"Confirmar mesas/permanência e consumo no local; não inserir somente por vender bebidas.";"2026-10-05";"https://www.locaisdobrasil.com.br/encontre/bares/santo-andre-sp/bullsdega-vila-gilda/660d1b9da3f2688d6da6912e";"Ficha correspondente (HTTP 200): https://www.locaisdobrasil.com.br/encontre/bares/santo-andre-sp/bullsdega-vila-gilda/660d1b9da3f2688d6da6912e | Sem ficha correspondente (HTTP 404): https://restaurantguru.com.br/bullsdega-vila-gilda-santo-andre"
"Brazucas Bar";"bares";"R. Leão XIII, 11 - Rudge Ramos, São Bernardo do Campo - SP, 09611-000";"São Bernardo do Campo";"1.812";"dom: 17:00–23:30; qua: 17:00–23:58; qui: 17:00–01:00; sex: 17:00–00:00; sáb: 17:00–00:30";"-23.6584418";"-46.5715009";"fonte secundária; funcionamento atual não confirmado";"";"https://www.locaisdobrasil.com.br/encontre/bares/sao-bernardo-do-campo-sp/brazucas-bar/660beb3ad622f2b5411680f2";"Potencial — confirmar perfil/operação";"2";"Não";"Possível bar para resenha";"Categoria/nome sugerem bar, mas faltou informação específica e confiável sobre consumo no local, ambiente, proposta ou operação atual.";"Triagem pelo cadastro; sem corroboração específica";"Não verificado";"Não confirmada diretamente nesta pesquisa";"Confirmar proposta, operação, acesso e endereço em canal da própria casa.";"2026-10-05";"https://www.locaisdobrasil.com.br/encontre/bares/sao-bernardo-do-campo-sp/brazucas-bar/660beb3ad622f2b5411680f2";"Ficha correspondente (HTTP 200): https://www.locaisdobrasil.com.br/encontre/bares/sao-bernardo-do-campo-sp/brazucas-bar/660beb3ad622f2b5411680f2 | Sem ficha correspondente (HTTP 404): https://restaurantguru.com.br/brazucas-bar-sao-bernardo-do-campo"
"BAR GERMÂNIA SANTO ANDRÉ";"bares";"Av. Higienópolis, 103 - Vila Gilda, Santo André - SP, 09190-360";"Santo André";"1.823";"dom: 12:00–18:00; ter, qua, qui, sex: 17:00–23:00; sáb: 16:00–23:00";"-23.6706663";"-46.5392146";"fonte secundária; funcionamento atual não confirmado";"";"https://www.locaisdobrasil.com.br/encontre/bares/santo-andre-sp/bar-germania-santo-andre/672a5dce9f5ed1f3958918ea";"Potencial — confirmar perfil/operação";"2";"Não";"Possível bar para resenha";"Categoria/nome sugerem bar, mas faltou informação específica e confiável sobre consumo no local, ambiente, proposta ou operação atual.";"Triagem pelo cadastro; sem corroboração específica";"Não verificado";"Não confirmada diretamente nesta pesquisa";"Confirmar proposta, operação, acesso e endereço em canal da própria casa.";"2026-10-05";"https://www.locaisdobrasil.com.br/encontre/bares/santo-andre-sp/bar-germania-santo-andre/672a5dce9f5ed1f3958918ea";"Ficha correspondente (HTTP 200): https://www.locaisdobrasil.com.br/encontre/bares/santo-andre-sp/bar-germania-santo-andre/672a5dce9f5ed1f3958918ea | Sem ficha correspondente (HTTP 404): https://restaurantguru.com.br/bar-germania-santo-andre-santo-andre"
"Rota Music Bar";"bares";"R. Piagentini, 34 - Rudge Ramos, São Bernardo do Campo - SP, 09626-130";"São Bernardo do Campo";"1.823";"dom, ter, qua, qui, sex, sáb: 16:00–00:00";"-23.656136099999998";"-46.570954099999994";"fonte secundária; funcionamento atual não confirmado";"";"https://www.locaisdobrasil.com.br/encontre/bares/sao-bernardo-do-campo-sp/rota-music-bar/660cee31a3f2688d6da683a9";"Priorizar — perfil corroborado";"1";"Não";"Bar com música e petiscos";"Ficha encontrada sob URL antiga Rota-do-Acai, mas nome e endereço R. Piagentini 34 correspondem; há descrição de rock, cerveja e consumo no local.";"Revisão complementar das fontes indicadas";"Não verificado";"Não confirmada diretamente nesta pesquisa";"Confirmar operação/horários diretamente; conferir endereço, fotos e acesso antes de cadastrar.";"2026-10-05";"https://restaurantguru.com.br/Rota-do-Acai-Sao-Bernardo-do-Campo | https://www.solutudo.com.br/empresas/sp/s-bernardo-campo/bares-pubs/rota-music-bar-22003436";"Ficha correspondente (HTTP 200): https://www.locaisdobrasil.com.br/encontre/bares/sao-bernardo-do-campo-sp/rota-music-bar/660cee31a3f2688d6da683a9 | Sem ficha correspondente (HTTP 404): https://restaurantguru.com.br/rota-music-bar-sao-bernardo-do-campo"
"Links 207";"bares";"R. do Bosque, 207 - Vila Bastos, Santo André - SP, 09040-280";"Santo André";"1.824";"Não localizado";"-23.6631164";"-46.5361999";"fonte secundária; funcionamento atual não confirmado";"";"https://www.locaisdobrasil.com.br/encontre/bares/santo-andre-sp/links-207/660d1ba4a3f2688d6da69130";"Potencial — confirmar perfil/operação";"2";"Não";"Possível bar para resenha";"Categoria/nome sugerem bar, mas faltou informação específica e confiável sobre consumo no local, ambiente, proposta ou operação atual.";"Ficha correspondente sem detalhes de perfil suficientes";"Não verificado";"Não confirmada diretamente nesta pesquisa";"Confirmar proposta, operação, acesso e endereço em canal da própria casa.";"2026-10-05";"https://www.locaisdobrasil.com.br/encontre/bares/santo-andre-sp/links-207/660d1ba4a3f2688d6da69130 | https://restaurantguru.com.br/Links-207-Santo-Andre";"Ficha correspondente (HTTP 200): https://www.locaisdobrasil.com.br/encontre/bares/santo-andre-sp/links-207/660d1ba4a3f2688d6da69130 | Ficha correspondente (HTTP 200): https://restaurantguru.com.br/Links-207-Santo-Andre"
"Bar e Restaurante Potiguar";"bares";"Rua Jacquey, 38 - Rudge Ramos, São Bernardo do Campo - SP, 09634-000";"São Bernardo do Campo";"1.83";"seg, ter, qua, qui, sex, sáb: 07:00–04:00";"-23.654684";"-46.5703983";"fonte secundária; funcionamento atual não confirmado";"";"https://www.locaisdobrasil.com.br/encontre/bares/sao-bernardo-do-campo-sp/bar-e-restaurante-potiguar/660cfe04a3f2688d6da68876";"Priorizar — perfil corroborado";"1";"Não";"Bar para conversa e bebidas";"Ficha no endereço correspondente apresenta bebidas/petiscos no contexto de bar. Perfil compatível inferido; público universitário e preço acessível não comprovados.";"Perfil descrito em ficha/avaliações secundárias; operação pendente";"Não verificado";"Não confirmada diretamente nesta pesquisa";"Confirmar operação/horários diretamente; conferir endereço, fotos e acesso antes de cadastrar.";"2026-10-05";"https://restaurantguru.com.br/Bar-e-Restaurante-Potiguar-Sao-Bernardo-do-Campo-2";"Ficha correspondente (HTTP 200): https://www.locaisdobrasil.com.br/encontre/bares/sao-bernardo-do-campo-sp/bar-e-restaurante-potiguar/660cfe04a3f2688d6da68876 | Ficha correspondente (HTTP 200): https://restaurantguru.com.br/Bar-e-Restaurante-Potiguar-Sao-Bernardo-do-Campo-2"
"Drink Xpress";"fornecedor-de-bebidas";"Rua Jacquey, 89 - Vila Helena, São Bernardo do Campo - SP, 09634-000";"São Bernardo do Campo";"1.856";"seg, ter, qua, qui: 16:00–00:00; sex: 16:00–02:00; sáb: 14:00–02:00";"-23.654159399999998";"-46.5704176";"fonte secundária; funcionamento atual não confirmado";"Categoria ampla: inclui distribuidor, depósito e água; confirmar se é adega.";"https://www.locaisdobrasil.com.br/encontre/fornecedor-de-bebidas/sao-bernardo-do-campo-sp/drink-xpress/652eb1fda560c09a5b14ee0e";"Baixa prioridade — sem evidência de rolê";"4";"Não";"Comércio/distribuição de bebidas";"Não foi localizada evidência suficiente de bar/resenha ou festas abertas ao público. Categoria/nome sugerem alimentação, comércio ou eventos sob contratação; não é exclusão definitiva.";"Triagem conservadora do cadastro";"Não verificado";"Não confirmada diretamente nesta pesquisa";"Reavaliar se houver prova de bar ou programação pública de festas.";"2026-10-05";"https://www.locaisdobrasil.com.br/encontre/fornecedor-de-bebidas/sao-bernardo-do-campo-sp/drink-xpress/652eb1fda560c09a5b14ee0e";"Ficha correspondente (HTTP 200): https://www.locaisdobrasil.com.br/encontre/fornecedor-de-bebidas/sao-bernardo-do-campo-sp/drink-xpress/652eb1fda560c09a5b14ee0e | Sem ficha correspondente (HTTP 404): https://restaurantguru.com.br/drink-xpress-sao-bernardo-do-campo"
"Croco Gastrobar";"bares";"Alameda São Caetano, 621 - Jardim, Santo André - SP, 09070-210";"Santo André";"1.858";"dom: 12:00–16:00; ter: 11:00–22:30; qua: 12:00–22:30; qui: 12:00–23:00; sex, sáb: 12:00–00:00";"-23.647458399999998";"-46.544041299999996";"fonte secundária; funcionamento atual não confirmado";"";"https://www.locaisdobrasil.com.br/encontre/bares/santo-andre-sp/croco-gastrobar/660d1ac9a3f2688d6da690f2";"Potencial — confirmar perfil/operação";"2";"Não";"Possível bar para resenha";"Categoria/nome sugerem bar, mas faltou informação específica e confiável sobre consumo no local, ambiente, proposta ou operação atual.";"Triagem pelo cadastro; sem corroboração específica";"Não verificado";"Não confirmada diretamente nesta pesquisa";"Confirmar proposta, operação, acesso e endereço em canal da própria casa.";"2026-10-05";"https://www.locaisdobrasil.com.br/encontre/bares/santo-andre-sp/croco-gastrobar/660d1ac9a3f2688d6da690f2";"Ficha correspondente (HTTP 200): https://www.locaisdobrasil.com.br/encontre/bares/santo-andre-sp/croco-gastrobar/660d1ac9a3f2688d6da690f2 | Sem ficha correspondente (HTTP 404): https://restaurantguru.com.br/croco-gastrobar-santo-andre"
"Bar da Socorro";"bares";"R. Gen. Góes Monteiro, 236 - Vila Scarpelli, Santo André - SP, 09050-390";"Santo André";"1.865";"dom, seg: 11:00–20:00; ter, qua, qui, sex, sáb: 11:00–21:30";"-23.6750427";"-46.5432852";"fonte secundária; funcionamento atual não confirmado";"";"https://www.locaisdobrasil.com.br/encontre/bares/santo-andre-sp/bar-da-socorro/636e4d01b46ef06da842628f";"Potencial — confirmar perfil/operação";"2";"Não";"Possível bar para resenha";"Categoria/nome sugerem bar, mas faltou informação específica e confiável sobre consumo no local, ambiente, proposta ou operação atual.";"Ficha correspondente sem detalhes de perfil suficientes";"Não verificado";"Não confirmada diretamente nesta pesquisa";"Confirmar proposta, operação, acesso e endereço em canal da própria casa.";"2026-10-05";"https://www.locaisdobrasil.com.br/encontre/bares/santo-andre-sp/bar-da-socorro/636e4d01b46ef06da842628f | https://restaurantguru.com.br/Bar-da-Socorro-Santo-Andre";"Ficha correspondente (HTTP 200): https://www.locaisdobrasil.com.br/encontre/bares/santo-andre-sp/bar-da-socorro/636e4d01b46ef06da842628f | Ficha correspondente (HTTP 200): https://restaurantguru.com.br/Bar-da-Socorro-Santo-Andre"
"Bar do Jão";"bares";"R. Jaguari, 489 - Jardim, Santo André - SP, 09090-080";"Santo André";"1.866";"seg, ter, qua, qui: 09:00–23:00; sex, sáb: 09:00–01:00";"-23.6468314";"-46.545020199999996";"fonte secundária; funcionamento atual não confirmado";"";"https://www.locaisdobrasil.com.br/encontre/bares/santo-andre-sp/bar-do-jao/660d1b4ba3f2688d6da69117";"Priorizar — perfil corroborado";"1";"Não";"Bar para conversa e bebidas";"Ficha no endereço correspondente apresenta bebidas/petiscos no contexto de bar. Perfil compatível inferido; público universitário e preço acessível não comprovados.";"Perfil descrito em ficha/avaliações secundárias; operação pendente";"Não verificado";"Não confirmada diretamente nesta pesquisa";"Confirmar operação/horários diretamente; conferir endereço, fotos e acesso antes de cadastrar.";"2026-10-05";"https://restaurantguru.com.br/Bar-do-Jao-Santo-Andre";"Ficha correspondente (HTTP 200): https://www.locaisdobrasil.com.br/encontre/bares/santo-andre-sp/bar-do-jao/660d1b4ba3f2688d6da69117 | Ficha correspondente (HTTP 200): https://restaurantguru.com.br/Bar-do-Jao-Santo-Andre"
"Dois Amigos";"bares";"R. Jaguari, 489 - Jardim, Santo André - SP, 09070-180";"Santo André";"1.868";"seg: 08:00–23:59; ter, qua, qui, sex, sáb: 00:00–23:59";"-23.6467954";"-46.5450447";"fonte secundária; funcionamento atual não confirmado";"";"https://www.locaisdobrasil.com.br/encontre/bares/santo-andre-sp/dois-amigos/660e60006814c4ffce9626d4";"Potencial — confirmar perfil/operação";"2";"Não";"Possível bar para resenha";"Categoria/nome sugerem bar, mas faltou informação específica e confiável sobre consumo no local, ambiente, proposta ou operação atual.";"Triagem pelo cadastro; sem corroboração específica";"Não verificado";"Não confirmada diretamente nesta pesquisa";"Confirmar proposta, operação, acesso e endereço em canal da própria casa.";"2026-10-05";"https://www.locaisdobrasil.com.br/encontre/bares/santo-andre-sp/dois-amigos/660e60006814c4ffce9626d4";"Ficha correspondente (HTTP 200): https://www.locaisdobrasil.com.br/encontre/bares/santo-andre-sp/dois-amigos/660e60006814c4ffce9626d4 | Sem ficha correspondente (HTTP 200): https://restaurantguru.com.br/Dois-Amigos-Santo-Andre"
"Tatu Bola Bar";"bares";"Av. Kennedy, 1250 - Jardim do Mar, São Bernardo do Campo - SP, 09726-253";"São Bernardo do Campo";"1.873";"dom: 16:00–00:00; qui, sex: 18:00–01:00; sáb: 12:00–01:00";"-23.6780558";"-46.5570877";"fonte secundária; funcionamento atual não confirmado";"";"https://www.locaisdobrasil.com.br/encontre/bares/sao-bernardo-do-campo-sp/tatu-bola-bar/660bbd31d622f2b541167101";"Priorizar — perfil corroborado";"1";"Não";"Bar com música e happy hour";"Perfil gerenciado no Tripadvisor informa happy hours e encontros de amigos na Av. Kennedy 1250; ficha local descreve música ao vivo. Não assumir preço acessível nem público universitário.";"Revisão complementar das fontes indicadas";"Não verificado";"Não confirmada diretamente nesta pesquisa";"Confirmar operação/horários diretamente; conferir endereço, fotos e acesso antes de cadastrar.";"2026-10-05";"https://www.tripadvisor.com.br/Restaurant_Review-g303626-d13341451-Reviews-Tatu_Bola_Bar_Sao_Bernardo-Sao_Bernardo_Do_Campo_State_of_Sao_Paulo.html | https://www.locaisdobrasil.com.br/encontre/bares/sao-bernardo-do-campo-sp/tatu-bola-bar/660bbd31d622f2b541167101";"Ficha correspondente (HTTP 200): https://www.locaisdobrasil.com.br/encontre/bares/sao-bernardo-do-campo-sp/tatu-bola-bar/660bbd31d622f2b541167101 | Sem ficha correspondente (HTTP 404): https://restaurantguru.com.br/tatu-bola-bar-sao-bernardo-do-campo"
"Terra do Nunca";"buffet";"R. Caminho do Pilar, 705 - Jardim Bela Vista, Santo André - SP, 09190-000";"Santo André";"1.884";"dom, sáb: 09:30–19:00; seg, ter, qua, qui, sex: 10:30–18:30";"-23.6690294";"-46.5374699";"fonte secundária; funcionamento atual não confirmado";"Confirmar espaço físico para festas; categoria pode incluir restaurante ou serviço de alimentação.";"https://www.locaisdobrasil.com.br/encontre/buffet/santo-andre-sp/terra-do-nunca/66dfa7aaa0d134ad69fa6525";"Baixa prioridade — sem evidência de rolê";"4";"Não";"Restaurante, buffet ou espaço de eventos";"Não foi localizada evidência suficiente de bar/resenha ou festas abertas ao público. Categoria/nome sugerem alimentação, comércio ou eventos sob contratação; não é exclusão definitiva.";"Triagem conservadora do cadastro";"Não verificado";"Não confirmada diretamente nesta pesquisa";"Reavaliar se houver prova de bar ou programação pública de festas.";"2026-10-05";"https://www.locaisdobrasil.com.br/encontre/buffet/santo-andre-sp/terra-do-nunca/66dfa7aaa0d134ad69fa6525";"Ficha correspondente (HTTP 200): https://www.locaisdobrasil.com.br/encontre/buffet/santo-andre-sp/terra-do-nunca/66dfa7aaa0d134ad69fa6525"
"Play Kids Buffet Infantil";"buffet";"R. Píres do Rio, nº 56 - Vila Gilda, Santo André - SP, 09190-480";"Santo André";"1.885";"ter, qua, qui, sex: 10:00–19:00; sáb: 10:00–23:00";"-23.673236";"-46.540718";"fonte secundária; funcionamento atual não confirmado";"Confirmar espaço físico para festas; categoria pode incluir restaurante ou serviço de alimentação.";"https://www.locaisdobrasil.com.br/encontre/buffet/santo-andre-sp/play-kids-buffet-infantil/66dba2cc58c8e2634b9939a4";"Fora do foco atual";"5";"Não";"Festas infantis";"Identificação explícita de buffet/festa infantil; fora do foco de rolê entre universitários adultos.";"Nome/atividade registrada";"Não verificado";"Não confirmada diretamente nesta pesquisa";"Manter no histórico; não incluir no catálogo atual.";"2026-10-05";"https://www.locaisdobrasil.com.br/encontre/buffet/santo-andre-sp/play-kids-buffet-infantil/66dba2cc58c8e2634b9939a4";"Ficha correspondente (HTTP 200): https://www.locaisdobrasil.com.br/encontre/buffet/santo-andre-sp/play-kids-buffet-infantil/66dba2cc58c8e2634b9939a4"
"LP Distribuidora de Bebidas 24h";"fornecedor-de-bebidas";"R. Caminho do Pilar, 1557 - Pinheirinho, Santo André - SP, 09190-000";"Santo André";"1.921";"dom: 10:00–03:00; seg, ter, qua, qui: 11:00–03:00; sex: 11:00–04:00; sáb: 10:00–04:00";"-23.6749458";"-46.542245699999995";"fonte secundária; funcionamento atual não confirmado";"Categoria ampla: inclui distribuidor, depósito e água; confirmar se é adega.";"https://www.locaisdobrasil.com.br/encontre/fornecedor-de-bebidas/santo-andre-sp/lp-distribuidora-de-bebidas-24h/653ba8005134829987a00115";"Pendente — consumo no local";"3";"Não";"Adega/bebidas — permanência não confirmada";"Venda/preparo de bebidas não comprova mesas, consumo no local ou ambiente de resenha; verificar antes de incluir.";"Categoria/nome do levantamento";"Não verificado";"Não confirmada diretamente nesta pesquisa";"Confirmar mesas/permanência e consumo no local; não inserir somente por vender bebidas.";"2026-10-05";"https://www.locaisdobrasil.com.br/encontre/fornecedor-de-bebidas/santo-andre-sp/lp-distribuidora-de-bebidas-24h/653ba8005134829987a00115";"Ficha correspondente (HTTP 200): https://www.locaisdobrasil.com.br/encontre/fornecedor-de-bebidas/santo-andre-sp/lp-distribuidora-de-bebidas-24h/653ba8005134829987a00115 | Sem ficha correspondente (HTTP 404): https://restaurantguru.com.br/lp-distribuidora-de-bebidas-24h-santo-andre"
"Saidera Brasil - Santo André";"fornecedor-de-bebidas";"R. das Figueiras, 181 - Jardim, Santo André - SP, 09080-370";"Santo André";"1.94";"dom, seg, ter, qua, qui, sex, sáb: 00:00–23:59";"-23.6553337";"-46.536182499999995";"fonte secundária; funcionamento atual não confirmado";"Categoria ampla: inclui distribuidor, depósito e água; confirmar se é adega.";"https://www.locaisdobrasil.com.br/encontre/fornecedor-de-bebidas/santo-andre-sp/saidera-brasil-santo-andre/653ba81e5134829987a00137";"Baixa prioridade — sem evidência de rolê";"4";"Não";"Comércio/distribuição de bebidas";"Não foi localizada evidência suficiente de bar/resenha ou festas abertas ao público. Categoria/nome sugerem alimentação, comércio ou eventos sob contratação; não é exclusão definitiva.";"Triagem conservadora do cadastro";"Não verificado";"Não confirmada diretamente nesta pesquisa";"Reavaliar se houver prova de bar ou programação pública de festas.";"2026-10-05";"https://www.locaisdobrasil.com.br/encontre/fornecedor-de-bebidas/santo-andre-sp/saidera-brasil-santo-andre/653ba81e5134829987a00137";"Ficha correspondente (HTTP 200): https://www.locaisdobrasil.com.br/encontre/fornecedor-de-bebidas/santo-andre-sp/saidera-brasil-santo-andre/653ba81e5134829987a00137 | Sem ficha correspondente (HTTP 404): https://restaurantguru.com.br/saidera-brasil-santo-andre-santo-andre"
"Buteco Jardim";"casa-noturna";"R. das Figueiras, 141 - Jardim, Santo André - SP, 09080-370";"Santo André";"1.944";"Não localizado";"-23.6556701";"-46.5360107";"fonte secundária; funcionamento atual não confirmado";"Categoria do diretório não garante balada; confirmar tipo de atividade.";"https://www.locaisdobrasil.com.br/encontre/casa-noturna/santo-andre-sp/buteco-jardim/646769446f16b70535a5f2e0";"Pendente — perfil não esclarecido";"3";"Não";"Casa noturna — tipo de acesso/perfil a confirmar";"Categoria de casa noturna é insuficiente para distinguir festas públicas, atendimento reservado ou cadastro incorreto; confirmar proposta e agenda.";"Categoria original apenas";"Não verificado";"Não confirmada diretamente nesta pesquisa";"Confirmar proposta, operação, acesso e endereço em canal da própria casa.";"2026-10-05";"https://www.locaisdobrasil.com.br/encontre/casa-noturna/santo-andre-sp/buteco-jardim/646769446f16b70535a5f2e0";"Ficha correspondente (HTTP 200): https://www.locaisdobrasil.com.br/encontre/casa-noturna/santo-andre-sp/buteco-jardim/646769446f16b70535a5f2e0 | Sem ficha correspondente (HTTP 404): https://restaurantguru.com.br/buteco-jardim-santo-andre"
"Virandos Bar";"bares";"R. Catequese, 712 - Vila Guiomar, Santo André - SP, 09090-401";"Santo André";"1.95";"seg, ter, qua, qui, sex: 06:30–21:00; sáb: 06:30–03:00";"-23.655894399999998";"-46.5358568";"fonte secundária; funcionamento atual não confirmado";"";"https://www.locaisdobrasil.com.br/encontre/bares/santo-andre-sp/virandos-bar/660d1ad0a3f2688d6da690f4";"Priorizar — perfil corroborado";"1";"Não";"Bar para conversa e bebidas";"Ficha no endereço correspondente apresenta bebidas/petiscos no contexto de bar. Perfil compatível inferido; público universitário e preço acessível não comprovados.";"Perfil descrito em ficha/avaliações secundárias; operação pendente";"Não verificado";"Não confirmada diretamente nesta pesquisa";"Confirmar operação/horários diretamente; conferir endereço, fotos e acesso antes de cadastrar.";"2026-10-05";"https://restaurantguru.com.br/Virandos-Bar-Santo-Andre";"Ficha correspondente (HTTP 200): https://www.locaisdobrasil.com.br/encontre/bares/santo-andre-sp/virandos-bar/660d1ad0a3f2688d6da690f4 | Ficha correspondente (HTTP 200): https://restaurantguru.com.br/Virandos-Bar-Santo-Andre"
"BAR RECANTO DA GALERA";"bares";"R. Igaratá, 45 - Vila Palmares, Santo André - SP, 09061-790";"Santo André";"1.952";"dom, ter, qua, qui, sex, sáb: 11:00–23:00";"-23.646233799999997";"-46.5635699";"fonte secundária; funcionamento atual não confirmado";"";"https://www.locaisdobrasil.com.br/encontre/bares/santo-andre-sp/bar-recanto-da-galera/660d1b95a3f2688d6da6912c";"Priorizar — perfil corroborado";"1";"Não";"Bar para conversa e bebidas";"Ficha no endereço correspondente apresenta bebidas/petiscos no contexto de bar. Perfil compatível inferido; público universitário e preço acessível não comprovados.";"Perfil descrito em ficha/avaliações secundárias; operação pendente";"Não verificado";"Não confirmada diretamente nesta pesquisa";"Confirmar operação/horários diretamente; conferir endereço, fotos e acesso antes de cadastrar.";"2026-10-05";"https://restaurantguru.com.br/BAR-RECANTO-DA-GALERA-Santo-Andre";"Ficha correspondente (HTTP 200): https://www.locaisdobrasil.com.br/encontre/bares/santo-andre-sp/bar-recanto-da-galera/660d1b95a3f2688d6da6912c | Ficha correspondente (HTTP 200): https://restaurantguru.com.br/BAR-RECANTO-DA-GALERA-Santo-Andre"
"Gardens Lounge Bar";"casa-noturna";"Alameda São Caetano, 539 - Jardim, Santo André - SP, 09070-210";"Santo André";"1.953";"dom: 15:00–01:00; qua, qui: 19:00–01:00; sex, sáb: 19:00–04:00";"-23.646863099999997";"-46.5433454";"fonte secundária; funcionamento atual não confirmado";"Categoria do diretório não garante balada; confirmar tipo de atividade.";"https://www.locaisdobrasil.com.br/encontre/casa-noturna/santo-andre-sp/gardens-lounge-bar/647a6c6c424b1ac500a7b4d7";"Pendente — fontes conflitantes";"3";"Não";"Lounge para resenha";"Ficha com horários e descrição social conflita com indicação de fechamento em outra fonte; confirmar a operação na Alameda São Caetano 539.";"Revisão complementar das fontes indicadas";"Não verificado";"Não confirmada diretamente nesta pesquisa";"Confirmar proposta, operação, acesso e endereço em canal da própria casa.";"2026-10-05";"https://restaurantguru.com.br/Gardens-Lounge-Santo-Andre | https://br.archivo.biz/pt/gardens-lounge-bar";"Ficha correspondente (HTTP 200): https://www.locaisdobrasil.com.br/encontre/casa-noturna/santo-andre-sp/gardens-lounge-bar/647a6c6c424b1ac500a7b4d7 | Sem ficha correspondente (HTTP 404): https://restaurantguru.com.br/gardens-lounge-bar-santo-andre"
"UPA CENTRAL BEBIDAS";"fornecedor-de-bebidas";"R. Adolfo Bastos, 31 - Vila Bastos, Santo André - SP, 09041-000";"Santo André";"1.954";"dom: 13:00–20:00; ter, qua, qui, sex, sáb: 08:00–23:00";"-23.6570906";"-46.5354327";"fonte secundária; funcionamento atual não confirmado";"Categoria ampla: inclui distribuidor, depósito e água; confirmar se é adega.";"https://www.locaisdobrasil.com.br/encontre/fornecedor-de-bebidas/santo-andre-sp/upa-central-bebidas/653ba8105134829987a00127";"Pendente — consumo no local";"3";"Não";"Adega/bebidas — permanência não confirmada";"Venda/preparo de bebidas não comprova mesas, consumo no local ou ambiente de resenha; verificar antes de incluir.";"Categoria/nome do levantamento";"Não verificado";"Não confirmada diretamente nesta pesquisa";"Confirmar mesas/permanência e consumo no local; não inserir somente por vender bebidas.";"2026-10-05";"https://www.locaisdobrasil.com.br/encontre/fornecedor-de-bebidas/santo-andre-sp/upa-central-bebidas/653ba8105134829987a00127";"Ficha correspondente (HTTP 200): https://www.locaisdobrasil.com.br/encontre/fornecedor-de-bebidas/santo-andre-sp/upa-central-bebidas/653ba8105134829987a00127 | Sem ficha correspondente (HTTP 404): https://restaurantguru.com.br/upa-central-bebidas-santo-andre"
"Bar do Duh";"bares";"R. das Aroeiras, 621 - Jardim, Santo André - SP, 09090-000";"Santo André";"1.954";"dom, seg, ter, qua, qui, sex, sáb: 11:00–22:00";"-23.647353";"-46.5425648";"fonte secundária; funcionamento atual não confirmado";"";"https://www.locaisdobrasil.com.br/encontre/bares/santo-andre-sp/bar-do-duh/660d1ad3a3f2688d6da690f5";"Potencial — confirmar perfil/operação";"2";"Não";"Possível bar para resenha";"Categoria/nome sugerem bar, mas faltou informação específica e confiável sobre consumo no local, ambiente, proposta ou operação atual.";"Triagem pelo cadastro; sem corroboração específica";"Não verificado";"Não confirmada diretamente nesta pesquisa";"Confirmar proposta, operação, acesso e endereço em canal da própria casa.";"2026-10-05";"https://www.locaisdobrasil.com.br/encontre/bares/santo-andre-sp/bar-do-duh/660d1ad3a3f2688d6da690f5";"Ficha correspondente (HTTP 200): https://www.locaisdobrasil.com.br/encontre/bares/santo-andre-sp/bar-do-duh/660d1ad3a3f2688d6da690f5 | Sem ficha correspondente (HTTP 404): https://restaurantguru.com.br/bar-do-duh-santo-andre"
"Bar Dutra Beer";"bares";"Av. Lino Jardim, 120 - Vila Bastos, Santo André - SP, 09041-031";"Santo André";"1.957";"sex, sáb: 16:00–22:00";"-23.657751899999997";"-46.5352366";"fonte secundária; funcionamento atual não confirmado";"";"https://www.locaisdobrasil.com.br/encontre/bares/santo-andre-sp/bar-dutra-beer/660d1aa3a3f2688d6da690e7";"Potencial — confirmar perfil/operação";"2";"Não";"Possível bar para resenha";"Categoria/nome sugerem bar, mas faltou informação específica e confiável sobre consumo no local, ambiente, proposta ou operação atual.";"Triagem pelo cadastro; sem corroboração específica";"Não verificado";"Não confirmada diretamente nesta pesquisa";"Confirmar proposta, operação, acesso e endereço em canal da própria casa.";"2026-10-05";"https://www.locaisdobrasil.com.br/encontre/bares/santo-andre-sp/bar-dutra-beer/660d1aa3a3f2688d6da690e7";"Ficha correspondente (HTTP 200): https://www.locaisdobrasil.com.br/encontre/bares/santo-andre-sp/bar-dutra-beer/660d1aa3a3f2688d6da690e7 | Sem ficha correspondente (HTTP 404): https://restaurantguru.com.br/bar-dutra-beer-santo-andre"
"Choperia Madalena Tap House";"bares";"R. das Figueiras, 774 - Jardim, Santo André - SP, 09080-300";"Santo André";"1.975";"dom: 16:00–02:00; qua, qui, sex, sáb: 16:00–00:00";"-23.6504461";"-46.5387978";"fonte secundária; funcionamento atual não confirmado";"";"https://www.locaisdobrasil.com.br/encontre/bares/santo-andre-sp/choperia-madalena-tap-house/660c3b06d622f2b541169b56";"Não incluir — indicação de fechamento";"6";"Não";"Operação com indicação de encerramento";"Ficha correspondente ao endereço sinaliza encerramento permanente; horários antigos não comprovam abertura.";"Ficha secundária correspondente";"Não verificado";"Não confirmada diretamente nesta pesquisa";"Não publicar; reavaliar somente com prova de reabertura.";"2026-10-05";"https://restaurantguru.com.br/Choperia-Madalena-Tap-House-Santo-Andre";"Ficha correspondente (HTTP 200): https://www.locaisdobrasil.com.br/encontre/bares/santo-andre-sp/choperia-madalena-tap-house/660c3b06d622f2b541169b56 | Ficha correspondente (HTTP 200): https://restaurantguru.com.br/Choperia-Madalena-Tap-House-Santo-Andre"
"Manduca Bar";"bares";"R. das Figueiras, 832 - Jardim, Santo André - SP, 09080-300";"Santo André";"1.985";"dom, sáb: 12:00–01:00; qua, qui, sex: 17:00–01:00";"-23.649963600000003";"-46.539102299999996";"fonte secundária; funcionamento atual não confirmado";"";"https://www.locaisdobrasil.com.br/encontre/bares/santo-andre-sp/manduca-bar/660cf54ba3f2688d6da685d2";"Não incluir — indicação de fechamento";"6";"Não";"Operação com indicação de encerramento";"Ficha correspondente ao endereço sinaliza encerramento permanente; horários antigos não comprovam abertura.";"Ficha secundária correspondente";"Não verificado";"Não confirmada diretamente nesta pesquisa";"Não publicar; reavaliar somente com prova de reabertura.";"2026-10-05";"https://restaurantguru.com.br/Manduca-Bar-Santo-Andre";"Ficha correspondente (HTTP 200): https://www.locaisdobrasil.com.br/encontre/bares/santo-andre-sp/manduca-bar/660cf54ba3f2688d6da685d2 | Ficha correspondente (HTTP 200): https://restaurantguru.com.br/Manduca-Bar-Santo-Andre"
"Recanto Dois Irmãos";"bares";"Av. Bom Pastor, 1101 - Jardim Bom Pastor, Santo André - SP, 09051-301";"Santo André";"1.985";"dom, seg, ter, qua, qui, sex, sáb: 09:00–22:00";"-23.679293200000004";"-46.5533461";"fonte secundária; funcionamento atual não confirmado";"";"https://www.locaisdobrasil.com.br/encontre/bares/santo-andre-sp/recanto-dois-irmaos/636e4c6ab46ef06da842620d";"Priorizar — perfil corroborado";"1";"Não";"Bar para conversa e bebidas";"Ficha no endereço correspondente apresenta bebidas/petiscos no contexto de bar. Perfil compatível inferido; público universitário e preço acessível não comprovados.";"Perfil descrito em ficha/avaliações secundárias; operação pendente";"Não verificado";"Não confirmada diretamente nesta pesquisa";"Confirmar operação/horários diretamente; conferir endereço, fotos e acesso antes de cadastrar.";"2026-10-05";"https://restaurantguru.com.br/Recanto-Dois-Irmaos-Santo-Andre";"Ficha correspondente (HTTP 200): https://www.locaisdobrasil.com.br/encontre/bares/santo-andre-sp/recanto-dois-irmaos/636e4c6ab46ef06da842620d | Ficha correspondente (HTTP 200): https://restaurantguru.com.br/Recanto-Dois-Irmaos-Santo-Andre"
"Muquiranas Bar";"bares";"R. das Figueiras, 130 - Jardim, Santo André - SP, 09080-370";"Santo André";"1.99";"dom, sáb: 14:00–01:00; seg, qui, sex: 17:00–01:00";"-23.6557076";"-46.5355108";"fonte secundária; funcionamento atual não confirmado";"";"https://www.locaisdobrasil.com.br/encontre/bares/santo-andre-sp/muquiranas-bar/660d1adaa3f2688d6da690f7";"Priorizar — perfil corroborado";"1";"Não";"Bar para conversa e bebidas";"Ficha no endereço correspondente apresenta bebidas/petiscos no contexto de bar. Perfil compatível inferido; público universitário e preço acessível não comprovados.";"Perfil descrito em ficha/avaliações secundárias; operação pendente";"Não verificado";"Não confirmada diretamente nesta pesquisa";"Confirmar operação/horários diretamente; conferir endereço, fotos e acesso antes de cadastrar.";"2026-10-05";"https://restaurantguru.com.br/Muquiranas-Bar-Santo-Andre";"Ficha correspondente (HTTP 200): https://www.locaisdobrasil.com.br/encontre/bares/santo-andre-sp/muquiranas-bar/660d1adaa3f2688d6da690f7 | Ficha correspondente (HTTP 200): https://restaurantguru.com.br/Muquiranas-Bar-Santo-Andre"
"TUPINIKIM Pizza Bar & Lounge";"casa-noturna";"R. das Monções, 585 - Jardim, Santo André - SP, 09090-521";"Santo André";"1.991";"dom: 16:00–00:00; qua: 20:00–01:00; qui: 20:00–03:30; sex: 21:00–04:30; sáb: 19:00–05:00";"-23.6537907";"-46.5363508";"fonte secundária; funcionamento atual não confirmado";"Categoria do diretório não garante balada; confirmar tipo de atividade.";"https://www.locaisdobrasil.com.br/encontre/casa-noturna/santo-andre-sp/tupinikim-pizza-bar-lounge/6467695f6f16b70535a5f301";"Pendente — confirmar operação/agenda";"3";"Não";"Bar e festas com DJs/música";"Evento de 2024 comprova perfil de festa no endereço Rua das Monções 585; não comprova programação nem funcionamento em 2026.";"Revisão complementar das fontes indicadas";"Não verificado";"Não confirmada diretamente nesta pesquisa";"Confirmar proposta, operação, acesso e endereço em canal da própria casa.";"2026-10-05";"https://www.sympla.com.br/evento/project-in-vibe-edicao-tupinikim/2328386 | https://restaurantguru.com.br/Tupinikim-Santo-Andre/menu";"Ficha correspondente (HTTP 200): https://www.locaisdobrasil.com.br/encontre/casa-noturna/santo-andre-sp/tupinikim-pizza-bar-lounge/6467695f6f16b70535a5f301 | Sem ficha correspondente (HTTP 404): https://restaurantguru.com.br/tupinikim-pizza-bar-lounge-santo-andre"
"Martini & Rossi";"fornecedor-de-bebidas";"R. Martini, 292 - Parque Sao Pedro, São Bernardo do Campo - SP, 09623-030";"São Bernardo do Campo";"2.004";"Não localizado";"-23.6609834";"-46.5736941";"fonte secundária; funcionamento atual não confirmado";"Categoria ampla: inclui distribuidor, depósito e água; confirmar se é adega.";"https://www.locaisdobrasil.com.br/encontre/fornecedor-de-bebidas/sao-bernardo-do-campo-sp/martini-rossi/652eb1f4a560c09a5b14ee06";"Baixa prioridade — sem evidência de rolê";"4";"Não";"Comércio/distribuição de bebidas";"Não foi localizada evidência suficiente de bar/resenha ou festas abertas ao público. Categoria/nome sugerem alimentação, comércio ou eventos sob contratação; não é exclusão definitiva.";"Triagem conservadora do cadastro";"Não verificado";"Não confirmada diretamente nesta pesquisa";"Reavaliar se houver prova de bar ou programação pública de festas.";"2026-10-05";"https://www.locaisdobrasil.com.br/encontre/fornecedor-de-bebidas/sao-bernardo-do-campo-sp/martini-rossi/652eb1f4a560c09a5b14ee06";"Ficha correspondente (HTTP 200): https://www.locaisdobrasil.com.br/encontre/fornecedor-de-bebidas/sao-bernardo-do-campo-sp/martini-rossi/652eb1f4a560c09a5b14ee06 | Sem ficha correspondente (HTTP 404): https://restaurantguru.com.br/martini-rossi-sao-bernardo-do-campo"
"Distribuidora de Bebidas HS Ltda";"fornecedor-de-bebidas";"Av. Carlos Gomes, 773 - Vila Boa Vista, Santo André - SP, 09061-510";"Santo André";"2.011";"seg, ter, qua, qui, sex: 08:00–18:00; sáb: 08:00–13:30";"-23.6442165";"-46.560019399999995";"fonte secundária; funcionamento atual não confirmado";"Categoria ampla: inclui distribuidor, depósito e água; confirmar se é adega.";"https://www.locaisdobrasil.com.br/encontre/fornecedor-de-bebidas/santo-andre-sp/distribuidora-de-bebidas-hs-ltda/652ec32da560c09a5b14fe20";"Pendente — consumo no local";"3";"Não";"Adega/bebidas — permanência não confirmada";"Venda/preparo de bebidas não comprova mesas, consumo no local ou ambiente de resenha; verificar antes de incluir.";"Categoria/nome do levantamento";"Não verificado";"Não confirmada diretamente nesta pesquisa";"Confirmar mesas/permanência e consumo no local; não inserir somente por vender bebidas.";"2026-10-05";"https://www.locaisdobrasil.com.br/encontre/fornecedor-de-bebidas/santo-andre-sp/distribuidora-de-bebidas-hs-ltda/652ec32da560c09a5b14fe20";"Ficha correspondente (HTTP 200): https://www.locaisdobrasil.com.br/encontre/fornecedor-de-bebidas/santo-andre-sp/distribuidora-de-bebidas-hs-ltda/652ec32da560c09a5b14fe20 | Sem ficha correspondente (HTTP 404): https://restaurantguru.com.br/distribuidora-de-bebidas-hs-ltda-santo-andre"
"Ioiô Bar e Restaurante";"bares";"R. das Bandeiras, 392 - Jardim, Santo André - SP, 09090-780";"Santo André";"2.013";"dom: 15:00–21:00; sex, sáb: 18:00–03:00";"-23.6544015";"-46.5358114";"fonte secundária; funcionamento atual não confirmado";"";"https://www.locaisdobrasil.com.br/encontre/bares/santo-andre-sp/ioio-bar-e-restaurante/636e4cf4b46ef06da8426283";"Potencial — confirmar perfil/operação";"2";"Não";"Possível bar para resenha";"Categoria/nome sugerem bar, mas faltou informação específica e confiável sobre consumo no local, ambiente, proposta ou operação atual.";"Triagem pelo cadastro; sem corroboração específica";"Não verificado";"Não confirmada diretamente nesta pesquisa";"Confirmar proposta, operação, acesso e endereço em canal da própria casa.";"2026-10-05";"https://www.locaisdobrasil.com.br/encontre/bares/santo-andre-sp/ioio-bar-e-restaurante/636e4cf4b46ef06da8426283";"Ficha correspondente (HTTP 200): https://www.locaisdobrasil.com.br/encontre/bares/santo-andre-sp/ioio-bar-e-restaurante/636e4cf4b46ef06da8426283 | Sem ficha correspondente (HTTP 200): https://restaurantguru.com.br/Ioio-Bar-e-Restaurante-Santo-Andre"
"São João Batista Restaurante";"buffet";"Av. Dr. Rudge Ramos, 54 - Rudge Ramos, São Bernardo do Campo - SP, 09636-000";"São Bernardo do Campo";"2.018";"seg, ter, qua, qui, sex: 06:00–23:00; sáb: 07:00–23:00";"-23.6538313";"-46.5720058";"fonte secundária; funcionamento atual não confirmado";"Confirmar espaço físico para festas; categoria pode incluir restaurante ou serviço de alimentação.";"https://www.locaisdobrasil.com.br/encontre/buffet/sao-bernardo-do-campo-sp/sao-joao-batista-restaurante/66db8d6858c8e2634b992058";"Baixa prioridade — sem evidência de rolê";"4";"Não";"Restaurante, buffet ou espaço de eventos";"Não foi localizada evidência suficiente de bar/resenha ou festas abertas ao público. Categoria/nome sugerem alimentação, comércio ou eventos sob contratação; não é exclusão definitiva.";"Triagem conservadora do cadastro";"Não verificado";"Não confirmada diretamente nesta pesquisa";"Reavaliar se houver prova de bar ou programação pública de festas.";"2026-10-05";"https://www.locaisdobrasil.com.br/encontre/buffet/sao-bernardo-do-campo-sp/sao-joao-batista-restaurante/66db8d6858c8e2634b992058";"Ficha correspondente (HTTP 200): https://www.locaisdobrasil.com.br/encontre/buffet/sao-bernardo-do-campo-sp/sao-joao-batista-restaurante/66db8d6858c8e2634b992058"
"NETUNO Comércio de Água";"fornecedor-de-bebidas";"R. Avanhandava, 194 - Vila Gilda, Santo André - SP, 09190-410";"Santo André";"2.03";"seg, ter, qua, qui, sex: 08:00–18:00; sáb: 08:00–13:00";"-23.6712822";"-46.5372271";"fonte secundária; funcionamento atual não confirmado";"Categoria ampla: inclui distribuidor, depósito e água; confirmar se é adega.";"https://www.locaisdobrasil.com.br/encontre/fornecedor-de-bebidas/santo-andre-sp/netuno-comercio-de-agua/653ba8255134829987a0013f";"Fora do foco atual";"5";"Não";"Fornecedor/serviço, não local de encontro";"Atividade identificada como fornecimento de água, serviço de evento, equipamento ou refrigeração; não há evidência de bar para permanecer.";"Nome/atividade registrada — triagem editorial";"Não verificado";"Não confirmada diretamente nesta pesquisa";"Manter no histórico; não incluir no catálogo atual.";"2026-10-05";"https://www.locaisdobrasil.com.br/encontre/fornecedor-de-bebidas/santo-andre-sp/netuno-comercio-de-agua/653ba8255134829987a0013f";"Ficha correspondente (HTTP 200): https://www.locaisdobrasil.com.br/encontre/fornecedor-de-bebidas/santo-andre-sp/netuno-comercio-de-agua/653ba8255134829987a0013f | Sem ficha correspondente (HTTP 404): https://restaurantguru.com.br/netuno-comercio-de-agua-santo-andre"
"Botequim Do Orestes";"bares";"R. Caminho do Pilar, 1930 - Vila Gilda, Santo André - SP, 09190-000";"Santo André";"2.037";"dom: 11:00–15:00; seg, ter, qua, qui, sex: 14:00–00:00; sáb: 11:00–00:00";"-23.6773906";"-46.5441643";"fonte secundária; funcionamento atual não confirmado";"";"https://www.locaisdobrasil.com.br/encontre/bares/santo-andre-sp/botequim-do-orestes/660d1b52a3f2688d6da69119";"Priorizar — perfil corroborado";"1";"Não";"Bar com música ao vivo";"Ficha no endereço correspondente apresenta música ao vivo, bebidas/petiscos no contexto de bar. Perfil compatível inferido; público universitário e preço acessível não comprovados.";"Perfil descrito em ficha/avaliações secundárias; operação pendente";"Não verificado";"Não confirmada diretamente nesta pesquisa";"Confirmar operação/horários diretamente; conferir endereço, fotos e acesso antes de cadastrar.";"2026-10-05";"https://restaurantguru.com.br/Botequim-do-Orestes-Santo-Andre";"Ficha correspondente (HTTP 200): https://www.locaisdobrasil.com.br/encontre/bares/santo-andre-sp/botequim-do-orestes/660d1b52a3f2688d6da69119 | Ficha correspondente (HTTP 200): https://restaurantguru.com.br/Botequim-do-Orestes-Santo-Andre"
"Tropical";"buffet";"R. Iguassu, 403 - Nova Gerti, São Caetano do Sul - SP, 09572-450";"São Caetano do Sul";"2.047";"dom: 10:00–00:00; seg, ter, qua, qui, sex, sáb: 07:00–00:00";"-23.647622200000004";"-46.567284699999995";"fonte secundária; funcionamento atual não confirmado";"Confirmar espaço físico para festas; categoria pode incluir restaurante ou serviço de alimentação.";"https://www.locaisdobrasil.com.br/encontre/buffet/sao-caetano-do-sul-sp/tropical/66de5636a0d134ad69f9b471";"Baixa prioridade — sem evidência de rolê";"4";"Não";"Restaurante, buffet ou espaço de eventos";"Não foi localizada evidência suficiente de bar/resenha ou festas abertas ao público. Categoria/nome sugerem alimentação, comércio ou eventos sob contratação; não é exclusão definitiva.";"Triagem conservadora do cadastro";"Não verificado";"Não confirmada diretamente nesta pesquisa";"Reavaliar se houver prova de bar ou programação pública de festas.";"2026-10-05";"https://www.locaisdobrasil.com.br/encontre/buffet/sao-caetano-do-sul-sp/tropical/66de5636a0d134ad69f9b471";"Ficha correspondente (HTTP 200): https://www.locaisdobrasil.com.br/encontre/buffet/sao-caetano-do-sul-sp/tropical/66de5636a0d134ad69f9b471"
"Restaurante Pompéia";"buffet";"Av. Higienópolis, 600 - Vila Gilda, Santo André - SP, 09190-360";"Santo André";"2.048";"dom, seg, ter, qua, qui, sex, sáb: 11:00–15:00";"-23.674969599999997";"-46.54036";"fonte secundária; funcionamento atual não confirmado";"Confirmar espaço físico para festas; categoria pode incluir restaurante ou serviço de alimentação.";"https://www.locaisdobrasil.com.br/encontre/buffet/santo-andre-sp/restaurante-pompeia/66dba2c258c8e2634b993999";"Baixa prioridade — sem evidência de rolê";"4";"Não";"Restaurante, buffet ou espaço de eventos";"Não foi localizada evidência suficiente de bar/resenha ou festas abertas ao público. Categoria/nome sugerem alimentação, comércio ou eventos sob contratação; não é exclusão definitiva.";"Triagem conservadora do cadastro";"Não verificado";"Não confirmada diretamente nesta pesquisa";"Reavaliar se houver prova de bar ou programação pública de festas.";"2026-10-05";"https://www.locaisdobrasil.com.br/encontre/buffet/santo-andre-sp/restaurante-pompeia/66dba2c258c8e2634b993999";"Ficha correspondente (HTTP 200): https://www.locaisdobrasil.com.br/encontre/buffet/santo-andre-sp/restaurante-pompeia/66dba2c258c8e2634b993999"
"Beerwings Pub";"bares";"R. das Figueiras, 1187 - Campestre, Santo André - SP, 09080-370";"Santo André";"2.052";"dom: 10:00–22:00; seg: 18:00–23:00; qua, qui: 18:00–23:30; sex: 17:00–00:00; sáb: 10:00–01:00";"-23.6473996";"-46.5409639";"fonte secundária; funcionamento atual não confirmado";"";"https://www.locaisdobrasil.com.br/encontre/bares/santo-andre-sp/beerwings-pub/660d1ab5a3f2688d6da690ec";"Pendente — fontes conflitantes";"3";"Não";"Pub/cervejaria";"Untappd sinaliza fechamento, enquanto registros cadastrais seguem ativos; operação no endereço precisa ser confirmada.";"Revisão complementar das fontes indicadas";"Não verificado";"Não confirmada diretamente nesta pesquisa";"Confirmar proposta, operação, acesso e endereço em canal da própria casa.";"2026-10-05";"https://untappd.com/v/beerwings-pub/10869228 | https://www.econodata.com.br/consulta-empresa/14594562000115-s-de-c-melo-barderi-bar-e-restaurante";"Ficha correspondente (HTTP 200): https://www.locaisdobrasil.com.br/encontre/bares/santo-andre-sp/beerwings-pub/660d1ab5a3f2688d6da690ec | Ficha correspondente (HTTP 200): https://restaurantguru.com.br/Beerwings-Pub-Santo-Andre"
"Buffet de Crepe | Buffet de Crepe Petit Paris";"buffet";"R. Vitória Régia, 69 - Rudge Ramos, São Bernardo do Campo - SP, 09624-050";"São Bernardo do Campo";"2.065";"seg, ter, qua, qui, sex, sáb: 08:00–21:00";"-23.6566691";"-46.573612999999995";"fonte secundária; funcionamento atual não confirmado";"Confirmar espaço físico para festas; categoria pode incluir restaurante ou serviço de alimentação.";"https://www.locaisdobrasil.com.br/encontre/buffet/sao-bernardo-do-campo-sp/buffet-de-crepe-buffet-de-crepe-petit-paris/66dba4c858c8e2634b993bb8";"Baixa prioridade — sem evidência de rolê";"4";"Não";"Restaurante, buffet ou espaço de eventos";"Não foi localizada evidência suficiente de bar/resenha ou festas abertas ao público. Categoria/nome sugerem alimentação, comércio ou eventos sob contratação; não é exclusão definitiva.";"Triagem conservadora do cadastro";"Não verificado";"Não confirmada diretamente nesta pesquisa";"Reavaliar se houver prova de bar ou programação pública de festas.";"2026-10-05";"https://www.locaisdobrasil.com.br/encontre/buffet/sao-bernardo-do-campo-sp/buffet-de-crepe-buffet-de-crepe-petit-paris/66dba4c858c8e2634b993bb8";"Ficha correspondente (HTTP 200): https://www.locaisdobrasil.com.br/encontre/buffet/sao-bernardo-do-campo-sp/buffet-de-crepe-buffet-de-crepe-petit-paris/66dba4c858c8e2634b993bb8"
"Detainees club";"casa-noturna";"R. das Figueiras, 1217 - Jardim, Santo André - SP, 09080-370";"Santo André";"2.065";"dom: 00:00–17:00; sex, sáb: 22:00–00:00";"-23.647199699999998";"-46.5410215";"fonte secundária; funcionamento atual não confirmado";"Categoria do diretório não garante balada; confirmar tipo de atividade.";"https://www.locaisdobrasil.com.br/encontre/casa-noturna/santo-andre-sp/detainees-club/647a6c6a424b1ac500a7b4d5";"Pendente — fontes conflitantes";"3";"Não";"Bar/casa de festas";"Registro empresarial indica situação inapta; isso não prova fechamento físico. Confirmar operação e endereço antes de inserir.";"Revisão complementar das fontes indicadas";"Não verificado";"Não confirmada diretamente nesta pesquisa";"Confirmar proposta, operação, acesso e endereço em canal da própria casa.";"2026-10-05";"https://cnpj.biz/35374043000111";"Ficha correspondente (HTTP 200): https://www.locaisdobrasil.com.br/encontre/casa-noturna/santo-andre-sp/detainees-club/647a6c6a424b1ac500a7b4d5 | Ficha correspondente (HTTP 200): https://restaurantguru.com.br/Detainees-club-Santo-Andre"
"Restaurante Jardim dos Sabores";"buffet";"Av. São João Batista, 297 - Rudge Ramos, São Bernardo do Campo - SP, 09635-000";"São Bernardo do Campo";"2.07";"seg, ter, qua, qui, sex, sáb: 11:30–15:00";"-23.651486199999997";"-46.571188";"fonte secundária; funcionamento atual não confirmado";"Confirmar espaço físico para festas; categoria pode incluir restaurante ou serviço de alimentação.";"https://www.locaisdobrasil.com.br/encontre/buffet/sao-bernardo-do-campo-sp/restaurante-jardim-dos-sabores/66db8d6658c8e2634b992055";"Baixa prioridade — sem evidência de rolê";"4";"Não";"Restaurante, buffet ou espaço de eventos";"Não foi localizada evidência suficiente de bar/resenha ou festas abertas ao público. Categoria/nome sugerem alimentação, comércio ou eventos sob contratação; não é exclusão definitiva.";"Triagem conservadora do cadastro";"Não verificado";"Não confirmada diretamente nesta pesquisa";"Reavaliar se houver prova de bar ou programação pública de festas.";"2026-10-05";"https://www.locaisdobrasil.com.br/encontre/buffet/sao-bernardo-do-campo-sp/restaurante-jardim-dos-sabores/66db8d6658c8e2634b992055";"Ficha correspondente (HTTP 200): https://www.locaisdobrasil.com.br/encontre/buffet/sao-bernardo-do-campo-sp/restaurante-jardim-dos-sabores/66db8d6658c8e2634b992055"
"Rancho das Figueiras";"bares";"R. das Figueiras, 1357 - Jardim, Santo André - SP, 09080-370";"Santo André";"2.114";"dom: 18:00–03:00; ter, sex, sáb: 20:00–04:00; qui: 20:00–03:00";"-23.646077299999998";"-46.5418022";"fonte secundária; funcionamento atual não confirmado";"";"https://www.locaisdobrasil.com.br/encontre/bares/santo-andre-sp/rancho-das-figueiras/636e4c82b46ef06da8426221";"Potencial — confirmar perfil/operação";"2";"Não";"Possível bar para resenha";"Categoria/nome sugerem bar, mas faltou informação específica e confiável sobre consumo no local, ambiente, proposta ou operação atual.";"Triagem pelo cadastro; sem corroboração específica";"Não verificado";"Não confirmada diretamente nesta pesquisa";"Confirmar proposta, operação, acesso e endereço em canal da própria casa.";"2026-10-05";"https://www.locaisdobrasil.com.br/encontre/bares/santo-andre-sp/rancho-das-figueiras/636e4c82b46ef06da8426221";"Ficha correspondente (HTTP 200): https://www.locaisdobrasil.com.br/encontre/bares/santo-andre-sp/rancho-das-figueiras/636e4c82b46ef06da8426221 | Sem ficha correspondente (HTTP 200): https://restaurantguru.com.br/Rancho-das-Figueiras-Santo-Andre"
"Restaurante Campestre";"buffet";"R. Marina, 1281 - Santa Maria, Santo André - SP, 09070-510";"Santo André";"2.118";"seg, ter, qua, qui, sex, sáb: 11:00–14:00";"-23.642536";"-46.5515495";"fonte secundária; funcionamento atual não confirmado";"Confirmar espaço físico para festas; categoria pode incluir restaurante ou serviço de alimentação.";"https://www.locaisdobrasil.com.br/encontre/buffet/santo-andre-sp/restaurante-campestre/66db8caa58c8e2634b991f66";"Baixa prioridade — sem evidência de rolê";"4";"Não";"Restaurante, buffet ou espaço de eventos";"Não foi localizada evidência suficiente de bar/resenha ou festas abertas ao público. Categoria/nome sugerem alimentação, comércio ou eventos sob contratação; não é exclusão definitiva.";"Triagem conservadora do cadastro";"Não verificado";"Não confirmada diretamente nesta pesquisa";"Reavaliar se houver prova de bar ou programação pública de festas.";"2026-10-05";"https://www.locaisdobrasil.com.br/encontre/buffet/santo-andre-sp/restaurante-campestre/66db8caa58c8e2634b991f66";"Ficha correspondente (HTTP 200): https://www.locaisdobrasil.com.br/encontre/buffet/santo-andre-sp/restaurante-campestre/66db8caa58c8e2634b991f66"
"Hoo''s Bar e Restaurante";"bares";"Alameda São Caetano, 365 - Jardim, Santo André - SP, 09560-105";"Santo André";"2.121";"dom: 14:00–02:00; qua, qui, sex: 17:00–02:00; sáb: 12:00–02:00";"-23.645918599999998";"-46.5419339";"fonte secundária; funcionamento atual não confirmado";"";"https://www.locaisdobrasil.com.br/encontre/bares/santo-andre-sp/hoos-bar-e-restaurante/660cf541a3f2688d6da685cf";"Potencial — confirmar perfil/operação";"2";"Não";"Possível bar para resenha";"Categoria/nome sugerem bar, mas faltou informação específica e confiável sobre consumo no local, ambiente, proposta ou operação atual.";"Triagem pelo cadastro; sem corroboração específica";"Não verificado";"Não confirmada diretamente nesta pesquisa";"Confirmar proposta, operação, acesso e endereço em canal da própria casa.";"2026-10-05";"https://www.locaisdobrasil.com.br/encontre/bares/santo-andre-sp/hoos-bar-e-restaurante/660cf541a3f2688d6da685cf";"Ficha correspondente (HTTP 200): https://www.locaisdobrasil.com.br/encontre/bares/santo-andre-sp/hoos-bar-e-restaurante/660cf541a3f2688d6da685cf | Sem ficha correspondente (HTTP 404): https://restaurantguru.com.br/hoo-s-bar-e-restaurante-santo-andre"
"Errejota Bangalô Bar";"bares";"Alameda São Caetano, 366 - Jardim, Santo André - SP, 09070-210";"Santo André";"2.124";"dom: 13:00–01:00; qua, qui: 16:30–01:00; sex: 16:30–02:00; sáb: 12:00–02:00";"-23.645692";"-46.5422292";"fonte secundária; funcionamento atual não confirmado";"";"https://www.locaisdobrasil.com.br/encontre/bares/santo-andre-sp/errejota-bangalo-bar/660d1abfa3f2688d6da690ef";"Priorizar — perfil corroborado";"1";"Não";"Bar com música ao vivo";"Ficha no endereço correspondente apresenta música ao vivo, bebidas/petiscos no contexto de bar. Perfil compatível inferido; público universitário e preço acessível não comprovados.";"Perfil descrito em ficha/avaliações secundárias; operação pendente";"Não verificado";"Não confirmada diretamente nesta pesquisa";"Confirmar operação/horários diretamente; conferir endereço, fotos e acesso antes de cadastrar.";"2026-10-05";"https://restaurantguru.com.br/Errejota-Bangalo-Bar-Santo-Andre";"Ficha correspondente (HTTP 200): https://www.locaisdobrasil.com.br/encontre/bares/santo-andre-sp/errejota-bangalo-bar/660d1abfa3f2688d6da690ef | Ficha correspondente (HTTP 200): https://restaurantguru.com.br/Errejota-Bangalo-Bar-Santo-Andre"
"Adega Digão Tabacaria";"adega";"Av. Bispo César Dacorso Filho, 218 - Rudge Ramos, São Bernardo do Campo - SP";"São Bernardo do Campo";"2.126";"Não localizado.";"-23.6549329";"-46.5736419";"Fonte secundária; operação atual não confirmada.";"";"https://www.benditoguia.com.br/empresa/adega-digao-tabacaria-rudge-ramos-sao-bernardo-do-campo-sp";"Pendente — consumo no local";"3";"Não";"Adega com preparo de bebidas; permanência não confirmada";"Descrição comercial informa copões e produtos de tabacaria; não comprova mesas/consumo no local. Endereço também diverge entre 170 e 218.";"Revisão complementar das fontes indicadas";"Não verificado";"Não confirmada diretamente nesta pesquisa";"Confirmar mesas/permanência e consumo no local; não inserir somente por vender bebidas.";"2026-10-05";"https://rudgeramosraiz.dbairro.com/vendor/adega-digao-tabacaria | https://www.cylex.com.br/sao-bernardo-do-campo/adega-dig%C3%A3o-tabacaria-13396507.html | https://www.benditoguia.com.br/empresa/adega-digao-tabacaria-rudge-ramos-sao-bernardo-do-campo-sp";"Sem ficha correspondente (HTTP 200): https://www.benditoguia.com.br/empresa/adega-digao-tabacaria-rudge-ramos-sao-bernardo-do-campo-sp | Sem ficha correspondente (HTTP 404): https://restaurantguru.com.br/adega-digao-tabacaria-sao-bernardo-do-campo"
"Bompas Restaurante";"buffet";"R. José D''Angelo, 365 - Jardim Ocara, Santo André - SP, 09051-090";"Santo André";"2.139";"seg, ter, qua, qui, sex, sáb: 11:00–15:00";"-23.6803569";"-46.550152";"fonte secundária; funcionamento atual não confirmado";"Confirmar espaço físico para festas; categoria pode incluir restaurante ou serviço de alimentação.";"https://www.locaisdobrasil.com.br/encontre/buffet/santo-andre-sp/bompas-restaurante/66db8ca658c8e2634b991f60";"Baixa prioridade — sem evidência de rolê";"4";"Não";"Restaurante, buffet ou espaço de eventos";"Não foi localizada evidência suficiente de bar/resenha ou festas abertas ao público. Categoria/nome sugerem alimentação, comércio ou eventos sob contratação; não é exclusão definitiva.";"Triagem conservadora do cadastro";"Não verificado";"Não confirmada diretamente nesta pesquisa";"Reavaliar se houver prova de bar ou programação pública de festas.";"2026-10-05";"https://www.locaisdobrasil.com.br/encontre/buffet/santo-andre-sp/bompas-restaurante/66db8ca658c8e2634b991f60";"Ficha correspondente (HTTP 200): https://www.locaisdobrasil.com.br/encontre/buffet/santo-andre-sp/bompas-restaurante/66db8ca658c8e2634b991f60"
"Choperia Paulista";"bares";"Av. Padre Manuel da Nóbrega, 219 - Jardim, Santo André - SP, 09080-140";"Santo André";"2.156";"dom: 12:00–23:00; ter, qua, qui: 16:00–01:00; sáb: 12:00–00:00";"-23.6537993";"-46.5345675";"fonte secundária; funcionamento atual não confirmado";"";"https://www.locaisdobrasil.com.br/encontre/bares/santo-andre-sp/choperia-paulista/660c11bfd622f2b541168ddb";"Não incluir — indicação de fechamento";"6";"Não";"Operação com indicação de encerramento";"Ficha correspondente ao endereço sinaliza encerramento permanente; horários antigos não comprovam abertura.";"Ficha secundária correspondente";"Não verificado";"Não confirmada diretamente nesta pesquisa";"Não publicar; reavaliar somente com prova de reabertura.";"2026-10-05";"https://restaurantguru.com.br/Choperia-Paulista-Santo-Andre";"Ficha correspondente (HTTP 200): https://www.locaisdobrasil.com.br/encontre/bares/santo-andre-sp/choperia-paulista/660c11bfd622f2b541168ddb | Ficha correspondente (HTTP 200): https://restaurantguru.com.br/Choperia-Paulista-Santo-Andre"
"Beco Figueiras";"bares";"R. das Figueiras, 1380 - Jardim, Santo André - SP, 09080-300";"Santo André";"2.164";"dom: 15:00–00:00; ter, qua, qui: 17:00–00:00; sex: 17:00–02:00; sáb: 15:00–02:00";"-23.645667";"-46.5415851";"fonte secundária; funcionamento atual não confirmado";"";"https://www.locaisdobrasil.com.br/encontre/bares/santo-andre-sp/beco-figueiras/660d1ad7a3f2688d6da690f6";"Já publicado";"0";"Sim";"Bar/adega para encontro";"Local já selecionado no catálogo; fontes da publicação preservadas. Publicado não significa operação confirmada hoje.";"Catálogo atual e respectivas fontes";"Não verificado";"Não confirmada diretamente nesta pesquisa";"Manter revisão manual de horários e operação.";"2026-10-05";"https://www.locaisdobrasil.com.br/encontre/bares/santo-andre-sp/beco-figueiras/660d1ad7a3f2688d6da690f6 | https://restaurantguru.com.br/Beco-Figueiras-Santo-Andre";"Ficha correspondente (HTTP 200): https://www.locaisdobrasil.com.br/encontre/bares/santo-andre-sp/beco-figueiras/660d1ad7a3f2688d6da690f6 | Ficha correspondente (HTTP 200): https://restaurantguru.com.br/Beco-Figueiras-Santo-Andre"
"Alfarre Pizza Bar";"bares";"Av. Padre Manuel da Nóbrega, 143 - Jardim, Santo André - SP, 09080-140";"Santo André";"2.172";"dom: 18:00–22:00; seg, ter: 11:00–15:00; qua, qui: 11:00–22:00; sex: 11:00–23:00; sáb: 18:00–23:00";"-23.6543155";"-46.534171099999995";"fonte secundária; funcionamento atual não confirmado";"";"https://www.locaisdobrasil.com.br/encontre/bares/santo-andre-sp/alfarre-pizza-bar/660d1bcaa3f2688d6da6913a";"Potencial — confirmar perfil/operação";"2";"Não";"Possível bar para resenha";"Categoria/nome sugerem bar, mas faltou informação específica e confiável sobre consumo no local, ambiente, proposta ou operação atual.";"Triagem pelo cadastro; sem corroboração específica";"Não verificado";"Não confirmada diretamente nesta pesquisa";"Confirmar proposta, operação, acesso e endereço em canal da própria casa.";"2026-10-05";"https://www.locaisdobrasil.com.br/encontre/bares/santo-andre-sp/alfarre-pizza-bar/660d1bcaa3f2688d6da6913a";"Ficha correspondente (HTTP 200): https://www.locaisdobrasil.com.br/encontre/bares/santo-andre-sp/alfarre-pizza-bar/660d1bcaa3f2688d6da6913a | Sem ficha correspondente (HTTP 200): https://restaurantguru.com.br/Alfarre-Santo-Andre-4"
"Babbo & Família";"buffet";"Av. Padre Manuel da Nóbrega, 370 - Jardim, Santo André - SP, 09080-140";"Santo André";"2.184";"seg, ter, qua, qui, sex, sáb: 11:30–14:15";"-23.6523953";"-46.5349941";"fonte secundária; funcionamento atual não confirmado";"Confirmar espaço físico para festas; categoria pode incluir restaurante ou serviço de alimentação.";"https://www.locaisdobrasil.com.br/encontre/buffet/santo-andre-sp/babbo-familia/66de73afa0d134ad69f9e0bb";"Baixa prioridade — sem evidência de rolê";"4";"Não";"Restaurante, buffet ou espaço de eventos";"Não foi localizada evidência suficiente de bar/resenha ou festas abertas ao público. Categoria/nome sugerem alimentação, comércio ou eventos sob contratação; não é exclusão definitiva.";"Triagem conservadora do cadastro";"Não verificado";"Não confirmada diretamente nesta pesquisa";"Reavaliar se houver prova de bar ou programação pública de festas.";"2026-10-05";"https://www.locaisdobrasil.com.br/encontre/buffet/santo-andre-sp/babbo-familia/66de73afa0d134ad69f9e0bb";"Ficha correspondente (HTTP 200): https://www.locaisdobrasil.com.br/encontre/buffet/santo-andre-sp/babbo-familia/66de73afa0d134ad69f9e0bb"
"Distribuidora de Bebidas Marlene";"fornecedor-de-bebidas";"R. Francisco Falzarano, 130 - Mauá, São Caetano do Sul - SP, 09580-450";"São Caetano do Sul";"2.203";"seg, ter, qua, qui, sex: 07:00–17:30; sáb: 07:00–12:00";"-23.6479772";"-46.569884699999996";"fonte secundária; funcionamento atual não confirmado";"Categoria ampla: inclui distribuidor, depósito e água; confirmar se é adega.";"https://www.locaisdobrasil.com.br/encontre/fornecedor-de-bebidas/sao-caetano-do-sul-sp/distribuidora-de-bebidas-marlene/652e9b90a560c09a5b14d815";"Pendente — consumo no local";"3";"Não";"Adega/bebidas — permanência não confirmada";"Venda/preparo de bebidas não comprova mesas, consumo no local ou ambiente de resenha; verificar antes de incluir.";"Categoria/nome do levantamento";"Não verificado";"Não confirmada diretamente nesta pesquisa";"Confirmar mesas/permanência e consumo no local; não inserir somente por vender bebidas.";"2026-10-05";"https://www.locaisdobrasil.com.br/encontre/fornecedor-de-bebidas/sao-caetano-do-sul-sp/distribuidora-de-bebidas-marlene/652e9b90a560c09a5b14d815";"Ficha correspondente (HTTP 200): https://www.locaisdobrasil.com.br/encontre/fornecedor-de-bebidas/sao-caetano-do-sul-sp/distribuidora-de-bebidas-marlene/652e9b90a560c09a5b14d815 | Sem ficha correspondente (HTTP 404): https://restaurantguru.com.br/distribuidora-de-bebidas-marlene-sao-caetano-do-sul"
"Adega Tanque Cheio";"fornecedor-de-bebidas";"R. das Laranjeiras, 785 - Campestre, Santo André - SP, 09070-561";"Santo André";"2.21";"dom: 11:00–20:00; qua, qui: 16:00–22:00; sex: 16:00–02:00; sáb: 14:00–02:00";"-23.643634499999997";"-46.5443989";"fonte secundária; funcionamento atual não confirmado";"Categoria ampla: inclui distribuidor, depósito e água; confirmar se é adega.";"https://www.locaisdobrasil.com.br/encontre/fornecedor-de-bebidas/santo-andre-sp/adega-tanque-cheio/653ba8225134829987a0013c";"Pendente — consumo no local";"3";"Não";"Adega/bebidas — permanência não confirmada";"Venda/preparo de bebidas não comprova mesas, consumo no local ou ambiente de resenha; verificar antes de incluir.";"Categoria/nome do levantamento";"Não verificado";"Não confirmada diretamente nesta pesquisa";"Confirmar mesas/permanência e consumo no local; não inserir somente por vender bebidas.";"2026-10-05";"https://www.locaisdobrasil.com.br/encontre/fornecedor-de-bebidas/santo-andre-sp/adega-tanque-cheio/653ba8225134829987a0013c";"Ficha correspondente (HTTP 200): https://www.locaisdobrasil.com.br/encontre/fornecedor-de-bebidas/santo-andre-sp/adega-tanque-cheio/653ba8225134829987a0013c | Sem ficha correspondente (HTTP 404): https://restaurantguru.com.br/adega-tanque-cheio-santo-andre"
"Chefia Restaurante";"buffet";"R. Alm. Protógenes, 300 - Jardim, Santo André - SP, 09090-760";"Santo André";"2.213";"seg, ter, qua, qui, sex, sáb: 11:00–14:30";"-23.650761799999998";"-46.5356901";"fonte secundária; funcionamento atual não confirmado";"Confirmar espaço físico para festas; categoria pode incluir restaurante ou serviço de alimentação.";"https://www.locaisdobrasil.com.br/encontre/buffet/santo-andre-sp/chefia-restaurante/66db8caf58c8e2634b991f6e";"Baixa prioridade — sem evidência de rolê";"4";"Não";"Restaurante, buffet ou espaço de eventos";"Não foi localizada evidência suficiente de bar/resenha ou festas abertas ao público. Categoria/nome sugerem alimentação, comércio ou eventos sob contratação; não é exclusão definitiva.";"Triagem conservadora do cadastro";"Não verificado";"Não confirmada diretamente nesta pesquisa";"Reavaliar se houver prova de bar ou programação pública de festas.";"2026-10-05";"https://www.locaisdobrasil.com.br/encontre/buffet/santo-andre-sp/chefia-restaurante/66db8caf58c8e2634b991f6e";"Ficha correspondente (HTTP 200): https://www.locaisdobrasil.com.br/encontre/buffet/santo-andre-sp/chefia-restaurante/66db8caf58c8e2634b991f6e"
"Express Grill";"buffet";"Av. Pereira Barreto, 42 - Paraíso, Santo André - SP, 09190-210";"Santo André";"2.219";"dom, seg, ter, qua, qui, sex, sáb: 11:00–22:00";"-23.6691508";"-46.5339193";"fonte secundária; funcionamento atual não confirmado";"Confirmar espaço físico para festas; categoria pode incluir restaurante ou serviço de alimentação.";"https://www.locaisdobrasil.com.br/encontre/buffet/santo-andre-sp/express-grill/66db8c9758c8e2634b991f4a";"Baixa prioridade — sem evidência de rolê";"4";"Não";"Restaurante, buffet ou espaço de eventos";"Não foi localizada evidência suficiente de bar/resenha ou festas abertas ao público. Categoria/nome sugerem alimentação, comércio ou eventos sob contratação; não é exclusão definitiva.";"Triagem conservadora do cadastro";"Não verificado";"Não confirmada diretamente nesta pesquisa";"Reavaliar se houver prova de bar ou programação pública de festas.";"2026-10-05";"https://www.locaisdobrasil.com.br/encontre/buffet/santo-andre-sp/express-grill/66db8c9758c8e2634b991f4a";"Ficha correspondente (HTTP 200): https://www.locaisdobrasil.com.br/encontre/buffet/santo-andre-sp/express-grill/66db8c9758c8e2634b991f4a"
"Toca 66 Bar";"bares";"Av. Senador Vergueiro, 1575 - Centro, São Bernardo do Campo - SP, 09750-001";"São Bernardo do Campo";"2.253";"seg: 00:00–23:59; ter: 11:00–15:01; qua, qui, sex: 11:00–15:00; sáb: 11:00–00:00";"-23.681666099999997";"-46.5554821";"fonte secundária; funcionamento atual não confirmado";"";"https://www.locaisdobrasil.com.br/encontre/bares/sao-bernardo-do-campo-sp/toca-66-bar/660c520cd622f2b54116a2a4";"Potencial — confirmar perfil/operação";"2";"Não";"Possível bar para resenha";"Categoria/nome sugerem bar, mas faltou informação específica e confiável sobre consumo no local, ambiente, proposta ou operação atual.";"Triagem pelo cadastro; sem corroboração específica";"Não verificado";"Não confirmada diretamente nesta pesquisa";"Confirmar proposta, operação, acesso e endereço em canal da própria casa.";"2026-10-05";"https://www.locaisdobrasil.com.br/encontre/bares/sao-bernardo-do-campo-sp/toca-66-bar/660c520cd622f2b54116a2a4";"Ficha correspondente (HTTP 200): https://www.locaisdobrasil.com.br/encontre/bares/sao-bernardo-do-campo-sp/toca-66-bar/660c520cd622f2b54116a2a4 | Sem ficha correspondente (HTTP 404): https://restaurantguru.com.br/toca-66-bar-sao-bernardo-do-campo"
"Santo bar";"bares";"R. Prof. Licínio, 503 - Vila Scarpelli, Santo André - SP, 09051-000";"Santo André";"2.256";"dom, seg, ter, qua, qui, sex, sáb: 00:00–23:59";"-23.6813179";"-46.549547999999994";"fonte secundária; funcionamento atual não confirmado";"";"https://www.locaisdobrasil.com.br/encontre/bares/santo-andre-sp/santo-bar/660d1b70a3f2688d6da69122";"Potencial — confirmar perfil/operação";"2";"Não";"Possível bar para resenha";"Categoria/nome sugerem bar, mas faltou informação específica e confiável sobre consumo no local, ambiente, proposta ou operação atual.";"Ficha correspondente sem detalhes de perfil suficientes";"Não verificado";"Não confirmada diretamente nesta pesquisa";"Confirmar proposta, operação, acesso e endereço em canal da própria casa.";"2026-10-05";"https://www.locaisdobrasil.com.br/encontre/bares/santo-andre-sp/santo-bar/660d1b70a3f2688d6da69122 | https://restaurantguru.com.br/Santo-bar-Santo-Andre";"Ficha correspondente (HTTP 200): https://www.locaisdobrasil.com.br/encontre/bares/santo-andre-sp/santo-bar/660d1b70a3f2688d6da69122 | Ficha correspondente (HTTP 200): https://restaurantguru.com.br/Santo-bar-Santo-Andre"
"Restaurante Casinha Verde";"buffet";"Av. Gilda, 169 - Vila Gilda, Santo André - SP, 09190-510";"Santo André";"2.291";"seg, ter, qua, qui, sex: 11:00–14:30; sáb: 11:00–15:00";"-23.6760782";"-46.5381721";"fonte secundária; funcionamento atual não confirmado";"Confirmar espaço físico para festas; categoria pode incluir restaurante ou serviço de alimentação.";"https://www.locaisdobrasil.com.br/encontre/buffet/santo-andre-sp/restaurante-casinha-verde/66db36bf8f35afd71841955b";"Baixa prioridade — sem evidência de rolê";"4";"Não";"Restaurante, buffet ou espaço de eventos";"Não foi localizada evidência suficiente de bar/resenha ou festas abertas ao público. Categoria/nome sugerem alimentação, comércio ou eventos sob contratação; não é exclusão definitiva.";"Triagem conservadora do cadastro";"Não verificado";"Não confirmada diretamente nesta pesquisa";"Reavaliar se houver prova de bar ou programação pública de festas.";"2026-10-05";"https://www.locaisdobrasil.com.br/encontre/buffet/santo-andre-sp/restaurante-casinha-verde/66db36bf8f35afd71841955b";"Ficha correspondente (HTTP 200): https://www.locaisdobrasil.com.br/encontre/buffet/santo-andre-sp/restaurante-casinha-verde/66db36bf8f35afd71841955b"
"raul fornero";"buffet";"R. Curupaiti, 153 - Jardim Paraiso, Santo André - SP, 09190-040";"Santo André";"2.301";"seg: 10:00–17:00; ter, qua, qui, sex: 09:00–18:00; sáb: 10:00–12:00";"-23.6793373";"-46.542659";"fonte secundária; funcionamento atual não confirmado";"Confirmar espaço físico para festas; categoria pode incluir restaurante ou serviço de alimentação.";"https://www.locaisdobrasil.com.br/encontre/buffet/santo-andre-sp/raul-fornero/66dba2be58c8e2634b993994";"Baixa prioridade — sem evidência de rolê";"4";"Não";"Restaurante, buffet ou espaço de eventos";"Não foi localizada evidência suficiente de bar/resenha ou festas abertas ao público. Categoria/nome sugerem alimentação, comércio ou eventos sob contratação; não é exclusão definitiva.";"Triagem conservadora do cadastro";"Não verificado";"Não confirmada diretamente nesta pesquisa";"Reavaliar se houver prova de bar ou programação pública de festas.";"2026-10-05";"https://www.locaisdobrasil.com.br/encontre/buffet/santo-andre-sp/raul-fornero/66dba2be58c8e2634b993994";"Ficha correspondente (HTTP 200): https://www.locaisdobrasil.com.br/encontre/buffet/santo-andre-sp/raul-fornero/66dba2be58c8e2634b993994"
"Anexo Brasa";"bares";"R. Vicente de Carvalho, 197 - Anchieta, São Bernardo do Campo - SP, 09726-252";"São Bernardo do Campo";"2.309";"Não localizado";"-23.6819901";"-46.5573772";"fonte secundária; funcionamento atual não confirmado";"";"https://www.locaisdobrasil.com.br/encontre/bares/sao-bernardo-do-campo-sp/anexo-brasa/634ee303bd08cbb564411d71";"Potencial — confirmar perfil/operação";"2";"Não";"Possível bar para resenha";"Categoria/nome sugerem bar, mas faltou informação específica e confiável sobre consumo no local, ambiente, proposta ou operação atual.";"Triagem pelo cadastro; sem corroboração específica";"Não verificado";"Não confirmada diretamente nesta pesquisa";"Confirmar proposta, operação, acesso e endereço em canal da própria casa.";"2026-10-05";"https://www.locaisdobrasil.com.br/encontre/bares/sao-bernardo-do-campo-sp/anexo-brasa/634ee303bd08cbb564411d71";"Ficha correspondente (HTTP 200): https://www.locaisdobrasil.com.br/encontre/bares/sao-bernardo-do-campo-sp/anexo-brasa/634ee303bd08cbb564411d71 | Sem ficha correspondente (HTTP 200): https://restaurantguru.com.br/Anexo-Brasa-Sao-Bernardo-do-Campo"
"Brasa Chopp e Parrilla";"bares";"Av. Kennedy, 888 - Jardim do Mar, São Bernardo do Campo - SP, 09726-253";"São Bernardo do Campo";"2.316";"dom, seg: 12:00–23:00; ter, qua, qui, sex, sáb: 12:00–01:00";"-23.6820485";"-46.557386799999996";"fonte secundária; funcionamento atual não confirmado";"";"https://www.locaisdobrasil.com.br/encontre/bares/sao-bernardo-do-campo-sp/brasa-chopp-e-parrilla/660bbd51d622f2b54116710c";"Priorizar — perfil corroborado";"1";"Não";"Bar com música ao vivo";"Ficha no endereço correspondente apresenta música ao vivo. Perfil compatível inferido; público universitário e preço acessível não comprovados.";"Perfil descrito em ficha/avaliações secundárias; operação pendente";"Não verificado";"Não confirmada diretamente nesta pesquisa";"Confirmar operação/horários diretamente; conferir endereço, fotos e acesso antes de cadastrar.";"2026-10-05";"https://restaurantguru.com.br/Brasa-Chopp-e-Parrilla-Sao-Bernardo-do-Campo";"Ficha correspondente (HTTP 200): https://www.locaisdobrasil.com.br/encontre/bares/sao-bernardo-do-campo-sp/brasa-chopp-e-parrilla/660bbd51d622f2b54116710c | Ficha correspondente (HTTP 200): https://restaurantguru.com.br/Brasa-Chopp-e-Parrilla-Sao-Bernardo-do-Campo"
"Bar e Lanche Lopes Star";"bares";"R. Manduri, 220 - Jardim Paraiso, Santo André - SP, 09190-280";"Santo André";"2.32";"seg, ter, qua, qui, sex: 09:30–21:00; sáb: 09:30–19:00";"-23.678514099999997";"-46.540907";"fonte secundária; funcionamento atual não confirmado";"";"https://www.locaisdobrasil.com.br/encontre/bares/santo-andre-sp/bar-e-lanche-lopes-star/636e4c5eb46ef06da8426202";"Potencial — confirmar perfil/operação";"2";"Não";"Possível bar para resenha";"Categoria/nome sugerem bar, mas faltou informação específica e confiável sobre consumo no local, ambiente, proposta ou operação atual.";"Ficha correspondente sem detalhes de perfil suficientes";"Não verificado";"Não confirmada diretamente nesta pesquisa";"Confirmar proposta, operação, acesso e endereço em canal da própria casa.";"2026-10-05";"https://www.locaisdobrasil.com.br/encontre/bares/santo-andre-sp/bar-e-lanche-lopes-star/636e4c5eb46ef06da8426202 | https://restaurantguru.com.br/Bar-e-Lanche-Lopes-Star-Santo-Andre";"Ficha correspondente (HTTP 200): https://www.locaisdobrasil.com.br/encontre/bares/santo-andre-sp/bar-e-lanche-lopes-star/636e4c5eb46ef06da8426202 | Ficha correspondente (HTTP 200): https://restaurantguru.com.br/Bar-e-Lanche-Lopes-Star-Santo-Andre"
"Studio 84 - Bar e Restaurante";"bares";"R. Vicente de Carvalho, 299 - Anchieta, São Bernardo do Campo - SP, 09732-600";"São Bernardo do Campo";"2.321";"seg, ter, qua, qui, sex, sáb: 07:00–14:30";"-23.6819444";"-46.5583333";"fonte secundária; funcionamento atual não confirmado";"";"https://www.locaisdobrasil.com.br/encontre/bares/sao-bernardo-do-campo-sp/studio-84-bar-e-restaurante/660c51afd622f2b54116a286";"Potencial — confirmar perfil/operação";"2";"Não";"Possível bar para resenha";"Categoria/nome sugerem bar, mas faltou informação específica e confiável sobre consumo no local, ambiente, proposta ou operação atual.";"Ficha correspondente sem detalhes de perfil suficientes";"Não verificado";"Não confirmada diretamente nesta pesquisa";"Confirmar proposta, operação, acesso e endereço em canal da própria casa.";"2026-10-05";"https://www.locaisdobrasil.com.br/encontre/bares/sao-bernardo-do-campo-sp/studio-84-bar-e-restaurante/660c51afd622f2b54116a286 | https://restaurantguru.com.br/Studio-84-Bar-e-Restaurante-Sao-Bernardo-do-Campo";"Ficha correspondente (HTTP 200): https://www.locaisdobrasil.com.br/encontre/bares/sao-bernardo-do-campo-sp/studio-84-bar-e-restaurante/660c51afd622f2b54116a286 | Ficha correspondente (HTTP 200): https://restaurantguru.com.br/Studio-84-Bar-e-Restaurante-Sao-Bernardo-do-Campo"
"Buffet Casa Flora Eventos";"salao-de-festas";"Alameda Araguaia, 540 - Santa Maria, São Caetano do Sul - SP, 09560-580";"São Caetano do Sul";"2.335";"seg, ter, qua, qui, sex: 13:00–18:00; sáb: 13:00–15:00";"-23.6404766";"-46.555235499999995";"fonte secundária; funcionamento atual não confirmado";"";"https://www.locaisdobrasil.com.br/encontre/salao-de-festas/sao-caetano-do-sul-sp/buffet-casa-flora-eventos/64d17458fe77cec8b0a103b0";"Baixa prioridade — sem evidência de rolê";"4";"Não";"Restaurante, buffet ou espaço de eventos";"Não foi localizada evidência suficiente de bar/resenha ou festas abertas ao público. Categoria/nome sugerem alimentação, comércio ou eventos sob contratação; não é exclusão definitiva.";"Triagem conservadora do cadastro";"Não verificado";"Não confirmada diretamente nesta pesquisa";"Reavaliar se houver prova de bar ou programação pública de festas.";"2026-10-05";"https://www.locaisdobrasil.com.br/encontre/salao-de-festas/sao-caetano-do-sul-sp/buffet-casa-flora-eventos/64d17458fe77cec8b0a103b0";"Ficha correspondente (HTTP 200): https://www.locaisdobrasil.com.br/encontre/salao-de-festas/sao-caetano-do-sul-sp/buffet-casa-flora-eventos/64d17458fe77cec8b0a103b0"
"UP 300 Gin & Chopp ABC";"bares";"Av. Kennedy, 792 - Jardim do Mar, São Bernardo do Campo - SP, 09726-253";"São Bernardo do Campo";"2.34";"dom: 16:00–00:00; sex: 20:00–04:00; sáb: 20:00–05:00";"-23.6822588";"-46.557457299999996";"fonte secundária; funcionamento atual não confirmado";"";"https://www.locaisdobrasil.com.br/encontre/bares/sao-bernardo-do-campo-sp/up-300-gin-chopp-abc/660c51b6d622f2b54116a288";"Potencial — confirmar perfil/operação";"2";"Não";"Possível bar para resenha";"Categoria/nome sugerem bar, mas faltou informação específica e confiável sobre consumo no local, ambiente, proposta ou operação atual.";"Triagem pelo cadastro; sem corroboração específica";"Não verificado";"Não confirmada diretamente nesta pesquisa";"Confirmar proposta, operação, acesso e endereço em canal da própria casa.";"2026-10-05";"https://www.locaisdobrasil.com.br/encontre/bares/sao-bernardo-do-campo-sp/up-300-gin-chopp-abc/660c51b6d622f2b54116a288";"Ficha correspondente (HTTP 200): https://www.locaisdobrasil.com.br/encontre/bares/sao-bernardo-do-campo-sp/up-300-gin-chopp-abc/660c51b6d622f2b54116a288 | Sem ficha correspondente (HTTP 404): https://restaurantguru.com.br/up-300-gin-chopp-abc-sao-bernardo-do-campo"
"O Campeão Distribuidora de Bebidas";"fornecedor-de-bebidas";"R. dos Jequitibás, 839 - Campestre, Santo André - SP, 09070-331";"Santo André";"2.341";"seg, ter, qua, qui: 09:00–18:00; sex: 09:00–17:00; sáb: 09:00–14:00";"-23.6408156";"-46.549445999999996";"fonte secundária; funcionamento atual não confirmado";"Categoria ampla: inclui distribuidor, depósito e água; confirmar se é adega.";"https://www.locaisdobrasil.com.br/encontre/fornecedor-de-bebidas/santo-andre-sp/o-campeao-distribuidora-de-bebidas/653ba8035134829987a00118";"Pendente — consumo no local";"3";"Não";"Adega/bebidas — permanência não confirmada";"Venda/preparo de bebidas não comprova mesas, consumo no local ou ambiente de resenha; verificar antes de incluir.";"Categoria/nome do levantamento";"Não verificado";"Não confirmada diretamente nesta pesquisa";"Confirmar mesas/permanência e consumo no local; não inserir somente por vender bebidas.";"2026-10-05";"https://www.locaisdobrasil.com.br/encontre/fornecedor-de-bebidas/santo-andre-sp/o-campeao-distribuidora-de-bebidas/653ba8035134829987a00118";"Ficha correspondente (HTTP 200): https://www.locaisdobrasil.com.br/encontre/fornecedor-de-bebidas/santo-andre-sp/o-campeao-distribuidora-de-bebidas/653ba8035134829987a00118 | Sem ficha correspondente (HTTP 404): https://restaurantguru.com.br/o-campeao-distribuidora-de-bebidas-santo-andre"
"Espaço Aberto Music Bar";"bares";"Av. Pereira Barreto, 869 - Paraíso, Santo André - SP, 09190-610";"Santo André";"2.346";"dom, qua, qui, sex, sáb: 18:00–03:00";"-23.674722199999998";"-46.5361111";"fonte secundária; funcionamento atual não confirmado";"";"https://www.locaisdobrasil.com.br/encontre/bares/santo-andre-sp/espaco-aberto-music-bar/660b7d17d622f2b54116550f";"Priorizar — perfil corroborado";"1";"Não";"Bar/karaokê";"Ficha no endereço correspondente apresenta karaokê, bebidas/petiscos no contexto de bar. Perfil compatível inferido; público universitário e preço acessível não comprovados.";"Perfil descrito em ficha/avaliações secundárias; operação pendente";"Não verificado";"Não confirmada diretamente nesta pesquisa";"Confirmar operação/horários diretamente; conferir endereço, fotos e acesso antes de cadastrar.";"2026-10-05";"https://restaurantguru.com.br/Espaco-Aberto-Music-Bar-Santo-Andre";"Ficha correspondente (HTTP 200): https://www.locaisdobrasil.com.br/encontre/bares/santo-andre-sp/espaco-aberto-music-bar/660b7d17d622f2b54116550f | Ficha correspondente (HTTP 200): https://restaurantguru.com.br/Espaco-Aberto-Music-Bar-Santo-Andre"
"Bardega Embaixador São Bernardo";"bares";"R. Olegário Herculano, 110 - Anchieta, São Bernardo do Campo - SP, 09732-570";"São Bernardo do Campo";"2.355";"dom, sex, sáb: 10:00–05:00; ter, qua, qui: 10:00–02:00";"-23.682426";"-46.557238299999995";"fonte secundária; funcionamento atual não confirmado";"";"https://www.locaisdobrasil.com.br/encontre/bares/sao-bernardo-do-campo-sp/bardega-embaixador-sao-bernardo/66c7a840f99178ff57474389";"Potencial — confirmar perfil/operação";"2";"Não";"Possível bar para resenha";"Categoria/nome sugerem bar, mas faltou informação específica e confiável sobre consumo no local, ambiente, proposta ou operação atual.";"Triagem pelo cadastro; sem corroboração específica";"Não verificado";"Não confirmada diretamente nesta pesquisa";"Confirmar proposta, operação, acesso e endereço em canal da própria casa.";"2026-10-05";"https://www.locaisdobrasil.com.br/encontre/bares/sao-bernardo-do-campo-sp/bardega-embaixador-sao-bernardo/66c7a840f99178ff57474389";"Ficha correspondente (HTTP 200): https://www.locaisdobrasil.com.br/encontre/bares/sao-bernardo-do-campo-sp/bardega-embaixador-sao-bernardo/66c7a840f99178ff57474389 | Sem ficha correspondente (HTTP 404): https://restaurantguru.com.br/bardega-embaixador-sao-bernardo-sao-bernardo-do-campo"
"Chopp Brahma Express Santo André";"bares";"Av. Dom Pedro II, 1101 - Jardim, Santo André - SP, 09080-110";"Santo André";"2.361";"seg, ter, qua, qui, sex, sáb: 09:00–19:00";"-23.6464468";"-46.537617";"fonte secundária; funcionamento atual não confirmado";"";"https://www.locaisdobrasil.com.br/encontre/bares/santo-andre-sp/chopp-brahma-express-santo-andre/660d1aa0a3f2688d6da690e6";"Baixa prioridade — sem evidência de rolê";"4";"Não";"Atividade não esclarecida";"Não foi localizada evidência suficiente de bar/resenha ou festas abertas ao público. Categoria/nome sugerem alimentação, comércio ou eventos sob contratação; não é exclusão definitiva.";"Triagem conservadora do cadastro";"Não verificado";"Não confirmada diretamente nesta pesquisa";"Reavaliar se houver prova de bar ou programação pública de festas.";"2026-10-05";"https://www.locaisdobrasil.com.br/encontre/bares/santo-andre-sp/chopp-brahma-express-santo-andre/660d1aa0a3f2688d6da690e6";"Ficha correspondente (HTTP 200): https://www.locaisdobrasil.com.br/encontre/bares/santo-andre-sp/chopp-brahma-express-santo-andre/660d1aa0a3f2688d6da690e6 | Sem ficha correspondente (HTTP 404): https://restaurantguru.com.br/chopp-brahma-express-santo-andre-santo-andre"
"52'' s Rock Bar";"bares";"R. Olegário Herculano, 192 - Vila Dayse, São Bernardo do Campo - SP, 09732-570";"São Bernardo do Campo";"2.363";"sex, sáb: 18:00–02:00";"-23.6823889";"-46.5579995";"fonte secundária; funcionamento atual não confirmado";"";"https://www.locaisdobrasil.com.br/encontre/bares/sao-bernardo-do-campo-sp/52-s-rock-bar/660be73ad622f2b541167f98";"Priorizar — perfil corroborado";"1";"Não";"Rock ao vivo e drinks";"Publicações replicadas de setembro de 2026 divulgam bandas e endereço Rua Olegário Herculano 192; perfil de música e encontros corroborado, confirmar agenda diretamente.";"Revisão complementar das fontes indicadas";"Não verificado";"Não confirmada diretamente nesta pesquisa";"Confirmar operação/horários diretamente; conferir endereço, fotos e acesso antes de cadastrar.";"2026-10-05";"https://www.findglocal.com/BR/S%C3%A3o-Bernardo-do-Campo/1779091045685097/52%27s-Rock-Bar | https://restaurantguru.com.br/52s-Rock-Bar-Sao-Bernardo-do-Campo";"Ficha correspondente (HTTP 200): https://www.locaisdobrasil.com.br/encontre/bares/sao-bernardo-do-campo-sp/52-s-rock-bar/660be73ad622f2b541167f98 | Sem ficha correspondente (HTTP 404): https://restaurantguru.com.br/52-s-rock-bar-sao-bernardo-do-campo"
"Liverpool Bar";"bares";"Av. Kennedy, 819 - Jardim do Mar, São Bernardo do Campo - SP, 09726-260";"São Bernardo do Campo";"2.363";"dom, sáb: 12:00–01:00; seg, ter, qua, qui: 16:00–00:00; sex: 16:00–01:00";"-23.6824041";"-46.5578757";"fonte secundária; funcionamento atual não confirmado";"";"https://www.locaisdobrasil.com.br/encontre/bares/sao-bernardo-do-campo-sp/liverpool-bar/634ee58fbd08cbb564411f5d";"Potencial — confirmar perfil/operação";"2";"Não";"Possível bar para resenha";"Categoria/nome sugerem bar, mas faltou informação específica e confiável sobre consumo no local, ambiente, proposta ou operação atual.";"Triagem pelo cadastro; sem corroboração específica";"Não verificado";"Não confirmada diretamente nesta pesquisa";"Confirmar proposta, operação, acesso e endereço em canal da própria casa.";"2026-10-05";"https://www.locaisdobrasil.com.br/encontre/bares/sao-bernardo-do-campo-sp/liverpool-bar/634ee58fbd08cbb564411f5d";"Ficha correspondente (HTTP 200): https://www.locaisdobrasil.com.br/encontre/bares/sao-bernardo-do-campo-sp/liverpool-bar/634ee58fbd08cbb564411f5d | Sem ficha correspondente (HTTP 404): https://restaurantguru.com.br/liverpool-bar-sao-bernardo-do-campo"
"Nosso Quintal";"buffet";"Av. Padre Anchieta, 339 - Jardim, Santo André - SP, 09090-710";"Santo André";"2.39";"seg, ter, qua, qui, sex: 07:30–15:00; sáb: 08:30–14:50";"-23.6521614";"-46.5328562";"fonte secundária; funcionamento atual não confirmado";"Confirmar espaço físico para festas; categoria pode incluir restaurante ou serviço de alimentação.";"https://www.locaisdobrasil.com.br/encontre/buffet/santo-andre-sp/nosso-quintal/66db8c9258c8e2634b991f42";"Baixa prioridade — sem evidência de rolê";"4";"Não";"Restaurante, buffet ou espaço de eventos";"Não foi localizada evidência suficiente de bar/resenha ou festas abertas ao público. Categoria/nome sugerem alimentação, comércio ou eventos sob contratação; não é exclusão definitiva.";"Triagem conservadora do cadastro";"Não verificado";"Não confirmada diretamente nesta pesquisa";"Reavaliar se houver prova de bar ou programação pública de festas.";"2026-10-05";"https://www.locaisdobrasil.com.br/encontre/buffet/santo-andre-sp/nosso-quintal/66db8c9258c8e2634b991f42";"Ficha correspondente (HTTP 200): https://www.locaisdobrasil.com.br/encontre/buffet/santo-andre-sp/nosso-quintal/66db8c9258c8e2634b991f42"
"Boteco São Bento Santo André";"bares";"R. das Bandeiras, 16 - Jardim, Santo André - SP, 09090-780";"Santo André";"2.391";"dom, ter, qua, qui, sex, sáb: 12:00–01:00; seg: 16:00–01:00";"-23.6527535";"-46.532547900000004";"fonte secundária; funcionamento atual não confirmado";"";"https://www.locaisdobrasil.com.br/encontre/bares/santo-andre-sp/boteco-sao-bento-santo-andre/68a9979f2648b322fc60609f";"Já publicado";"0";"Sim";"Bar/adega para encontro";"Local já selecionado no catálogo; fontes da publicação preservadas. Publicado não significa operação confirmada hoje.";"Catálogo atual e respectivas fontes";"Não verificado";"Não confirmada diretamente nesta pesquisa";"Manter revisão manual de horários e operação.";"2026-10-05";"https://botecosaobento.com.br/ | https://www.locaisdobrasil.com.br/encontre/bares/santo-andre-sp/boteco-sao-bento-santo-andre/68a9979f2648b322fc60609f | https://restaurantguru.com.br/Boteco-Sao-Bento-Santo-Andre-Santo-Andre";"Ficha correspondente (HTTP 200): https://www.locaisdobrasil.com.br/encontre/bares/santo-andre-sp/boteco-sao-bento-santo-andre/68a9979f2648b322fc60609f | Ficha correspondente (HTTP 200): https://restaurantguru.com.br/Boteco-Sao-Bento-Santo-Andre-Santo-Andre"
"Buffet e Salão de Festas Bannana Park";"salao-de-festas";"R. Conselheiro Justino, 643 - Campestre, Santo André - SP, 09070-580";"Santo André";"2.404";"seg, ter, qua, qui, sex, sáb: 00:00–23:59";"-23.6414516";"-46.545057";"fonte secundária; funcionamento atual não confirmado";"";"https://www.locaisdobrasil.com.br/encontre/salao-de-festas/santo-andre-sp/buffet-e-salao-de-festas-bannana-park/6286a052911b8129b7e7ead1";"Baixa prioridade — sem evidência de rolê";"4";"Não";"Restaurante, buffet ou espaço de eventos";"Não foi localizada evidência suficiente de bar/resenha ou festas abertas ao público. Categoria/nome sugerem alimentação, comércio ou eventos sob contratação; não é exclusão definitiva.";"Triagem conservadora do cadastro";"Não verificado";"Não confirmada diretamente nesta pesquisa";"Reavaliar se houver prova de bar ou programação pública de festas.";"2026-10-05";"https://www.locaisdobrasil.com.br/encontre/salao-de-festas/santo-andre-sp/buffet-e-salao-de-festas-bannana-park/6286a052911b8129b7e7ead1";"Ficha correspondente (HTTP 200): https://www.locaisdobrasil.com.br/encontre/salao-de-festas/santo-andre-sp/buffet-e-salao-de-festas-bannana-park/6286a052911b8129b7e7ead1"
"Buffet Ocean Drive";"buffet";"Av. Padre Anchieta, 208 - Jardim, Santo André - SP, 09090-710";"Santo André";"2.434";"seg, ter, qua, qui, sex, sáb: 10:00–18:00";"-23.6529603";"-46.5319929";"Endereço oficial; horários secundários seg–sáb 10h–18h provavelmente atendimento comercial, não duração das festas.";"Confirmar espaço físico para festas; categoria pode incluir restaurante ou serviço de alimentação.";"https://www.locaisdobrasil.com.br/encontre/buffet/santo-andre-sp/buffet-ocean-drive/66dba2d258c8e2634b9939aa | https://www.oceandrive.com.br/index.html";"Já publicado";"0";"Sim";"Bar/adega para encontro";"Local já selecionado no catálogo; fontes da publicação preservadas. Publicado não significa operação confirmada hoje.";"Catálogo atual e respectivas fontes";"Não verificado";"Não confirmada diretamente nesta pesquisa";"Manter revisão manual de horários e operação.";"2026-10-05";"https://www.oceandrive.com.br/index.html | https://www.locaisdobrasil.com.br/encontre/buffet/santo-andre-sp/buffet-ocean-drive/66dba2d258c8e2634b9939aa";"Ficha correspondente (HTTP 200): https://www.locaisdobrasil.com.br/encontre/buffet/santo-andre-sp/buffet-ocean-drive/66dba2d258c8e2634b9939aa | Sem ficha correspondente (HTTP 404): https://restaurantguru.com.br/buffet-ocean-drive-santo-andre"
"Supra Bar Dom Pedro - Santo André";"bares";"Av. Dom Pedro II, 1254 - Jardim, Santo André - SP, 09071-000";"Santo André";"2.439";"dom: 15:00–01:00; qua, qui: 17:00–01:00; sex: 18:00–03:00; sáb: 16:00–03:00";"-23.6451383";"-46.538017499999995";"fonte secundária; funcionamento atual não confirmado";"";"https://www.locaisdobrasil.com.br/encontre/bares/santo-andre-sp/supra-bar-dom-pedro-santo-andre/660d1b0fa3f2688d6da69106";"Não incluir — indicação de fechamento";"6";"Não";"Bar com indicação de fechamento";"Usuário informou encerramento permanente, corroborado por ficha; página antiga do Supra não basta para reativar.";"Revisão complementar das fontes indicadas";"Não verificado";"Não confirmada diretamente nesta pesquisa";"Não publicar; reavaliar somente com prova de reabertura.";"2026-10-05";"https://es.restaurantguru.com/Subway-Dom-Pedro-II-Santo-Andre-2";"Ficha correspondente (HTTP 200): https://www.locaisdobrasil.com.br/encontre/bares/santo-andre-sp/supra-bar-dom-pedro-santo-andre/660d1b0fa3f2688d6da69106 | Ficha correspondente (HTTP 200): https://restaurantguru.com.br/Subway-Dom-Pedro-II-Santo-Andre-2"
"HOUSE BELLE CASA AMARELA";"casa-noturna";"Santo André - SP";"Santo André";"2.467";"seg, ter, qua, qui, sex, sáb: 13:30–20:30";"-23.6439023";"-46.5392036";"fonte secundária; funcionamento atual não confirmado";"Endereço sem número publicado. Categoria do diretório não garante balada; confirmar tipo de atividade.";"https://www.locaisdobrasil.com.br/encontre/casa-noturna/santo-andre-sp/house-belle-casa-amarela/6467686c6f16b70535a5f1cc";"Pendente — perfil não esclarecido";"3";"Não";"Casa noturna — tipo de acesso/perfil a confirmar";"Categoria de casa noturna é insuficiente para distinguir festas públicas, atendimento reservado ou cadastro incorreto; confirmar proposta e agenda.";"Categoria original apenas";"Não verificado";"Não confirmada diretamente nesta pesquisa";"Confirmar proposta, operação, acesso e endereço em canal da própria casa.";"2026-10-05";"https://www.locaisdobrasil.com.br/encontre/casa-noturna/santo-andre-sp/house-belle-casa-amarela/6467686c6f16b70535a5f1cc";"Ficha correspondente (HTTP 200): https://www.locaisdobrasil.com.br/encontre/casa-noturna/santo-andre-sp/house-belle-casa-amarela/6467686c6f16b70535a5f1cc | Sem ficha correspondente (HTTP 200): https://restaurantguru.com.br/HOUSE-BELLE-CASA-AMARELA-Santo-Andre"
"Boteco Kazu - Bar e Espetaria.";"bares";"Praça Nossa Sra. de Fátima, 48 - Anchieta, São Bernardo do Campo - SP, 09732-460";"São Bernardo do Campo";"2.475";"seg, ter, qua, qui, sex: 16:00–22:00; sáb: 12:00–20:00";"-23.682577499999997";"-46.5616653";"fonte secundária; funcionamento atual não confirmado";"";"https://www.locaisdobrasil.com.br/encontre/bares/sao-bernardo-do-campo-sp/boteco-kazu-bar-e-espetaria/660be720d622f2b541167f90";"Priorizar — perfil corroborado";"1";"Não";"Bar para conversa e bebidas";"Ficha no endereço correspondente apresenta bebidas/petiscos no contexto de bar. Perfil compatível inferido; público universitário e preço acessível não comprovados.";"Perfil descrito em ficha/avaliações secundárias; operação pendente";"Não verificado";"Não confirmada diretamente nesta pesquisa";"Confirmar operação/horários diretamente; conferir endereço, fotos e acesso antes de cadastrar.";"2026-10-05";"https://restaurantguru.com.br/Boteco-Kazu-Bar-e-Espetaria-Sao-Bernardo-do-Campo";"Ficha correspondente (HTTP 200): https://www.locaisdobrasil.com.br/encontre/bares/sao-bernardo-do-campo-sp/boteco-kazu-bar-e-espetaria/660be720d622f2b541167f90 | Ficha correspondente (HTTP 200): https://restaurantguru.com.br/Boteco-Kazu-Bar-e-Espetaria-Sao-Bernardo-do-Campo"
"Fogo bravon";"buffet";"Av. Kennedy, 700 - Parque Sao Diogo, São Bernardo do Campo - SP, 09726-252";"São Bernardo do Campo";"2.489";"dom: 11:00–22:00; seg, ter, qua, qui, sex, sáb: 10:00–22:00";"-23.683588699999998";"-46.557629899999995";"fonte secundária; funcionamento atual não confirmado";"Confirmar espaço físico para festas; categoria pode incluir restaurante ou serviço de alimentação.";"https://www.locaisdobrasil.com.br/encontre/buffet/sao-bernardo-do-campo-sp/fogo-bravon/66db8d6458c8e2634b992051";"Baixa prioridade — sem evidência de rolê";"4";"Não";"Restaurante, buffet ou espaço de eventos";"Não foi localizada evidência suficiente de bar/resenha ou festas abertas ao público. Categoria/nome sugerem alimentação, comércio ou eventos sob contratação; não é exclusão definitiva.";"Triagem conservadora do cadastro";"Não verificado";"Não confirmada diretamente nesta pesquisa";"Reavaliar se houver prova de bar ou programação pública de festas.";"2026-10-05";"https://www.locaisdobrasil.com.br/encontre/buffet/sao-bernardo-do-campo-sp/fogo-bravon/66db8d6458c8e2634b992051";"Ficha correspondente (HTTP 200): https://www.locaisdobrasil.com.br/encontre/buffet/sao-bernardo-do-campo-sp/fogo-bravon/66db8d6458c8e2634b992051"
"Buffet Status";"buffet";"Av. Portugal, 79 - Centro, Santo André - SP, 09510-300";"Santo André";"2.497";"seg, ter, qua, qui, sex: 09:00–18:00; sáb: 09:00–16:00";"-23.6567659";"-46.5300392";"fonte secundária; funcionamento atual não confirmado";"Confirmar espaço físico para festas; categoria pode incluir restaurante ou serviço de alimentação.";"https://www.locaisdobrasil.com.br/encontre/buffet/santo-andre-sp/buffet-status/66db02fe8f35afd718417367";"Baixa prioridade — sem evidência de rolê";"4";"Não";"Restaurante, buffet ou espaço de eventos";"Não foi localizada evidência suficiente de bar/resenha ou festas abertas ao público. Categoria/nome sugerem alimentação, comércio ou eventos sob contratação; não é exclusão definitiva.";"Triagem conservadora do cadastro";"Não verificado";"Não confirmada diretamente nesta pesquisa";"Reavaliar se houver prova de bar ou programação pública de festas.";"2026-10-05";"https://www.locaisdobrasil.com.br/encontre/buffet/santo-andre-sp/buffet-status/66db02fe8f35afd718417367";"Ficha correspondente (HTTP 200): https://www.locaisdobrasil.com.br/encontre/buffet/santo-andre-sp/buffet-status/66db02fe8f35afd718417367"
"Casavino";"fornecedor-de-bebidas";"R. Prof. Licínio, 65 - Vila Scarpelli, Santo André - SP, 09051-000";"Santo André";"2.502";"seg, ter, qua, qui, sex: 10:00–18:00";"-23.6826386";"-46.5457514";"fonte secundária; funcionamento atual não confirmado";"Categoria ampla: inclui distribuidor, depósito e água; confirmar se é adega.";"https://www.locaisdobrasil.com.br/encontre/fornecedor-de-bebidas/santo-andre-sp/casavino/653ba80f5134829987a00126";"Baixa prioridade — sem evidência de rolê";"4";"Não";"Comércio/distribuição de bebidas";"Não foi localizada evidência suficiente de bar/resenha ou festas abertas ao público. Categoria/nome sugerem alimentação, comércio ou eventos sob contratação; não é exclusão definitiva.";"Triagem conservadora do cadastro";"Não verificado";"Não confirmada diretamente nesta pesquisa";"Reavaliar se houver prova de bar ou programação pública de festas.";"2026-10-05";"https://www.locaisdobrasil.com.br/encontre/fornecedor-de-bebidas/santo-andre-sp/casavino/653ba80f5134829987a00126";"Ficha correspondente (HTTP 200): https://www.locaisdobrasil.com.br/encontre/fornecedor-de-bebidas/santo-andre-sp/casavino/653ba80f5134829987a00126 | Sem ficha correspondente (HTTP 404): https://restaurantguru.com.br/casavino-santo-andre"
"Dona Eliza";"buffet";"R. Dona Elisa Fláquer, 112 - Centro, Santo André - SP, 09020-160";"Santo André";"2.511";"seg, ter, qua, qui, sex: 11:00–15:00";"-23.6582203";"-46.5296215";"fonte secundária; funcionamento atual não confirmado";"Confirmar espaço físico para festas; categoria pode incluir restaurante ou serviço de alimentação.";"https://www.locaisdobrasil.com.br/encontre/buffet/santo-andre-sp/dona-eliza/66db8ca758c8e2634b991f61";"Baixa prioridade — sem evidência de rolê";"4";"Não";"Restaurante, buffet ou espaço de eventos";"Não foi localizada evidência suficiente de bar/resenha ou festas abertas ao público. Categoria/nome sugerem alimentação, comércio ou eventos sob contratação; não é exclusão definitiva.";"Triagem conservadora do cadastro";"Não verificado";"Não confirmada diretamente nesta pesquisa";"Reavaliar se houver prova de bar ou programação pública de festas.";"2026-10-05";"https://www.locaisdobrasil.com.br/encontre/buffet/santo-andre-sp/dona-eliza/66db8ca758c8e2634b991f61";"Ficha correspondente (HTTP 200): https://www.locaisdobrasil.com.br/encontre/buffet/santo-andre-sp/dona-eliza/66db8ca758c8e2634b991f61"
"Bar do Pascoal";"bares";"R. Porto Carrero, 355 - Campestre, Santo André - SP, 09070-240";"Santo André";"2.517";"dom: 08:00–16:00; seg, ter, qua, qui, sex, sáb: 07:00–23:00";"-23.641861199999997";"-46.5416357";"fonte secundária; funcionamento atual não confirmado";"";"https://www.locaisdobrasil.com.br/encontre/bares/santo-andre-sp/bar-do-pascoal/636e4cf2b46ef06da8426282";"Priorizar — perfil corroborado";"1";"Não";"Bar para conversa e bebidas";"Ficha no endereço correspondente apresenta bebidas/petiscos no contexto de bar. Perfil compatível inferido; público universitário e preço acessível não comprovados.";"Perfil descrito em ficha/avaliações secundárias; operação pendente";"Não verificado";"Não confirmada diretamente nesta pesquisa";"Confirmar operação/horários diretamente; conferir endereço, fotos e acesso antes de cadastrar.";"2026-10-05";"https://restaurantguru.com.br/Wells-Bar-Santo-Andre";"Ficha correspondente (HTTP 200): https://www.locaisdobrasil.com.br/encontre/bares/santo-andre-sp/bar-do-pascoal/636e4cf2b46ef06da8426282 | Ficha correspondente (HTTP 200): https://restaurantguru.com.br/Wells-Bar-Santo-Andre"
"Clube Aguias";"bares";"R. Juruá, 4 - Mauá, São Caetano do Sul - SP, 09572-480";"São Caetano do Sul";"2.55";"dom, ter, qua, qui, sex, sáb: 09:00–18:00";"-23.6431459";"-46.5691017";"fonte secundária; funcionamento atual não confirmado";"";"https://www.locaisdobrasil.com.br/encontre/bares/sao-caetano-do-sul-sp/clube-aguias/660be1b5d622f2b541167dbb";"Potencial — confirmar perfil/operação";"2";"Não";"Possível bar para resenha";"Categoria/nome sugerem bar, mas faltou informação específica e confiável sobre consumo no local, ambiente, proposta ou operação atual.";"Ficha correspondente sem detalhes de perfil suficientes";"Não verificado";"Não confirmada diretamente nesta pesquisa";"Confirmar proposta, operação, acesso e endereço em canal da própria casa.";"2026-10-05";"https://www.locaisdobrasil.com.br/encontre/bares/sao-caetano-do-sul-sp/clube-aguias/660be1b5d622f2b541167dbb | https://restaurantguru.com.br/Clube-Aguias-Sao-Caetano-do-Sul";"Ficha correspondente (HTTP 200): https://www.locaisdobrasil.com.br/encontre/bares/sao-caetano-do-sul-sp/clube-aguias/660be1b5d622f2b541167dbb | Ficha correspondente (HTTP 200): https://restaurantguru.com.br/Clube-Aguias-Sao-Caetano-do-Sul"
"Dom Quixote";"bares";"Av. Kennedy, 605 - Vila Marlene, São Bernardo do Campo - SP, 09726-260";"São Bernardo do Campo";"2.556";"dom, ter, qua, qui: 18:00–23:00; sex, sáb: 18:00–01:00";"-23.6840354";"-46.558715";"fonte secundária; funcionamento atual não confirmado";"";"https://www.locaisdobrasil.com.br/encontre/bares/sao-bernardo-do-campo-sp/dom-quixote/660c4fa8d622f2b54116a1db";"Não incluir — indicação de fechamento";"6";"Não";"Operação com indicação de encerramento";"Ficha correspondente ao endereço sinaliza encerramento permanente; horários antigos não comprovam abertura.";"Ficha secundária correspondente";"Não verificado";"Não confirmada diretamente nesta pesquisa";"Não publicar; reavaliar somente com prova de reabertura.";"2026-10-05";"https://restaurantguru.com.br/Pizzaria-Don-Quixote-Sao-Bernardo-do-Campo";"Ficha correspondente (HTTP 200): https://www.locaisdobrasil.com.br/encontre/bares/sao-bernardo-do-campo-sp/dom-quixote/660c4fa8d622f2b54116a1db | Ficha correspondente (HTTP 200): https://restaurantguru.com.br/Pizzaria-Don-Quixote-Sao-Bernardo-do-Campo"
"Bar e Lanches Reis Sanches";"bares";"R. Cel. Fernando Prestes, 228 - Centro, Santo André - SP, 09020-110";"Santo André";"2.556";"seg, ter, qua, qui, sex, sáb: 07:00–22:00";"-23.6609033";"-46.5289323";"fonte secundária; funcionamento atual não confirmado";"";"https://www.locaisdobrasil.com.br/encontre/bares/santo-andre-sp/bar-e-lanches-reis-sanches/660d1870a3f2688d6da69043";"Potencial — confirmar perfil/operação";"2";"Não";"Possível bar para resenha";"Categoria/nome sugerem bar, mas faltou informação específica e confiável sobre consumo no local, ambiente, proposta ou operação atual.";"Ficha correspondente sem detalhes de perfil suficientes";"Não verificado";"Não confirmada diretamente nesta pesquisa";"Confirmar proposta, operação, acesso e endereço em canal da própria casa.";"2026-10-05";"https://www.locaisdobrasil.com.br/encontre/bares/santo-andre-sp/bar-e-lanches-reis-sanches/660d1870a3f2688d6da69043 | https://restaurantguru.com.br/Bar-E-Lanches-Reis-Sanches-Santo-Andre";"Ficha correspondente (HTTP 200): https://www.locaisdobrasil.com.br/encontre/bares/santo-andre-sp/bar-e-lanches-reis-sanches/660d1870a3f2688d6da69043 | Ficha correspondente (HTTP 200): https://restaurantguru.com.br/Bar-E-Lanches-Reis-Sanches-Santo-Andre"
"Kadê a Betty Beer";"bares";"Av. Pres. Kennedy, 3055 - Boa Vista, São Caetano do Sul - SP, 09561-065";"São Caetano do Sul";"2.575";"dom: 16:00–23:00; ter, qua, qui: 17:00–00:00; sex, sáb: 16:00–01:00";"-23.6387376";"-46.558952999999995";"fonte secundária; funcionamento atual não confirmado";"";"https://www.locaisdobrasil.com.br/encontre/bares/sao-caetano-do-sul-sp/kade-a-betty-beer/660f6f4ea451b0ad1fb9c3b7";"Potencial — confirmar perfil/operação";"2";"Não";"Possível bar para resenha";"Categoria/nome sugerem bar, mas faltou informação específica e confiável sobre consumo no local, ambiente, proposta ou operação atual.";"Triagem pelo cadastro; sem corroboração específica";"Não verificado";"Não confirmada diretamente nesta pesquisa";"Confirmar proposta, operação, acesso e endereço em canal da própria casa.";"2026-10-05";"https://www.locaisdobrasil.com.br/encontre/bares/sao-caetano-do-sul-sp/kade-a-betty-beer/660f6f4ea451b0ad1fb9c3b7";"Ficha correspondente (HTTP 200): https://www.locaisdobrasil.com.br/encontre/bares/sao-caetano-do-sul-sp/kade-a-betty-beer/660f6f4ea451b0ad1fb9c3b7 | Sem ficha correspondente (HTTP 404): https://restaurantguru.com.br/kade-a-betty-beer-sao-caetano-do-sul"
"Boteco Adoniran";"bares";"Av. Kennedy, 579 - Jardim do Mar, São Bernardo do Campo - SP, 09726-262";"São Bernardo do Campo";"2.591";"dom: 12:00–22:00; ter, qua, qui: 16:00–00:00; sex: 16:00–01:00; sáb: 12:00–01:00";"-23.6843284";"-46.5588493";"fonte secundária; funcionamento atual não confirmado";"";"https://www.locaisdobrasil.com.br/encontre/bares/sao-bernardo-do-campo-sp/boteco-adoniran/634efb1cbd08cbb564412f38";"Priorizar — perfil corroborado";"1";"Não";"Bar/karaokê";"Ficha no endereço correspondente apresenta karaokê. Perfil compatível inferido; público universitário e preço acessível não comprovados.";"Perfil descrito em ficha/avaliações secundárias; operação pendente";"Não verificado";"Não confirmada diretamente nesta pesquisa";"Confirmar operação/horários diretamente; conferir endereço, fotos e acesso antes de cadastrar.";"2026-10-05";"https://restaurantguru.com.br/Boteco-Adoniran-Sao-Bernardo-do-Campo";"Ficha correspondente (HTTP 200): https://www.locaisdobrasil.com.br/encontre/bares/sao-bernardo-do-campo-sp/boteco-adoniran/634efb1cbd08cbb564412f38 | Ficha correspondente (HTTP 200): https://restaurantguru.com.br/Boteco-Adoniran-Sao-Bernardo-do-Campo"
"Cantina e restaurante náuticos";"buffet";"R. Tiradentes, 100 - Vila Dora, Santo André - SP, 09030-560";"Santo André";"2.598";"seg, ter, qua, qui: 11:00–15:00; sex, sáb: 00:00–23:59";"-23.6708797";"-46.5306803";"fonte secundária; funcionamento atual não confirmado";"Confirmar espaço físico para festas; categoria pode incluir restaurante ou serviço de alimentação.";"https://www.locaisdobrasil.com.br/encontre/buffet/santo-andre-sp/cantina-e-restaurante-nauticos/66db8ca458c8e2634b991f5d";"Baixa prioridade — sem evidência de rolê";"4";"Não";"Restaurante, buffet ou espaço de eventos";"Não foi localizada evidência suficiente de bar/resenha ou festas abertas ao público. Categoria/nome sugerem alimentação, comércio ou eventos sob contratação; não é exclusão definitiva.";"Triagem conservadora do cadastro";"Não verificado";"Não confirmada diretamente nesta pesquisa";"Reavaliar se houver prova de bar ou programação pública de festas.";"2026-10-05";"https://www.locaisdobrasil.com.br/encontre/buffet/santo-andre-sp/cantina-e-restaurante-nauticos/66db8ca458c8e2634b991f5d";"Ficha correspondente (HTTP 200): https://www.locaisdobrasil.com.br/encontre/buffet/santo-andre-sp/cantina-e-restaurante-nauticos/66db8ca458c8e2634b991f5d"
"Bar Do Luiz";"bares";"Av. Paranapanema, 247 - Nova Gerti, São Caetano do Sul - SP, 09580-310";"São Caetano do Sul";"2.599";"Não localizado";"-23.641369299999997";"-46.567072599999996";"fonte secundária; funcionamento atual não confirmado";"";"https://www.locaisdobrasil.com.br/encontre/bares/sao-caetano-do-sul-sp/bar-do-luiz/672a54d39f5ed1f39589102e";"Potencial — confirmar perfil/operação";"2";"Não";"Possível bar para resenha";"Categoria/nome sugerem bar, mas faltou informação específica e confiável sobre consumo no local, ambiente, proposta ou operação atual.";"Triagem pelo cadastro; sem corroboração específica";"Não verificado";"Não confirmada diretamente nesta pesquisa";"Confirmar proposta, operação, acesso e endereço em canal da própria casa.";"2026-10-05";"https://www.locaisdobrasil.com.br/encontre/bares/sao-caetano-do-sul-sp/bar-do-luiz/672a54d39f5ed1f39589102e";"Ficha correspondente (HTTP 200): https://www.locaisdobrasil.com.br/encontre/bares/sao-caetano-do-sul-sp/bar-do-luiz/672a54d39f5ed1f39589102e | Sem ficha correspondente (HTTP 200): https://restaurantguru.com.br/Bar-Do-Luiz-Sao-Caetano-do-Sul"
"SA Espaço Bar Café";"bares";"Alameda dos Jacarandás, 91 - Jardim, Santo André - SP, 09090-030";"Santo André";"2.61";"seg, ter, qua, qui, sex: 10:00–22:00; sáb: 10:00–20:00";"-23.6432712";"-46.537815599999995";"fonte secundária; funcionamento atual não confirmado";"";"https://www.locaisdobrasil.com.br/encontre/bares/santo-andre-sp/sa-espaco-bar-cafe/660d1ba0a3f2688d6da6912f";"Potencial — confirmar perfil/operação";"2";"Não";"Possível bar para resenha";"Categoria/nome sugerem bar, mas faltou informação específica e confiável sobre consumo no local, ambiente, proposta ou operação atual.";"Triagem pelo cadastro; sem corroboração específica";"Não verificado";"Não confirmada diretamente nesta pesquisa";"Confirmar proposta, operação, acesso e endereço em canal da própria casa.";"2026-10-05";"https://www.locaisdobrasil.com.br/encontre/bares/santo-andre-sp/sa-espaco-bar-cafe/660d1ba0a3f2688d6da6912f";"Ficha correspondente (HTTP 200): https://www.locaisdobrasil.com.br/encontre/bares/santo-andre-sp/sa-espaco-bar-cafe/660d1ba0a3f2688d6da6912f | Sem ficha correspondente (HTTP 404): https://restaurantguru.com.br/sa-espaco-bar-cafe-santo-andre"
"SpazioG&G Kennedy - SALÃO DE FESTA EM SÃO CAETANO DO SUL";"salao-de-festas";"Av. Pres. Kennedy, 3024 - Santa Paula, São Caetano do Sul - SP, 09572-015";"São Caetano do Sul";"2.617";"dom: 13:00–19:00; seg: 15:00–21:00; ter, qua, qui, sex: 15:00–22:00; sáb: 14:00–23:30";"-23.638414599999997";"-46.5592724";"fonte secundária; funcionamento atual não confirmado";"";"https://www.locaisdobrasil.com.br/encontre/salao-de-festas/sao-caetano-do-sul-sp/spaziogg-kennedy-salao-de-festa-em-sao-caetano-do-sul/64d17451fe77cec8b0a103a9";"Baixa prioridade — sem evidência de rolê";"4";"Não";"Restaurante, buffet ou espaço de eventos";"Não foi localizada evidência suficiente de bar/resenha ou festas abertas ao público. Categoria/nome sugerem alimentação, comércio ou eventos sob contratação; não é exclusão definitiva.";"Triagem conservadora do cadastro";"Não verificado";"Não confirmada diretamente nesta pesquisa";"Reavaliar se houver prova de bar ou programação pública de festas.";"2026-10-05";"https://www.locaisdobrasil.com.br/encontre/salao-de-festas/sao-caetano-do-sul-sp/spaziogg-kennedy-salao-de-festa-em-sao-caetano-do-sul/64d17451fe77cec8b0a103a9";"Ficha correspondente (HTTP 200): https://www.locaisdobrasil.com.br/encontre/salao-de-festas/sao-caetano-do-sul-sp/spaziogg-kennedy-salao-de-festa-em-sao-caetano-do-sul/64d17451fe77cec8b0a103a9"
"Mocergo";"bares";"R. Siqueira Campos, 1039 - Centro, Santo André - SP, 09020-240";"Santo André";"2.622";"dom, sáb: 17:00–23:00; qui, sex: 18:00–00:00";"-23.6635697";"-46.5283778";"fonte secundária; funcionamento atual não confirmado";"";"https://www.locaisdobrasil.com.br/encontre/bares/santo-andre-sp/mocergo/636e4602b46ef06da8425c91";"Priorizar — perfil corroborado";"1";"Não";"Bar alternativo para conversa e drinks";"Ficha no mesmo município/endereço e avaliações recentes descrevem encontros entre amigos, bebidas e ambiente de bar; há divergência 1039/1047 no número, confirmar antes de publicar.";"Revisão complementar das fontes indicadas";"Não verificado";"Não confirmada diretamente nesta pesquisa";"Confirmar operação/horários diretamente; conferir endereço, fotos e acesso antes de cadastrar.";"2026-10-05";"https://restaurantguru.com.br/Mocergo-Santo-Andre | https://culturaz.santoandre.sp.gov.br/projeto/2048/";"Ficha correspondente (HTTP 200): https://www.locaisdobrasil.com.br/encontre/bares/santo-andre-sp/mocergo/636e4602b46ef06da8425c91 | Ficha correspondente (HTTP 200): https://restaurantguru.com.br/Mocergo-Santo-Andre"
"Manakah";"bares";"R. Maria Scopel Takeshita, 290 - Jardim do Mar, São Bernardo do Campo - SP, 09750-050";"São Bernardo do Campo";"2.632";"dom: 14:00–22:00; ter, qua, qui: 17:00–00:00; sex: 17:00–02:00; sáb: 15:00–02:00";"-23.6847802";"-46.5583855";"fonte secundária; funcionamento atual não confirmado";"";"https://www.locaisdobrasil.com.br/encontre/bares/sao-bernardo-do-campo-sp/manakah/660bbd25d622f2b5411670fd";"Não incluir — indicação de fechamento";"6";"Não";"Operação com indicação de encerramento";"Ficha correspondente ao endereço sinaliza encerramento permanente; horários antigos não comprovam abertura.";"Ficha secundária correspondente";"Não verificado";"Não confirmada diretamente nesta pesquisa";"Não publicar; reavaliar somente com prova de reabertura.";"2026-10-05";"https://restaurantguru.com.br/Manakah-Sao-Bernardo-do-Campo";"Ficha correspondente (HTTP 200): https://www.locaisdobrasil.com.br/encontre/bares/sao-bernardo-do-campo-sp/manakah/660bbd25d622f2b5411670fd | Ficha correspondente (HTTP 200): https://restaurantguru.com.br/Manakah-Sao-Bernardo-do-Campo"
"Adega DuDé";"fornecedor-de-bebidas";"Av. Tietê, 68 - Nova Gerti, São Caetano do Sul - SP, 09572-400";"São Caetano do Sul";"2.641";"dom: 09:00–15:00; seg, ter, qua, qui: 09:00–20:00; sex: 09:00–21:30; sáb: 09:00–20:30";"-23.639953800000004";"-46.5650543";"fonte secundária; funcionamento atual não confirmado";"Categoria ampla: inclui distribuidor, depósito e água; confirmar se é adega.";"https://www.locaisdobrasil.com.br/encontre/fornecedor-de-bebidas/sao-caetano-do-sul-sp/adega-dude/652e9b9ea560c09a5b14d823";"Pendente — consumo no local";"3";"Não";"Adega/bebidas — permanência não confirmada";"Venda/preparo de bebidas não comprova mesas, consumo no local ou ambiente de resenha; verificar antes de incluir.";"Ficha correspondente, consumo não esclarecido";"Não verificado";"Não confirmada diretamente nesta pesquisa";"Confirmar mesas/permanência e consumo no local; não inserir somente por vender bebidas.";"2026-10-05";"https://www.locaisdobrasil.com.br/encontre/fornecedor-de-bebidas/sao-caetano-do-sul-sp/adega-dude/652e9b9ea560c09a5b14d823 | https://restaurantguru.com.br/Adega-DuDe-Sao-Caetano-do-Sul";"Ficha correspondente (HTTP 200): https://www.locaisdobrasil.com.br/encontre/fornecedor-de-bebidas/sao-caetano-do-sul-sp/adega-dude/652e9b9ea560c09a5b14d823 | Ficha correspondente (HTTP 200): https://restaurantguru.com.br/Adega-DuDe-Sao-Caetano-do-Sul"
"Quiosque Chopp Brahma Grand Plaza Shopping";"bares";"Grand Plaza Shopping - Av. Industrial, 600 - Jardim, Santo André - SP, 09080-500";"Santo André";"2.641";"dom, seg, ter, qua, qui, sex, sáb: 10:00–22:00";"-23.6486442";"-46.5321857";"fonte secundária; funcionamento atual não confirmado";"";"https://www.locaisdobrasil.com.br/encontre/bares/santo-andre-sp/quiosque-chopp-brahma-grand-plaza-shopping/660c51d8d622f2b54116a293";"Potencial — confirmar perfil/operação";"2";"Não";"Possível bar para resenha";"Categoria/nome sugerem bar, mas faltou informação específica e confiável sobre consumo no local, ambiente, proposta ou operação atual.";"Triagem pelo cadastro; sem corroboração específica";"Não verificado";"Não confirmada diretamente nesta pesquisa";"Confirmar proposta, operação, acesso e endereço em canal da própria casa.";"2026-10-05";"https://www.locaisdobrasil.com.br/encontre/bares/santo-andre-sp/quiosque-chopp-brahma-grand-plaza-shopping/660c51d8d622f2b54116a293";"Ficha correspondente (HTTP 200): https://www.locaisdobrasil.com.br/encontre/bares/santo-andre-sp/quiosque-chopp-brahma-grand-plaza-shopping/660c51d8d622f2b54116a293 | Sem ficha correspondente (HTTP 404): https://restaurantguru.com.br/quiosque-chopp-brahma-grand-plaza-shopping-santo-andre"
"Primas Carlos Campos";"casa-noturna";"R. Pres. Carlos de Campos, 90 - Centro, Santo André - SP, 09015-060";"Santo André";"2.649";"dom, seg, ter, qua, qui, sex, sáb: 00:00–23:59";"-23.654673";"-46.529080699999994";"fonte secundária; funcionamento atual não confirmado";"Categoria do diretório não garante balada; confirmar tipo de atividade.";"https://www.locaisdobrasil.com.br/encontre/casa-noturna/santo-andre-sp/primas-carlos-campos/647a6c68424b1ac500a7b4d3";"Pendente — perfil não esclarecido";"3";"Não";"Casa noturna — tipo de acesso/perfil a confirmar";"Categoria de casa noturna é insuficiente para distinguir festas públicas, atendimento reservado ou cadastro incorreto; confirmar proposta e agenda.";"Categoria original apenas";"Não verificado";"Não confirmada diretamente nesta pesquisa";"Confirmar proposta, operação, acesso e endereço em canal da própria casa.";"2026-10-05";"https://www.locaisdobrasil.com.br/encontre/casa-noturna/santo-andre-sp/primas-carlos-campos/647a6c68424b1ac500a7b4d3";"Ficha correspondente (HTTP 200): https://www.locaisdobrasil.com.br/encontre/casa-noturna/santo-andre-sp/primas-carlos-campos/647a6c68424b1ac500a7b4d3 | Sem ficha correspondente (HTTP 404): https://restaurantguru.com.br/primas-carlos-campos-santo-andre"
"LJ Acompanhantes";"casa-noturna";"R. Pres. Carlos de Campos, 90 - Centro, Santo André - SP, 09015-060";"Santo André";"2.649";"dom, seg, ter, qua, qui, sex, sáb: 10:00–22:00";"-23.6546782";"-46.529087999999994";"fonte secundária; funcionamento atual não confirmado";"Categoria do diretório não garante balada; confirmar tipo de atividade.";"https://www.locaisdobrasil.com.br/encontre/casa-noturna/santo-andre-sp/lj-acompanhantes/651d51b90d4f0406650015f8";"Fora do foco atual";"5";"Não";"Serviço/entretenimento adulto";"Descrição/identificação de serviço adulto não corresponde à seleção de bares e resenhas entre amigos.";"Identificação explícita na ficha/nome";"Não verificado";"Não confirmada diretamente nesta pesquisa";"Manter no histórico; não incluir no catálogo atual.";"2026-10-05";"https://www.locaisdobrasil.com.br/encontre/casa-noturna/santo-andre-sp/lj-acompanhantes/651d51b90d4f0406650015f8";"Ficha correspondente (HTTP 200): https://www.locaisdobrasil.com.br/encontre/casa-noturna/santo-andre-sp/lj-acompanhantes/651d51b90d4f0406650015f8"
"Jim Jones Pub";"bares";"R. Santo André, 157 - Centro, Santo André - SP, 09020-230";"Santo André";"2.653";"dom: 15:00–01:00; ter, qua, qui, sex: 16:00–02:00; sáb: 15:00–02:00";"-23.663435399999997";"-46.528063";"fonte secundária; funcionamento atual não confirmado";"";"https://www.locaisdobrasil.com.br/encontre/bares/santo-andre-sp/jim-jones-pub/660d1abca3f2688d6da690ee";"Priorizar — perfil corroborado";"1";"Não";"Pub para amigos e drinks";"Portal municipal e ficha com avaliações recentes correspondem à Rua Santo André 157; há relatos de encontros com amigos. Confirmar horário com a casa.";"Revisão complementar das fontes indicadas";"Não verificado";"Não confirmada diretamente nesta pesquisa";"Confirmar operação/horários diretamente; conferir endereço, fotos e acesso antes de cadastrar.";"2026-10-05";"https://www3.santoandre.sp.gov.br/turismosantoandre/bares-e-cervejarias/ | https://restaurantguru.com.br/Jim-Jones-Pub-Santo-Andre";"Ficha correspondente (HTTP 200): https://www.locaisdobrasil.com.br/encontre/bares/santo-andre-sp/jim-jones-pub/660d1abca3f2688d6da690ee | Ficha correspondente (HTTP 200): https://restaurantguru.com.br/Jim-Jones-Pub-Santo-Andre"
"Sevilla Lounge";"casa-noturna";"R. Maria Scopel Takeshita, 319 - Jardim Tres Marias, São Bernardo do Campo - SP, 09750-050";"São Bernardo do Campo";"2.661";"sex, sáb: 22:00–05:00";"-23.6849948";"-46.5586986";"fonte secundária; funcionamento atual não confirmado";"Categoria do diretório não garante balada; confirmar tipo de atividade.";"https://www.locaisdobrasil.com.br/encontre/casa-noturna/sao-bernardo-do-campo-sp/sevilla-lounge/6467766b6f16b70535a603f2";"Pendente — perfil não esclarecido";"3";"Não";"Casa noturna — tipo de acesso/perfil a confirmar";"Categoria de casa noturna é insuficiente para distinguir festas públicas, atendimento reservado ou cadastro incorreto; confirmar proposta e agenda.";"Categoria original apenas";"Não verificado";"Não confirmada diretamente nesta pesquisa";"Confirmar proposta, operação, acesso e endereço em canal da própria casa.";"2026-10-05";"https://www.locaisdobrasil.com.br/encontre/casa-noturna/sao-bernardo-do-campo-sp/sevilla-lounge/6467766b6f16b70535a603f2";"Ficha correspondente (HTTP 200): https://www.locaisdobrasil.com.br/encontre/casa-noturna/sao-bernardo-do-campo-sp/sevilla-lounge/6467766b6f16b70535a603f2 | Sem ficha correspondente (HTTP 404): https://restaurantguru.com.br/sevilla-lounge-sao-bernardo-do-campo"
"Bar Plaza";"bares";"Av. Industrial, 180 - Jardim, Santo André - SP, 09080-500";"Santo André";"2.661";"dom: 17:00–02:00; seg, ter, qua, qui: 11:30–02:00; sex, sáb: 11:30–03:00";"-23.6519694";"-46.530028099999996";"fonte secundária; funcionamento atual não confirmado";"";"https://www.locaisdobrasil.com.br/encontre/bares/santo-andre-sp/bar-plaza/660d1ac6a3f2688d6da690f1";"Potencial — confirmar perfil/operação";"2";"Não";"Possível bar para resenha";"Categoria/nome sugerem bar, mas faltou informação específica e confiável sobre consumo no local, ambiente, proposta ou operação atual.";"Triagem pelo cadastro; sem corroboração específica";"Não verificado";"Não confirmada diretamente nesta pesquisa";"Confirmar proposta, operação, acesso e endereço em canal da própria casa.";"2026-10-05";"https://www.locaisdobrasil.com.br/encontre/bares/santo-andre-sp/bar-plaza/660d1ac6a3f2688d6da690f1";"Ficha correspondente (HTTP 200): https://www.locaisdobrasil.com.br/encontre/bares/santo-andre-sp/bar-plaza/660d1ac6a3f2688d6da690f1 | Sem ficha correspondente (HTTP 404): https://restaurantguru.com.br/bar-plaza-santo-andre"
"Lajje Beer";"bares";"R. Continental, 59 - Sobreloja - Jardim do Mar, São Bernardo do Campo - SP, 09750-060";"São Bernardo do Campo";"2.681";"dom: 16:00–22:00; qua, qui: 17:00–23:00; sex, sáb: 17:00–00:00";"-23.6855178";"-46.555526";"fonte secundária; funcionamento atual não confirmado";"";"https://www.locaisdobrasil.com.br/encontre/bares/sao-bernardo-do-campo-sp/lajje-beer/66c7a83df99178ff5747437e";"Priorizar — perfil corroborado";"1";"Não";"Bar/karaokê";"Ficha no endereço correspondente apresenta karaokê, bebidas/petiscos no contexto de bar. Perfil compatível inferido; público universitário e preço acessível não comprovados.";"Perfil descrito em ficha/avaliações secundárias; operação pendente";"Não verificado";"Não confirmada diretamente nesta pesquisa";"Confirmar operação/horários diretamente; conferir endereço, fotos e acesso antes de cadastrar.";"2026-10-05";"https://restaurantguru.com.br/Lajje-Beer-Sao-Bernardo-do-Campo";"Ficha correspondente (HTTP 200): https://www.locaisdobrasil.com.br/encontre/bares/sao-bernardo-do-campo-sp/lajje-beer/66c7a83df99178ff5747437e | Ficha correspondente (HTTP 200): https://restaurantguru.com.br/Lajje-Beer-Sao-Bernardo-do-Campo"
"Uau Buffet - (Antigo Paraiso Encantado) - Salão de Festa";"salao-de-festas";"R. Gamboa, 255 - Paraíso, Santo André - SP, 09190-670";"Santo André";"2.682";"dom, seg, ter, qua, qui, sex, sáb: 08:00–23:00";"-23.675614";"-46.532707099999996";"fonte secundária; funcionamento atual não confirmado";"";"https://www.locaisdobrasil.com.br/encontre/salao-de-festas/santo-andre-sp/uau-buffet-antigo-paraiso-encantado-salao-de-festa/628542df911b8129b7e77031";"Baixa prioridade — sem evidência de rolê";"4";"Não";"Restaurante, buffet ou espaço de eventos";"Não foi localizada evidência suficiente de bar/resenha ou festas abertas ao público. Categoria/nome sugerem alimentação, comércio ou eventos sob contratação; não é exclusão definitiva.";"Triagem conservadora do cadastro";"Não verificado";"Não confirmada diretamente nesta pesquisa";"Reavaliar se houver prova de bar ou programação pública de festas.";"2026-10-05";"https://www.locaisdobrasil.com.br/encontre/salao-de-festas/santo-andre-sp/uau-buffet-antigo-paraiso-encantado-salao-de-festa/628542df911b8129b7e77031";"Ficha correspondente (HTTP 200): https://www.locaisdobrasil.com.br/encontre/salao-de-festas/santo-andre-sp/uau-buffet-antigo-paraiso-encantado-salao-de-festa/628542df911b8129b7e77031"
"Joana D''arc Music Bar";"bares";"R. Borges de Medeiros, 47 - Vila Jordanopolis, São Bernardo do Campo - SP, 09891-390";"São Bernardo do Campo";"2.695";"dom, sáb: 14:00–00:00; ter, qua, qui, sex: 17:30–00:00";"-23.681922";"-46.568184699999996";"fonte secundária; funcionamento atual não confirmado";"";"https://www.locaisdobrasil.com.br/encontre/bares/sao-bernardo-do-campo-sp/joana-darc-music-bar/660c5232d622f2b54116a2b0";"Potencial — confirmar perfil/operação";"2";"Não";"Possível bar musical/pub";"Categoria/nome sugerem bar, mas faltou informação específica e confiável sobre consumo no local, ambiente, proposta ou operação atual.";"Triagem pelo cadastro; sem corroboração específica";"Não verificado";"Não confirmada diretamente nesta pesquisa";"Confirmar proposta, operação, acesso e endereço em canal da própria casa.";"2026-10-05";"https://www.locaisdobrasil.com.br/encontre/bares/sao-bernardo-do-campo-sp/joana-darc-music-bar/660c5232d622f2b54116a2b0";"Ficha correspondente (HTTP 200): https://www.locaisdobrasil.com.br/encontre/bares/sao-bernardo-do-campo-sp/joana-darc-music-bar/660c5232d622f2b54116a2b0 | Sem ficha correspondente (HTTP 404): https://restaurantguru.com.br/joana-d-arc-music-bar-sao-bernardo-do-campo"
"Boteco Do Baby";"bares";"R. Manoel Augusto Ferreirinha, 1018 - Nova Gerti, São Caetano do Sul - SP, 09580-020";"São Caetano do Sul";"2.702";"Não localizado";"-23.6387081";"-46.5633663";"fonte secundária; funcionamento atual não confirmado";"";"https://www.locaisdobrasil.com.br/encontre/bares/sao-caetano-do-sul-sp/boteco-do-baby/660f6fa9a451b0ad1fb9c3e5";"Potencial — confirmar perfil/operação";"2";"Não";"Possível bar para resenha";"Categoria/nome sugerem bar, mas faltou informação específica e confiável sobre consumo no local, ambiente, proposta ou operação atual.";"Triagem pelo cadastro; sem corroboração específica";"Não verificado";"Não confirmada diretamente nesta pesquisa";"Confirmar proposta, operação, acesso e endereço em canal da própria casa.";"2026-10-05";"https://www.locaisdobrasil.com.br/encontre/bares/sao-caetano-do-sul-sp/boteco-do-baby/660f6fa9a451b0ad1fb9c3e5";"Ficha correspondente (HTTP 200): https://www.locaisdobrasil.com.br/encontre/bares/sao-caetano-do-sul-sp/boteco-do-baby/660f6fa9a451b0ad1fb9c3e5 | Sem ficha correspondente (HTTP 200): https://restaurantguru.com.br/Boteco-Do-Baby-Sao-Caetano-do-Sul"
"Adega Empório ABC";"fornecedor-de-bebidas";"R. José Bonifácio - Vila Assunção, Santo André - SP, 09030-550";"Santo André";"2.702";"dom, sex, sáb: 11:00–00:00; ter, qua, qui: 11:00–23:00";"-23.671444299999997";"-46.5298316";"fonte secundária; funcionamento atual não confirmado";"Categoria ampla: inclui distribuidor, depósito e água; confirmar se é adega.";"https://www.locaisdobrasil.com.br/encontre/fornecedor-de-bebidas/santo-andre-sp/adega-emporio-abc/653ba8125134829987a00129";"Pendente — consumo no local";"3";"Não";"Adega/bebidas — permanência não confirmada";"Venda/preparo de bebidas não comprova mesas, consumo no local ou ambiente de resenha; verificar antes de incluir.";"Categoria/nome do levantamento";"Não verificado";"Não confirmada diretamente nesta pesquisa";"Confirmar mesas/permanência e consumo no local; não inserir somente por vender bebidas.";"2026-10-05";"https://www.locaisdobrasil.com.br/encontre/fornecedor-de-bebidas/santo-andre-sp/adega-emporio-abc/653ba8125134829987a00129";"Ficha correspondente (HTTP 200): https://www.locaisdobrasil.com.br/encontre/fornecedor-de-bebidas/santo-andre-sp/adega-emporio-abc/653ba8125134829987a00129 | Sem ficha correspondente (HTTP 404): https://restaurantguru.com.br/adega-emporio-abc-santo-andre"
"Ky Delice Restaurante";"buffet";"Rua Monte Casseros, 247 - Centro, Santo André - SP, 09015-020";"Santo André";"2.724";"seg, ter, qua, sex, sáb: 11:00–15:00; qui: 11:00–16:00";"-23.657000099999998";"-46.5277149";"fonte secundária; funcionamento atual não confirmado";"Confirmar espaço físico para festas; categoria pode incluir restaurante ou serviço de alimentação.";"https://www.locaisdobrasil.com.br/encontre/buffet/santo-andre-sp/ky-delice-restaurante/66db8ca758c8e2634b991f62";"Baixa prioridade — sem evidência de rolê";"4";"Não";"Restaurante, buffet ou espaço de eventos";"Não foi localizada evidência suficiente de bar/resenha ou festas abertas ao público. Categoria/nome sugerem alimentação, comércio ou eventos sob contratação; não é exclusão definitiva.";"Triagem conservadora do cadastro";"Não verificado";"Não confirmada diretamente nesta pesquisa";"Reavaliar se houver prova de bar ou programação pública de festas.";"2026-10-05";"https://www.locaisdobrasil.com.br/encontre/buffet/santo-andre-sp/ky-delice-restaurante/66db8ca758c8e2634b991f62";"Ficha correspondente (HTTP 200): https://www.locaisdobrasil.com.br/encontre/buffet/santo-andre-sp/ky-delice-restaurante/66db8ca758c8e2634b991f62"
"Restaurante Primeiro de Maio";"buffet";"R. Primeiro de Maio, 167 - Centro, Santo André - SP, 09015-030";"Santo André";"2.736";"seg, ter, qua, qui, sex, sáb: 11:00–15:00";"-23.6561627";"-46.5277794";"fonte secundária; funcionamento atual não confirmado";"Confirmar espaço físico para festas; categoria pode incluir restaurante ou serviço de alimentação.";"https://www.locaisdobrasil.com.br/encontre/buffet/santo-andre-sp/restaurante-primeiro-de-maio/66dba2c358c8e2634b99399a";"Baixa prioridade — sem evidência de rolê";"4";"Não";"Restaurante, buffet ou espaço de eventos";"Não foi localizada evidência suficiente de bar/resenha ou festas abertas ao público. Categoria/nome sugerem alimentação, comércio ou eventos sob contratação; não é exclusão definitiva.";"Triagem conservadora do cadastro";"Não verificado";"Não confirmada diretamente nesta pesquisa";"Reavaliar se houver prova de bar ou programação pública de festas.";"2026-10-05";"https://www.locaisdobrasil.com.br/encontre/buffet/santo-andre-sp/restaurante-primeiro-de-maio/66dba2c358c8e2634b99399a";"Ficha correspondente (HTTP 200): https://www.locaisdobrasil.com.br/encontre/buffet/santo-andre-sp/restaurante-primeiro-de-maio/66dba2c358c8e2634b99399a"
"Alfarre";"buffet";"Av. João Ramalho, 285 - Centro, Santo André - SP, 09030-320";"Santo André";"2.738";"dom: 11:30–16:00; seg, ter, qua: 11:30–15:30; qui, sex: 11:30–22:30; sáb: 11:30–22:30";"-23.664866000000004";"-46.527400899999996";"fonte secundária; funcionamento atual não confirmado";"Confirmar espaço físico para festas; categoria pode incluir restaurante ou serviço de alimentação.";"https://www.locaisdobrasil.com.br/encontre/buffet/santo-andre-sp/alfarre/66dba2c558c8e2634b99399c";"Baixa prioridade — sem evidência de rolê";"4";"Não";"Restaurante, buffet ou espaço de eventos";"Não foi localizada evidência suficiente de bar/resenha ou festas abertas ao público. Categoria/nome sugerem alimentação, comércio ou eventos sob contratação; não é exclusão definitiva.";"Triagem conservadora do cadastro";"Não verificado";"Não confirmada diretamente nesta pesquisa";"Reavaliar se houver prova de bar ou programação pública de festas.";"2026-10-05";"https://www.locaisdobrasil.com.br/encontre/buffet/santo-andre-sp/alfarre/66dba2c558c8e2634b99399c";"Ficha correspondente (HTTP 200): https://www.locaisdobrasil.com.br/encontre/buffet/santo-andre-sp/alfarre/66dba2c558c8e2634b99399c"
"Zoo Mania de Alegria";"buffet";"R. Ivaí, 489 - Santa Maria, São Caetano do Sul - SP, 09560-570";"São Caetano do Sul";"2.742";"seg, ter, qua, qui, sex, sáb: 11:00–18:00";"-23.636794599999998";"-46.5546477";"fonte secundária; funcionamento atual não confirmado";"Confirmar espaço físico para festas; categoria pode incluir restaurante ou serviço de alimentação.";"https://www.locaisdobrasil.com.br/encontre/buffet/sao-caetano-do-sul-sp/zoo-mania-de-alegria/66da904e8f35afd71840fc9d";"Baixa prioridade — sem evidência de rolê";"4";"Não";"Restaurante, buffet ou espaço de eventos";"Não foi localizada evidência suficiente de bar/resenha ou festas abertas ao público. Categoria/nome sugerem alimentação, comércio ou eventos sob contratação; não é exclusão definitiva.";"Triagem conservadora do cadastro";"Não verificado";"Não confirmada diretamente nesta pesquisa";"Reavaliar se houver prova de bar ou programação pública de festas.";"2026-10-05";"https://www.locaisdobrasil.com.br/encontre/buffet/sao-caetano-do-sul-sp/zoo-mania-de-alegria/66da904e8f35afd71840fc9d";"Ficha correspondente (HTTP 200): https://www.locaisdobrasil.com.br/encontre/buffet/sao-caetano-do-sul-sp/zoo-mania-de-alegria/66da904e8f35afd71840fc9d"
"Comércio Bebidas Ivomar";"fornecedor-de-bebidas";"R. das Figueiras, 2415 - Campestre, Santo André - SP, 09080-371";"Santo André";"2.745";"seg, ter, qua, qui, sex, sáb: 09:30–19:00";"-23.6376696";"-46.5467793";"fonte secundária; funcionamento atual não confirmado";"Categoria ampla: inclui distribuidor, depósito e água; confirmar se é adega.";"https://www.locaisdobrasil.com.br/encontre/fornecedor-de-bebidas/santo-andre-sp/comercio-bebidas-ivomar/653ba80a5134829987a00120";"Pendente — consumo no local";"3";"Não";"Adega/bebidas — permanência não confirmada";"Venda/preparo de bebidas não comprova mesas, consumo no local ou ambiente de resenha; verificar antes de incluir.";"Categoria/nome do levantamento";"Não verificado";"Não confirmada diretamente nesta pesquisa";"Confirmar mesas/permanência e consumo no local; não inserir somente por vender bebidas.";"2026-10-05";"https://www.locaisdobrasil.com.br/encontre/fornecedor-de-bebidas/santo-andre-sp/comercio-bebidas-ivomar/653ba80a5134829987a00120";"Ficha correspondente (HTTP 200): https://www.locaisdobrasil.com.br/encontre/fornecedor-de-bebidas/santo-andre-sp/comercio-bebidas-ivomar/653ba80a5134829987a00120 | Sem ficha correspondente (HTTP 404): https://restaurantguru.com.br/comercio-bebidas-ivomar-santo-andre"
"Piatchere Pizza Bar";"bares";"Av. Senador Vergueiro, 975 - Centro, São Bernardo do Campo - SP, 09750-000";"São Bernardo do Campo";"2.746";"dom, ter, qua, qui, sex, sáb: 18:00–23:00";"-23.6861475";"-46.554223799999995";"fonte secundária; funcionamento atual não confirmado";"";"https://www.locaisdobrasil.com.br/encontre/bares/sao-bernardo-do-campo-sp/piatchere-pizza-bar/660c501bd622f2b54116a201";"Potencial — confirmar perfil/operação";"2";"Não";"Possível bar para resenha";"Categoria/nome sugerem bar, mas faltou informação específica e confiável sobre consumo no local, ambiente, proposta ou operação atual.";"Ficha correspondente sem detalhes de perfil suficientes";"Não verificado";"Não confirmada diretamente nesta pesquisa";"Confirmar proposta, operação, acesso e endereço em canal da própria casa.";"2026-10-05";"https://www.locaisdobrasil.com.br/encontre/bares/sao-bernardo-do-campo-sp/piatchere-pizza-bar/660c501bd622f2b54116a201 | https://restaurantguru.com.br/Piatchere-Pizza-Bar-Sao-Bernardo-do-Campo";"Ficha correspondente (HTTP 200): https://www.locaisdobrasil.com.br/encontre/bares/sao-bernardo-do-campo-sp/piatchere-pizza-bar/660c501bd622f2b54116a201 | Ficha correspondente (HTTP 200): https://restaurantguru.com.br/Piatchere-Pizza-Bar-Sao-Bernardo-do-Campo"
"Barcontroverso";"bares";"Av. Dr. Alberto Benedetti, 366a - Vila Santa Teresa, Santo André - SP, 09030-340";"Santo André";"2.75";"ter, qua, qui, sex, sáb: 18:00–22:00";"-23.6676465";"-46.527878799999996";"fonte secundária; funcionamento atual não confirmado";"";"https://www.locaisdobrasil.com.br/encontre/bares/santo-andre-sp/barcontroverso/660d1b77a3f2688d6da69124";"Não incluir — indicação de fechamento";"6";"Não";"Operação com indicação de encerramento";"Ficha correspondente ao endereço sinaliza encerramento permanente; horários antigos não comprovam abertura.";"Ficha secundária correspondente";"Não verificado";"Não confirmada diretamente nesta pesquisa";"Não publicar; reavaliar somente com prova de reabertura.";"2026-10-05";"https://restaurantguru.com.br/Barcontroverso-Santo-Andre";"Ficha correspondente (HTTP 200): https://www.locaisdobrasil.com.br/encontre/bares/santo-andre-sp/barcontroverso/660d1b77a3f2688d6da69124 | Ficha correspondente (HTTP 200): https://restaurantguru.com.br/Barcontroverso-Santo-Andre"
"MR Bebidas";"fornecedor-de-bebidas";"R. Marina, 370 - Campestre, Santo André - SP, 09070-510";"Santo André";"2.75";"dom: 11:00–15:00; ter, qua, qui: 13:00–23:00; sex, sáb: 11:00–00:00";"-23.6384723";"-46.5440328";"fonte secundária; funcionamento atual não confirmado";"Categoria ampla: inclui distribuidor, depósito e água; confirmar se é adega.";"https://www.locaisdobrasil.com.br/encontre/fornecedor-de-bebidas/santo-andre-sp/mr-bebidas/653ba80d5134829987a00124";"Pendente — consumo no local";"3";"Não";"Adega/bebidas — permanência não confirmada";"Venda/preparo de bebidas não comprova mesas, consumo no local ou ambiente de resenha; verificar antes de incluir.";"Categoria/nome do levantamento";"Não verificado";"Não confirmada diretamente nesta pesquisa";"Confirmar mesas/permanência e consumo no local; não inserir somente por vender bebidas.";"2026-10-05";"https://www.locaisdobrasil.com.br/encontre/fornecedor-de-bebidas/santo-andre-sp/mr-bebidas/653ba80d5134829987a00124";"Ficha correspondente (HTTP 200): https://www.locaisdobrasil.com.br/encontre/fornecedor-de-bebidas/santo-andre-sp/mr-bebidas/653ba80d5134829987a00124 | Sem ficha correspondente (HTTP 404): https://restaurantguru.com.br/mr-bebidas-santo-andre"
"Bar do Alemão";"bares";"R. dos Coqueiros, 226 - Campestre, Santo André - SP, 09080-010";"Santo André";"2.755";"seg, ter, qua, qui, sex: 07:00–20:00; sáb: 07:00–15:00";"-23.640558199999997";"-46.5394812";"fonte secundária; funcionamento atual não confirmado";"";"https://www.locaisdobrasil.com.br/encontre/bares/santo-andre-sp/bar-do-alemao/660d1b38a3f2688d6da69112";"Potencial — confirmar perfil/operação";"2";"Não";"Possível bar para resenha";"Categoria/nome sugerem bar, mas faltou informação específica e confiável sobre consumo no local, ambiente, proposta ou operação atual.";"Triagem pelo cadastro; sem corroboração específica";"Não verificado";"Não confirmada diretamente nesta pesquisa";"Confirmar proposta, operação, acesso e endereço em canal da própria casa.";"2026-10-05";"https://www.locaisdobrasil.com.br/encontre/bares/santo-andre-sp/bar-do-alemao/660d1b38a3f2688d6da69112";"Ficha correspondente (HTTP 200): https://www.locaisdobrasil.com.br/encontre/bares/santo-andre-sp/bar-do-alemao/660d1b38a3f2688d6da69112 | Sem ficha correspondente (HTTP 200): https://restaurantguru.com.br/Bar-do-Alemao-Parmegiana-Factory-Santo-Andre"
"PRIME DRINKS";"bares";"R. Antenor Nascentes, 56 - Vila Jordanopolis, São Bernardo do Campo - SP, 09894-320";"São Bernardo do Campo";"2.755";"dom, seg, ter, qua, qui, sex, sáb: 08:00–20:00";"-23.6786896";"-46.5734509";"fonte secundária; funcionamento atual não confirmado";"";"https://www.locaisdobrasil.com.br/encontre/bares/sao-bernardo-do-campo-sp/prime-drinks/660bbd54d622f2b54116710d";"Baixa prioridade — sem evidência de rolê";"4";"Não";"Atividade não esclarecida";"Não foi localizada evidência suficiente de bar/resenha ou festas abertas ao público. Categoria/nome sugerem alimentação, comércio ou eventos sob contratação; não é exclusão definitiva.";"Triagem conservadora do cadastro";"Não verificado";"Não confirmada diretamente nesta pesquisa";"Reavaliar se houver prova de bar ou programação pública de festas.";"2026-10-05";"https://www.locaisdobrasil.com.br/encontre/bares/sao-bernardo-do-campo-sp/prime-drinks/660bbd54d622f2b54116710d | https://restaurantguru.com.br/PRIME-DRINKS-Sao-Bernardo-do-Campo";"Ficha correspondente (HTTP 200): https://www.locaisdobrasil.com.br/encontre/bares/sao-bernardo-do-campo-sp/prime-drinks/660bbd54d622f2b54116710d | Ficha correspondente (HTTP 200): https://restaurantguru.com.br/PRIME-DRINKS-Sao-Bernardo-do-Campo"
"Diana Night Club";"casa-noturna";"Tv. Diana, 81 - Centro, Santo André - SP, 09015-050";"Santo André";"2.762";"dom, seg, ter, qua, qui: 15:00–00:00; sex, sáb: 14:30–04:30";"-23.653541399999998";"-46.528317799999996";"fonte secundária; funcionamento atual não confirmado";"Categoria do diretório não garante balada; confirmar tipo de atividade.";"https://www.locaisdobrasil.com.br/encontre/casa-noturna/santo-andre-sp/diana-night-club/6467686f6f16b70535a5f1d0";"Pendente — perfil não esclarecido";"3";"Não";"Casa noturna — tipo de acesso/perfil a confirmar";"Categoria de casa noturna é insuficiente para distinguir festas públicas, atendimento reservado ou cadastro incorreto; confirmar proposta e agenda.";"Ficha correspondente, sem esclarecimento suficiente";"Não verificado";"Não confirmada diretamente nesta pesquisa";"Confirmar proposta, operação, acesso e endereço em canal da própria casa.";"2026-10-05";"https://www.locaisdobrasil.com.br/encontre/casa-noturna/santo-andre-sp/diana-night-club/6467686f6f16b70535a5f1d0 | https://restaurantguru.com.br/Diana-Night-Club-Santo-Andre";"Ficha correspondente (HTTP 200): https://www.locaisdobrasil.com.br/encontre/casa-noturna/santo-andre-sp/diana-night-club/6467686f6f16b70535a5f1d0 | Ficha correspondente (HTTP 200): https://restaurantguru.com.br/Diana-Night-Club-Santo-Andre"
"Dona Suely Bar e Grelha";"bares";"Av. Kennedy, 370 - Jardim do Mar, São Bernardo do Campo - SP, 09726-251";"São Bernardo do Campo";"2.768";"dom: 12:00–19:00; ter, qua, qui, sex: 16:00–00:00; sáb: 12:00–00:00";"-23.685910699999997";"-46.5590848";"fonte secundária; funcionamento atual não confirmado";"";"https://www.locaisdobrasil.com.br/encontre/bares/sao-bernardo-do-campo-sp/dona-suely-bar-e-grelha/660cede3a3f2688d6da68393";"Potencial — confirmar perfil/operação";"2";"Não";"Possível bar para resenha";"Categoria/nome sugerem bar, mas faltou informação específica e confiável sobre consumo no local, ambiente, proposta ou operação atual.";"Triagem pelo cadastro; sem corroboração específica";"Não verificado";"Não confirmada diretamente nesta pesquisa";"Confirmar proposta, operação, acesso e endereço em canal da própria casa.";"2026-10-05";"https://www.locaisdobrasil.com.br/encontre/bares/sao-bernardo-do-campo-sp/dona-suely-bar-e-grelha/660cede3a3f2688d6da68393";"Ficha correspondente (HTTP 200): https://www.locaisdobrasil.com.br/encontre/bares/sao-bernardo-do-campo-sp/dona-suely-bar-e-grelha/660cede3a3f2688d6da68393 | Sem ficha correspondente (HTTP 404): https://restaurantguru.com.br/dona-suely-bar-e-grelha-sao-bernardo-do-campo"
"O Beco Torto";"bares";"R. Santo André, 293 - Centro, Santo André - SP, 09020-230";"Santo André";"2.773";"dom, ter, qua, qui: 18:00–00:00; sex, sáb: 18:00–01:00";"-23.6642048";"-46.5269596";"fonte secundária; funcionamento atual não confirmado";"";"https://www.locaisdobrasil.com.br/encontre/bares/santo-andre-sp/o-beco-torto/660d1b12a3f2688d6da69107";"Priorizar — perfil corroborado";"1";"Não";"Bar/karaokê";"Ficha no endereço correspondente apresenta karaokê, bebidas/petiscos no contexto de bar. Perfil compatível inferido; público universitário e preço acessível não comprovados.";"Perfil descrito em ficha/avaliações secundárias; operação pendente";"Não verificado";"Não confirmada diretamente nesta pesquisa";"Confirmar operação/horários diretamente; conferir endereço, fotos e acesso antes de cadastrar.";"2026-10-05";"https://restaurantguru.com.br/O-Beco-Torto-Santo-Andre";"Ficha correspondente (HTTP 200): https://www.locaisdobrasil.com.br/encontre/bares/santo-andre-sp/o-beco-torto/660d1b12a3f2688d6da69107 | Ficha correspondente (HTTP 200): https://restaurantguru.com.br/O-Beco-Torto-Santo-Andre"
"Bar do Shell";"bares";"Alameda São Caetano, 2142 - Santa Maria, São Caetano do Sul - SP, 09560-500";"São Caetano do Sul";"2.776";"dom, seg, ter, qua, qui, sex, sáb: 10:00–22:30";"-23.636493599999998";"-46.554801999999995";"fonte secundária; funcionamento atual não confirmado";"";"https://www.locaisdobrasil.com.br/encontre/bares/sao-caetano-do-sul-sp/bar-do-shell/660f6f7da451b0ad1fb9c3cf";"Potencial — confirmar perfil/operação";"2";"Não";"Possível bar para resenha";"Categoria/nome sugerem bar, mas faltou informação específica e confiável sobre consumo no local, ambiente, proposta ou operação atual.";"Triagem pelo cadastro; sem corroboração específica";"Não verificado";"Não confirmada diretamente nesta pesquisa";"Confirmar proposta, operação, acesso e endereço em canal da própria casa.";"2026-10-05";"https://www.locaisdobrasil.com.br/encontre/bares/sao-caetano-do-sul-sp/bar-do-shell/660f6f7da451b0ad1fb9c3cf";"Ficha correspondente (HTTP 200): https://www.locaisdobrasil.com.br/encontre/bares/sao-caetano-do-sul-sp/bar-do-shell/660f6f7da451b0ad1fb9c3cf | Sem ficha correspondente (HTTP 404): https://restaurantguru.com.br/bar-do-shell-sao-caetano-do-sul"
"Primas night club";"casa-noturna";"Tv. Diana, 60 - Centro, Santo André - SP, 09015-050";"Santo André";"2.783";"dom: 17:00–00:00; ter: 18:00–02:30; qua, qui: 14:30–01:00; sex: 11:30–02:30; sáb: 12:30–02:30";"-23.653373199999997";"-46.5281601";"fonte secundária; funcionamento atual não confirmado";"Categoria do diretório não garante balada; confirmar tipo de atividade.";"https://www.locaisdobrasil.com.br/encontre/casa-noturna/santo-andre-sp/primas-night-club/646768486f16b70535a5f1a1";"Pendente — perfil não esclarecido";"3";"Não";"Casa noturna — tipo de acesso/perfil a confirmar";"Categoria de casa noturna é insuficiente para distinguir festas públicas, atendimento reservado ou cadastro incorreto; confirmar proposta e agenda.";"Categoria original apenas";"Não verificado";"Não confirmada diretamente nesta pesquisa";"Confirmar proposta, operação, acesso e endereço em canal da própria casa.";"2026-10-05";"https://www.locaisdobrasil.com.br/encontre/casa-noturna/santo-andre-sp/primas-night-club/646768486f16b70535a5f1a1";"Ficha correspondente (HTTP 200): https://www.locaisdobrasil.com.br/encontre/casa-noturna/santo-andre-sp/primas-night-club/646768486f16b70535a5f1a1 | Sem ficha correspondente (HTTP 200): https://restaurantguru.com.br/Primas-night-club-Santo-Andre"
"Vikings Bar e Hamburgueria";"bares";"R. José Monteiro Filho, 23 - Jardim do Mar, São Bernardo do Campo - SP, 09750-140";"São Bernardo do Campo";"2.786";"dom: 14:00–23:00; ter, qua, qui, sex, sáb: 16:00–00:00";"-23.686508200000002";"-46.553931899999995";"fonte secundária; funcionamento atual não confirmado";"";"https://www.locaisdobrasil.com.br/encontre/bares/sao-bernardo-do-campo-sp/vikings-bar-e-hamburgueria/660c525bd622f2b54116a2bd";"Potencial — confirmar perfil/operação";"2";"Não";"Possível bar para resenha";"Categoria/nome sugerem bar, mas faltou informação específica e confiável sobre consumo no local, ambiente, proposta ou operação atual.";"Ficha correspondente sem detalhes de perfil suficientes";"Não verificado";"Não confirmada diretamente nesta pesquisa";"Confirmar proposta, operação, acesso e endereço em canal da própria casa.";"2026-10-05";"https://www.locaisdobrasil.com.br/encontre/bares/sao-bernardo-do-campo-sp/vikings-bar-e-hamburgueria/660c525bd622f2b54116a2bd | https://restaurantguru.com.br/Vikings-Bar-e-Hamburgueria-Sao-Bernardo-do-Campo";"Ficha correspondente (HTTP 200): https://www.locaisdobrasil.com.br/encontre/bares/sao-bernardo-do-campo-sp/vikings-bar-e-hamburgueria/660c525bd622f2b54116a2bd | Ficha correspondente (HTTP 200): https://restaurantguru.com.br/Vikings-Bar-e-Hamburgueria-Sao-Bernardo-do-Campo"
"Skina Bar 330";"bares";"R. Marina, 330 - Campestre, Santo André - SP, 09560-560";"Santo André";"2.788";"seg, ter, qua, qui: 15:00–22:00; sex: 15:00–22:30; sáb: 13:00–23:00";"-23.638272999999998";"-46.543583399999996";"fonte secundária; funcionamento atual não confirmado";"";"https://www.locaisdobrasil.com.br/encontre/bares/santo-andre-sp/skina-bar-330/660d1ae2a3f2688d6da690f9";"Não incluir — indicação de fechamento";"6";"Não";"Operação com indicação de encerramento";"Ficha correspondente ao endereço sinaliza encerramento permanente; horários antigos não comprovam abertura.";"Ficha secundária correspondente";"Não verificado";"Não confirmada diretamente nesta pesquisa";"Não publicar; reavaliar somente com prova de reabertura.";"2026-10-05";"https://restaurantguru.com.br/Skina-Bar-330-Santo-Andre";"Ficha correspondente (HTTP 200): https://www.locaisdobrasil.com.br/encontre/bares/santo-andre-sp/skina-bar-330/660d1ae2a3f2688d6da690f9 | Ficha correspondente (HTTP 200): https://restaurantguru.com.br/Skina-Bar-330-Santo-Andre"
"Morada | Rango e Birita";"bares";"R. das Figueiras, 2434 - Campestre, Santo André - SP, 09080-301";"Santo André";"2.788";"dom: 14:00–22:00; qua, qui, sex: 17:00–23:00; sáb: 14:00–23:00";"-23.637303";"-46.546648999999995";"fonte secundária; funcionamento atual não confirmado";"";"https://www.locaisdobrasil.com.br/encontre/bares/santo-andre-sp/morada-rango-e-birita/660d1b59a3f2688d6da6911b";"Potencial — confirmar perfil/operação";"2";"Não";"Possível bar para resenha";"Categoria/nome sugerem bar, mas faltou informação específica e confiável sobre consumo no local, ambiente, proposta ou operação atual.";"Triagem pelo cadastro; sem corroboração específica";"Não verificado";"Não confirmada diretamente nesta pesquisa";"Confirmar proposta, operação, acesso e endereço em canal da própria casa.";"2026-10-05";"https://www.locaisdobrasil.com.br/encontre/bares/santo-andre-sp/morada-rango-e-birita/660d1b59a3f2688d6da6911b";"Ficha correspondente (HTTP 200): https://www.locaisdobrasil.com.br/encontre/bares/santo-andre-sp/morada-rango-e-birita/660d1b59a3f2688d6da6911b | Sem ficha correspondente (HTTP 404): https://restaurantguru.com.br/morada-rango-e-birita-santo-andre"
"Buffet 7 Mares - Espaço de Eventos";"salao-de-festas";"Estr. das Lágrimas, 1840 - Mauá, São Caetano do Sul - SP, 09580-500";"São Caetano do Sul";"2.803";"dom: 11:00–16:00; seg, ter, qua, qui, sex: 09:00–18:00; sáb: 09:00–19:00";"-23.6452174";"-46.5750807";"fonte secundária; funcionamento atual não confirmado";"";"https://www.locaisdobrasil.com.br/encontre/salao-de-festas/sao-caetano-do-sul-sp/buffet-7-mares-espaco-de-eventos/64d1743dfe77cec8b0a10397";"Baixa prioridade — sem evidência de rolê";"4";"Não";"Restaurante, buffet ou espaço de eventos";"Não foi localizada evidência suficiente de bar/resenha ou festas abertas ao público. Categoria/nome sugerem alimentação, comércio ou eventos sob contratação; não é exclusão definitiva.";"Triagem conservadora do cadastro";"Não verificado";"Não confirmada diretamente nesta pesquisa";"Reavaliar se houver prova de bar ou programação pública de festas.";"2026-10-05";"https://www.locaisdobrasil.com.br/encontre/salao-de-festas/sao-caetano-do-sul-sp/buffet-7-mares-espaco-de-eventos/64d1743dfe77cec8b0a10397";"Ficha correspondente (HTTP 200): https://www.locaisdobrasil.com.br/encontre/salao-de-festas/sao-caetano-do-sul-sp/buffet-7-mares-espaco-de-eventos/64d1743dfe77cec8b0a10397"
"Porão 900";"bares";"Av. Senador Vergueiro, 906 - Centro, São Bernardo do Campo - SP, 09750-000";"São Bernardo do Campo";"2.804";"sex, sáb: 22:00–05:00";"-23.6866666";"-46.553499099999996";"fonte secundária; funcionamento atual não confirmado";"";"https://www.locaisdobrasil.com.br/encontre/bares/sao-bernardo-do-campo-sp/porao-900/660c5218d622f2b54116a2a8";"Potencial — confirmar perfil/operação";"2";"Não";"Possível bar para resenha";"Categoria/nome sugerem bar, mas faltou informação específica e confiável sobre consumo no local, ambiente, proposta ou operação atual.";"Ficha correspondente sem detalhes de perfil suficientes";"Não verificado";"Não confirmada diretamente nesta pesquisa";"Confirmar proposta, operação, acesso e endereço em canal da própria casa.";"2026-10-05";"https://www.locaisdobrasil.com.br/encontre/bares/sao-bernardo-do-campo-sp/porao-900/660c5218d622f2b54116a2a8 | https://restaurantguru.com.br/PORAO-900-Sao-Bernardo-do-Campo";"Ficha correspondente (HTTP 200): https://www.locaisdobrasil.com.br/encontre/bares/sao-bernardo-do-campo-sp/porao-900/660c5218d622f2b54116a2a8 | Ficha correspondente (HTTP 200): https://restaurantguru.com.br/PORAO-900-Sao-Bernardo-do-Campo"
"Armazém da Laranja";"fornecedor-de-bebidas";"Av. Senador Vergueiro, 911 - Jardim do Mar, São Bernardo do Campo - SP, 09750-000";"São Bernardo do Campo";"2.807";"seg, ter, qua, qui, sex: 09:00–18:30; sáb: 09:00–16:00";"-23.6866913";"-46.5537674";"fonte secundária; funcionamento atual não confirmado";"Categoria ampla: inclui distribuidor, depósito e água; confirmar se é adega.";"https://www.locaisdobrasil.com.br/encontre/fornecedor-de-bebidas/sao-bernardo-do-campo-sp/armazem-da-laranja/652eb1f7a560c09a5b14ee08";"Baixa prioridade — sem evidência de rolê";"4";"Não";"Comércio/distribuição de bebidas";"Não foi localizada evidência suficiente de bar/resenha ou festas abertas ao público. Categoria/nome sugerem alimentação, comércio ou eventos sob contratação; não é exclusão definitiva.";"Triagem conservadora do cadastro";"Não verificado";"Não confirmada diretamente nesta pesquisa";"Reavaliar se houver prova de bar ou programação pública de festas.";"2026-10-05";"https://www.locaisdobrasil.com.br/encontre/fornecedor-de-bebidas/sao-bernardo-do-campo-sp/armazem-da-laranja/652eb1f7a560c09a5b14ee08";"Ficha correspondente (HTTP 200): https://www.locaisdobrasil.com.br/encontre/fornecedor-de-bebidas/sao-bernardo-do-campo-sp/armazem-da-laranja/652eb1f7a560c09a5b14ee08 | Sem ficha correspondente (HTTP 404): https://restaurantguru.com.br/armazem-da-laranja-sao-bernardo-do-campo"
"Boteco 900";"bares";"Av. Senador Vergueiro, 906 - Centro, São Bernardo do Campo - SP, 09750-000";"São Bernardo do Campo";"2.808";"dom: 13:00–22:00; qua, qui: 16:30–23:30; sex: 16:30–01:00; sáb: 16:00–01:00";"-23.686695399999998";"-46.5533739";"fonte secundária; funcionamento atual não confirmado";"";"https://www.locaisdobrasil.com.br/encontre/bares/sao-bernardo-do-campo-sp/boteco-900/62db2933587248af54ff6638";"Potencial — confirmar perfil/operação";"2";"Não";"Possível bar para resenha";"Categoria/nome sugerem bar, mas faltou informação específica e confiável sobre consumo no local, ambiente, proposta ou operação atual.";"Triagem pelo cadastro; sem corroboração específica";"Não verificado";"Não confirmada diretamente nesta pesquisa";"Confirmar proposta, operação, acesso e endereço em canal da própria casa.";"2026-10-05";"https://www.locaisdobrasil.com.br/encontre/bares/sao-bernardo-do-campo-sp/boteco-900/62db2933587248af54ff6638";"Ficha correspondente (HTTP 200): https://www.locaisdobrasil.com.br/encontre/bares/sao-bernardo-do-campo-sp/boteco-900/62db2933587248af54ff6638 | Sem ficha correspondente (HTTP 200): https://restaurantguru.com.br/PORAO-900-Sao-Bernardo-do-Campo"
"Bar Faisca";"bares";"Av. Queirós dos Santos, 64 - Centro, Santo André - SP, 09015-310";"Santo André";"2.814";"dom, seg, ter, qua, qui, sex, sáb: 11:00–15:00";"-23.6530952";"-46.527938";"fonte secundária; funcionamento atual não confirmado";"";"https://www.locaisdobrasil.com.br/encontre/bares/santo-andre-sp/bar-faisca/660d1b5fa3f2688d6da6911d";"Potencial — confirmar perfil/operação";"2";"Não";"Possível bar para resenha";"Categoria/nome sugerem bar, mas faltou informação específica e confiável sobre consumo no local, ambiente, proposta ou operação atual.";"Ficha correspondente sem detalhes de perfil suficientes";"Não verificado";"Não confirmada diretamente nesta pesquisa";"Confirmar proposta, operação, acesso e endereço em canal da própria casa.";"2026-10-05";"https://www.locaisdobrasil.com.br/encontre/bares/santo-andre-sp/bar-faisca/660d1b5fa3f2688d6da6911d | https://restaurantguru.com.br/Bar-Faisca-Santo-Andre";"Ficha correspondente (HTTP 200): https://www.locaisdobrasil.com.br/encontre/bares/santo-andre-sp/bar-faisca/660d1b5fa3f2688d6da6911d | Ficha correspondente (HTTP 200): https://restaurantguru.com.br/Bar-Faisca-Santo-Andre"
"Tropical";"bares";"R. Bernardino de Campos, 26 - Centro, Santo André - SP, 09015-010";"Santo André";"2.829";"dom, seg, ter, qua, qui, sex, sáb: 06:00–20:00";"-23.653566599999998";"-46.5276074";"fonte secundária; funcionamento atual não confirmado";"";"https://www.locaisdobrasil.com.br/encontre/bares/santo-andre-sp/tropical/660c51ccd622f2b54116a28f";"Priorizar — perfil corroborado";"1";"Não";"Bar para conversa e bebidas";"Ficha no endereço correspondente apresenta bebidas/petiscos no contexto de bar. Perfil compatível inferido; público universitário e preço acessível não comprovados.";"Perfil descrito em ficha/avaliações secundárias; operação pendente";"Não verificado";"Não confirmada diretamente nesta pesquisa";"Confirmar operação/horários diretamente; conferir endereço, fotos e acesso antes de cadastrar.";"2026-10-05";"https://restaurantguru.com.br/Tropical-Santo-Andre";"Ficha correspondente (HTTP 200): https://www.locaisdobrasil.com.br/encontre/bares/santo-andre-sp/tropical/660c51ccd622f2b54116a28f | Ficha correspondente (HTTP 200): https://restaurantguru.com.br/Tropical-Santo-Andre"
"Centro Underground Pub Estúdio e Bar";"bares";"R. Cel. Agenor de Camargo, 153 - Centro, Santo André - SP, 09020-220";"Santo André";"2.831";"dom, qui, sex, sáb: 18:00–00:00";"-23.6635207";"-46.526314299999996";"fonte secundária; funcionamento atual não confirmado";"";"https://www.locaisdobrasil.com.br/encontre/bares/santo-andre-sp/centro-underground-pub-estudio-e-bar/660d1aa7a3f2688d6da690e8";"Potencial — confirmar perfil/operação";"2";"Não";"Possível bar musical/pub";"Categoria/nome sugerem bar, mas faltou informação específica e confiável sobre consumo no local, ambiente, proposta ou operação atual.";"Triagem pelo cadastro; sem corroboração específica";"Não verificado";"Não confirmada diretamente nesta pesquisa";"Confirmar proposta, operação, acesso e endereço em canal da própria casa.";"2026-10-05";"https://www.locaisdobrasil.com.br/encontre/bares/santo-andre-sp/centro-underground-pub-estudio-e-bar/660d1aa7a3f2688d6da690e8";"Ficha correspondente (HTTP 200): https://www.locaisdobrasil.com.br/encontre/bares/santo-andre-sp/centro-underground-pub-estudio-e-bar/660d1aa7a3f2688d6da690e8 | Sem ficha correspondente (HTTP 404): https://restaurantguru.com.br/centro-underground-pub-estudio-e-bar-santo-andre"
"Flag The Bar";"bares";"Av. Kennedy, 304 - Vila Marli, São Bernardo do Campo - SP, 09726-251";"São Bernardo do Campo";"2.838";"dom, sáb: 11:00–03:00; seg, ter, qua, qui: 17:00–02:00; sex: 17:00–03:00";"-23.686526699999998";"-46.559231";"fonte secundária; funcionamento atual não confirmado";"";"https://www.locaisdobrasil.com.br/encontre/bares/sao-bernardo-do-campo-sp/flag-the-bar/660bbd45d622f2b541167108";"Priorizar — perfil corroborado";"1";"Não";"Happy hour e música ao vivo";"Site oficial confirma música ao vivo, rooftop, happy hours e grupos na Av. Kennedy 304; perfil bem alinhado à resenha, preços e agenda precisam de consulta.";"Revisão complementar das fontes indicadas";"Não verificado";"Não confirmada diretamente nesta pesquisa";"Confirmar operação/horários diretamente; conferir endereço, fotos e acesso antes de cadastrar.";"2026-10-05";"https://flagthebar.com.br/";"Ficha correspondente (HTTP 200): https://www.locaisdobrasil.com.br/encontre/bares/sao-bernardo-do-campo-sp/flag-the-bar/660bbd45d622f2b541167108 | Sem ficha correspondente (HTTP 404): https://restaurantguru.com.br/flag-the-bar-sao-bernardo-do-campo"
"WM Marmishow";"buffet";"R. Antônieta, 272 - Nova Gerti, São Caetano do Sul - SP, 09572-250";"São Caetano do Sul";"2.841";"dom: 16:00–00:00; seg: 11:00–15:00; ter, qua, qui, sex, sáb: 11:00–00:00";"-23.6377563";"-46.564455599999995";"fonte secundária; funcionamento atual não confirmado";"Confirmar espaço físico para festas; categoria pode incluir restaurante ou serviço de alimentação.";"https://www.locaisdobrasil.com.br/encontre/buffet/sao-caetano-do-sul-sp/wm-marmishow/66da901b8f35afd71840fc3a";"Baixa prioridade — sem evidência de rolê";"4";"Não";"Restaurante, buffet ou espaço de eventos";"Não foi localizada evidência suficiente de bar/resenha ou festas abertas ao público. Categoria/nome sugerem alimentação, comércio ou eventos sob contratação; não é exclusão definitiva.";"Triagem conservadora do cadastro";"Não verificado";"Não confirmada diretamente nesta pesquisa";"Reavaliar se houver prova de bar ou programação pública de festas.";"2026-10-05";"https://www.locaisdobrasil.com.br/encontre/buffet/sao-caetano-do-sul-sp/wm-marmishow/66da901b8f35afd71840fc3a";"Ficha correspondente (HTTP 200): https://www.locaisdobrasil.com.br/encontre/buffet/sao-caetano-do-sul-sp/wm-marmishow/66da901b8f35afd71840fc3a"
"Loob''s Bar";"bares";"Av. Kennedy, 286 - Jardim do Mar, São Bernardo do Campo - SP, 09726-260";"São Bernardo do Campo";"2.847";"dom: 16:00–00:00; qua, qui: 18:00–01:00; sex, sáb: 18:00–03:00";"-23.686602999999998";"-46.559235";"fonte secundária; funcionamento atual não confirmado";"";"https://www.locaisdobrasil.com.br/encontre/bares/sao-bernardo-do-campo-sp/loobs-bar/660bbd28d622f2b5411670fe";"Potencial — confirmar perfil/operação";"2";"Não";"Possível bar para resenha";"Categoria/nome sugerem bar, mas faltou informação específica e confiável sobre consumo no local, ambiente, proposta ou operação atual.";"Triagem pelo cadastro; sem corroboração específica";"Não verificado";"Não confirmada diretamente nesta pesquisa";"Confirmar proposta, operação, acesso e endereço em canal da própria casa.";"2026-10-05";"https://www.locaisdobrasil.com.br/encontre/bares/sao-bernardo-do-campo-sp/loobs-bar/660bbd28d622f2b5411670fe";"Ficha correspondente (HTTP 200): https://www.locaisdobrasil.com.br/encontre/bares/sao-bernardo-do-campo-sp/loobs-bar/660bbd28d622f2b5411670fe | Sem ficha correspondente (HTTP 404): https://restaurantguru.com.br/loob-s-bar-sao-bernardo-do-campo"
"Espaço Alfarre";"buffet";"R. Cel. Ortiz, 735 - Vila Assunção, Santo André - SP, 09030-400";"Santo André";"2.851";"seg, ter, qua, qui, sex: 08:00–17:00; sáb: 10:00–16:00";"-23.6671686";"-46.5267328";"fonte secundária; funcionamento atual não confirmado";"Confirmar espaço físico para festas; categoria pode incluir restaurante ou serviço de alimentação.";"https://www.locaisdobrasil.com.br/encontre/buffet/santo-andre-sp/espaco-alfarre/66dba2ce58c8e2634b9939a6";"Baixa prioridade — sem evidência de rolê";"4";"Não";"Restaurante, buffet ou espaço de eventos";"Não foi localizada evidência suficiente de bar/resenha ou festas abertas ao público. Categoria/nome sugerem alimentação, comércio ou eventos sob contratação; não é exclusão definitiva.";"Triagem conservadora do cadastro";"Não verificado";"Não confirmada diretamente nesta pesquisa";"Reavaliar se houver prova de bar ou programação pública de festas.";"2026-10-05";"https://www.locaisdobrasil.com.br/encontre/buffet/santo-andre-sp/espaco-alfarre/66dba2ce58c8e2634b9939a6";"Ficha correspondente (HTTP 200): https://www.locaisdobrasil.com.br/encontre/buffet/santo-andre-sp/espaco-alfarre/66dba2ce58c8e2634b9939a6"
"Boteco dos Canfolina";"bares";"R. Silvia - Boa Vista, São Caetano do Sul - SP, 09571-330";"São Caetano do Sul";"2.851";"Não localizado";"-23.636630699999998";"-46.5610445";"fonte secundária; funcionamento atual não confirmado";"";"https://www.locaisdobrasil.com.br/encontre/bares/sao-caetano-do-sul-sp/boteco-dos-canfolina/660f6fc3a451b0ad1fb9c3f2";"Potencial — confirmar perfil/operação";"2";"Não";"Possível bar para resenha";"Categoria/nome sugerem bar, mas faltou informação específica e confiável sobre consumo no local, ambiente, proposta ou operação atual.";"Triagem pelo cadastro; sem corroboração específica";"Não verificado";"Não confirmada diretamente nesta pesquisa";"Confirmar proposta, operação, acesso e endereço em canal da própria casa.";"2026-10-05";"https://www.locaisdobrasil.com.br/encontre/bares/sao-caetano-do-sul-sp/boteco-dos-canfolina/660f6fc3a451b0ad1fb9c3f2";"Ficha correspondente (HTTP 200): https://www.locaisdobrasil.com.br/encontre/bares/sao-caetano-do-sul-sp/boteco-dos-canfolina/660f6fc3a451b0ad1fb9c3f2 | Sem ficha correspondente (HTTP 200): https://restaurantguru.com.br/Boteco-dos-Canfolina-Sao-Caetano-do-Sul"
"Folks Pub Sertanejo - São Bernardo do Campo";"bares";"Av. Kennedy, 260 - Jardim do Mar, São Bernardo do Campo - SP, 09726-251";"São Bernardo do Campo";"2.855";"qui, sex: 22:30–04:00; sáb: 22:30–05:00";"-23.6866775";"-46.5592349";"fonte secundária; funcionamento atual não confirmado";"";"https://www.locaisdobrasil.com.br/encontre/bares/sao-bernardo-do-campo-sp/folks-pub-sertanejo-sao-bernardo-do-campo/634f6529bd08cbb564415e55";"Não incluir — indicação de fechamento";"6";"Não";"Operação com indicação de encerramento";"Ficha correspondente ao endereço sinaliza encerramento permanente; horários antigos não comprovam abertura.";"Ficha secundária correspondente";"Não verificado";"Não confirmada diretamente nesta pesquisa";"Não publicar; reavaliar somente com prova de reabertura.";"2026-10-05";"https://restaurantguru.com.br/Folks-Pub-Sertanejo-Sao-Bernardo-do-Campo-Sao-Bernardo-do-Campo";"Ficha correspondente (HTTP 200): https://www.locaisdobrasil.com.br/encontre/bares/sao-bernardo-do-campo-sp/folks-pub-sertanejo-sao-bernardo-do-campo/634f6529bd08cbb564415e55 | Ficha correspondente (HTTP 200): https://restaurantguru.com.br/Folks-Pub-Sertanejo-Sao-Bernardo-do-Campo-Sao-Bernardo-do-Campo"
"Lunna Café";"casa-noturna";"Rua Álvaro Alvim, 246 - Paulicéia, São Bernardo do Campo - SP, 09693-000";"São Bernardo do Campo";"2.858";"dom: 20:00–05:00; seg, ter, qua, qui, sex, sáb: 10:00–05:00";"-23.6687948";"-46.5809123";"fonte secundária; funcionamento atual não confirmado";"Categoria do diretório não garante balada; confirmar tipo de atividade.";"https://www.locaisdobrasil.com.br/encontre/casa-noturna/sao-bernardo-do-campo-sp/lunna-cafe/646768676f16b70535a5f1c7";"Pendente — perfil não esclarecido";"3";"Não";"Casa noturna — tipo de acesso/perfil a confirmar";"Categoria de casa noturna é insuficiente para distinguir festas públicas, atendimento reservado ou cadastro incorreto; confirmar proposta e agenda.";"Categoria original apenas";"Não verificado";"Não confirmada diretamente nesta pesquisa";"Confirmar proposta, operação, acesso e endereço em canal da própria casa.";"2026-10-05";"https://www.locaisdobrasil.com.br/encontre/casa-noturna/sao-bernardo-do-campo-sp/lunna-cafe/646768676f16b70535a5f1c7";"Ficha correspondente (HTTP 200): https://www.locaisdobrasil.com.br/encontre/casa-noturna/sao-bernardo-do-campo-sp/lunna-cafe/646768676f16b70535a5f1c7 | Sem ficha correspondente (HTTP 404): https://restaurantguru.com.br/lunna-cafe-sao-bernardo-do-campo"
"São Bernardo do Campo Cervejaria";"bares";"Rua Álvaro Alvim, 266 - Paulicéia, São Bernardo do Campo - SP, 09693-000";"São Bernardo do Campo";"2.873";"ter, qua, qui: 15:00–22:00; sex: 15:00–23:00; sáb: 12:00–23:00";"-23.6687139";"-46.5810874";"fonte secundária; funcionamento atual não confirmado";"";"https://www.locaisdobrasil.com.br/encontre/bares/sao-bernardo-do-campo-sp/sao-bernardo-do-campo-cervejaria/672a5dd09f5ed1f3958918ec";"Potencial — confirmar perfil/operação";"2";"Não";"Possível bar para resenha";"Categoria/nome sugerem bar, mas faltou informação específica e confiável sobre consumo no local, ambiente, proposta ou operação atual.";"Triagem pelo cadastro; sem corroboração específica";"Não verificado";"Não confirmada diretamente nesta pesquisa";"Confirmar proposta, operação, acesso e endereço em canal da própria casa.";"2026-10-05";"https://www.locaisdobrasil.com.br/encontre/bares/sao-bernardo-do-campo-sp/sao-bernardo-do-campo-cervejaria/672a5dd09f5ed1f3958918ec";"Ficha correspondente (HTTP 200): https://www.locaisdobrasil.com.br/encontre/bares/sao-bernardo-do-campo-sp/sao-bernardo-do-campo-cervejaria/672a5dd09f5ed1f3958918ec | Sem ficha correspondente (HTTP 200): https://restaurantguru.com.br/Sao-Bernardo-do-Campo-Cervejaria-Sao-Bernardo-do-Campo"
"Toka Snooker Karaokê Bar";"bares";"Rua Coronel Alfredo Flaquer, 386 - Centro, Santo André - SP, 09020-040";"Santo André";"2.882";"dom, ter, qua, qui: 19:00–01:00; sex, sáb: 19:00–03:00";"-23.663086999999997";"-46.5257772";"fonte secundária; funcionamento atual não confirmado";"";"https://www.locaisdobrasil.com.br/encontre/bares/santo-andre-sp/toka-snooker-karaoke-bar/636e45b5b46ef06da8425c51";"Potencial — confirmar perfil/operação";"2";"Não";"Possível bar para resenha";"Categoria/nome sugerem bar, mas faltou informação específica e confiável sobre consumo no local, ambiente, proposta ou operação atual.";"Triagem pelo cadastro; sem corroboração específica";"Não verificado";"Não confirmada diretamente nesta pesquisa";"Confirmar proposta, operação, acesso e endereço em canal da própria casa.";"2026-10-05";"https://www.locaisdobrasil.com.br/encontre/bares/santo-andre-sp/toka-snooker-karaoke-bar/636e45b5b46ef06da8425c51";"Ficha correspondente (HTTP 200): https://www.locaisdobrasil.com.br/encontre/bares/santo-andre-sp/toka-snooker-karaoke-bar/636e45b5b46ef06da8425c51 | Sem ficha correspondente (HTTP 404): https://restaurantguru.com.br/toka-snooker-karaoke-bar-santo-andre"
"Restaurante Sabor & Saúde";"buffet";"R. Lourdes, 692 - Nova Gerti, São Caetano do Sul - SP, 09540-204";"São Caetano do Sul";"2.886";"seg, ter, qua, qui, sex, sáb: 11:00–15:00";"-23.637793799999997";"-46.565683199999995";"fonte secundária; funcionamento atual não confirmado";"Confirmar espaço físico para festas; categoria pode incluir restaurante ou serviço de alimentação.";"https://www.locaisdobrasil.com.br/encontre/buffet/sao-caetano-do-sul-sp/restaurante-sabor-saude/66da901c8f35afd71840fc3c";"Baixa prioridade — sem evidência de rolê";"4";"Não";"Restaurante, buffet ou espaço de eventos";"Não foi localizada evidência suficiente de bar/resenha ou festas abertas ao público. Categoria/nome sugerem alimentação, comércio ou eventos sob contratação; não é exclusão definitiva.";"Triagem conservadora do cadastro";"Não verificado";"Não confirmada diretamente nesta pesquisa";"Reavaliar se houver prova de bar ou programação pública de festas.";"2026-10-05";"https://www.locaisdobrasil.com.br/encontre/buffet/sao-caetano-do-sul-sp/restaurante-sabor-saude/66da901c8f35afd71840fc3c";"Ficha correspondente (HTTP 200): https://www.locaisdobrasil.com.br/encontre/buffet/sao-caetano-do-sul-sp/restaurante-sabor-saude/66da901c8f35afd71840fc3c"
"Bar da Tilápia";"bares";"Rua Visconde Taunay 90 Terminal Leste Tamanduateí 5 - Centro, Santo André - SP, 09210-570";"Santo André";"2.888";"dom, seg, ter, qua, qui, sex, sáb: 00:00–23:59";"-23.652601699999998";"-46.5273574";"fonte secundária; funcionamento atual não confirmado";"";"https://www.locaisdobrasil.com.br/encontre/bares/santo-andre-sp/bar-da-tilapia/660d1b20a3f2688d6da6910b";"Priorizar — perfil corroborado";"1";"Não";"Bar com música ao vivo";"Ficha no endereço correspondente apresenta música ao vivo. Perfil compatível inferido; público universitário e preço acessível não comprovados.";"Perfil descrito em ficha/avaliações secundárias; operação pendente";"Não verificado";"Não confirmada diretamente nesta pesquisa";"Confirmar operação/horários diretamente; conferir endereço, fotos e acesso antes de cadastrar.";"2026-10-05";"https://restaurantguru.com.br/Bar-da-Tilapia-Santo-Andre";"Ficha correspondente (HTTP 200): https://www.locaisdobrasil.com.br/encontre/bares/santo-andre-sp/bar-da-tilapia/660d1b20a3f2688d6da6910b | Ficha correspondente (HTTP 200): https://restaurantguru.com.br/Bar-da-Tilapia-Santo-Andre"
"Restaurante Vila Nova";"buffet";"R. Joaquim Távora, 164 - Vila Assunção, Santo André - SP, 09030-390";"Santo André";"2.898";"dom, seg, ter, qua, qui, sex, sáb: 11:00–15:00";"-23.6672738";"-46.5262828";"fonte secundária; funcionamento atual não confirmado";"Confirmar espaço físico para festas; categoria pode incluir restaurante ou serviço de alimentação.";"https://www.locaisdobrasil.com.br/encontre/buffet/santo-andre-sp/restaurante-vila-nova/66db8ca858c8e2634b991f63";"Baixa prioridade — sem evidência de rolê";"4";"Não";"Restaurante, buffet ou espaço de eventos";"Não foi localizada evidência suficiente de bar/resenha ou festas abertas ao público. Categoria/nome sugerem alimentação, comércio ou eventos sob contratação; não é exclusão definitiva.";"Triagem conservadora do cadastro";"Não verificado";"Não confirmada diretamente nesta pesquisa";"Reavaliar se houver prova de bar ou programação pública de festas.";"2026-10-05";"https://www.locaisdobrasil.com.br/encontre/buffet/santo-andre-sp/restaurante-vila-nova/66db8ca858c8e2634b991f63";"Ficha correspondente (HTTP 200): https://www.locaisdobrasil.com.br/encontre/buffet/santo-andre-sp/restaurante-vila-nova/66db8ca858c8e2634b991f63"
"Utopia Lounge";"casa-noturna";"Av. Guido Aliberti, 4811 - Loja 36 - Mauá, São Caetano do Sul - SP, 09580-400";"São Caetano do Sul";"2.902";"sex, sáb: 22:00–05:00";"-23.646379399999997";"-46.5772781";"fonte secundária; funcionamento atual não confirmado";"Categoria do diretório não garante balada; confirmar tipo de atividade.";"https://www.locaisdobrasil.com.br/encontre/casa-noturna/sao-caetano-do-sul-sp/utopia-lounge/64d13e42fe77cec8b0a0d04a";"Não incluir — indicação de fechamento";"6";"Não";"Operação com indicação de encerramento";"Ficha correspondente ao endereço sinaliza encerramento permanente; horários antigos não comprovam abertura.";"Ficha secundária correspondente";"Não verificado";"Não confirmada diretamente nesta pesquisa";"Não publicar; reavaliar somente com prova de reabertura.";"2026-10-05";"https://restaurantguru.com.br/Utopia-Lounge-Sao-Caetano-do-Sul";"Ficha correspondente (HTTP 200): https://www.locaisdobrasil.com.br/encontre/casa-noturna/sao-caetano-do-sul-sp/utopia-lounge/64d13e42fe77cec8b0a0d04a | Ficha correspondente (HTTP 200): https://restaurantguru.com.br/Utopia-Lounge-Sao-Caetano-do-Sul"
"Restaurante Boa Cozinha";"buffet";"R. Dr. Cesário Mota, 286 - Centro, Santo André - SP, 09010-100";"Santo André";"2.909";"seg, ter, qua, qui, sex, sáb: 11:00–15:00";"-23.6591168";"-46.5255757";"fonte secundária; funcionamento atual não confirmado";"Confirmar espaço físico para festas; categoria pode incluir restaurante ou serviço de alimentação.";"https://www.locaisdobrasil.com.br/encontre/buffet/santo-andre-sp/restaurante-boa-cozinha/66dba2c158c8e2634b993997";"Baixa prioridade — sem evidência de rolê";"4";"Não";"Restaurante, buffet ou espaço de eventos";"Não foi localizada evidência suficiente de bar/resenha ou festas abertas ao público. Categoria/nome sugerem alimentação, comércio ou eventos sob contratação; não é exclusão definitiva.";"Triagem conservadora do cadastro";"Não verificado";"Não confirmada diretamente nesta pesquisa";"Reavaliar se houver prova de bar ou programação pública de festas.";"2026-10-05";"https://www.locaisdobrasil.com.br/encontre/buffet/santo-andre-sp/restaurante-boa-cozinha/66dba2c158c8e2634b993997";"Ficha correspondente (HTTP 200): https://www.locaisdobrasil.com.br/encontre/buffet/santo-andre-sp/restaurante-boa-cozinha/66dba2c158c8e2634b993997"
"A Gruta Rock Bar";"bares";"R. Cel. Abílio Soares, 426 - Vila Assunção, Santo André - SP, 09020-260";"Santo André";"2.91";"dom: 15:30–00:00; seg, ter, qua: 17:00–01:00; qui: 17:00–00:00; sex, sáb: 17:00–03:00";"-23.6634816";"-46.5255338";"fonte secundária; funcionamento atual não confirmado";"";"https://www.locaisdobrasil.com.br/encontre/bares/santo-andre-sp/a-gruta-rock-bar/636e4c81b46ef06da8426220";"Já publicado";"0";"Sim";"Bar/adega para encontro";"Local já selecionado no catálogo; fontes da publicação preservadas. Publicado não significa operação confirmada hoje.";"Catálogo atual e respectivas fontes";"Não verificado";"Não confirmada diretamente nesta pesquisa";"Manter revisão manual de horários e operação.";"2026-10-05";"https://www.locaisdobrasil.com.br/encontre/bares/santo-andre-sp/a-gruta-rock-bar/636e4c81b46ef06da8426220 | https://restaurantguru.com.br/A-Gruta-Rock-Bar-Santo-Andre";"Ficha correspondente (HTTP 200): https://www.locaisdobrasil.com.br/encontre/bares/santo-andre-sp/a-gruta-rock-bar/636e4c81b46ef06da8426220 | Ficha correspondente (HTTP 200): https://restaurantguru.com.br/A-Gruta-Rock-Bar-Santo-Andre"
"PuraAgua distribuidor de agua Mineral";"fornecedor-de-bebidas";"Alameda São Caetano, 1972 - Santa Paula, São Caetano do Sul - SP, 09560-050";"São Caetano do Sul";"2.918";"seg, ter, qua, qui, sex: 08:30–18:00; sáb: 08:30–13:30";"-23.6352089";"-46.5539211";"fonte secundária; funcionamento atual não confirmado";"Categoria ampla: inclui distribuidor, depósito e água; confirmar se é adega.";"https://www.locaisdobrasil.com.br/encontre/fornecedor-de-bebidas/sao-caetano-do-sul-sp/puraagua-distribuidor-de-agua-mineral/652e9b9ba560c09a5b14d820";"Fora do foco atual";"5";"Não";"Fornecedor/serviço, não local de encontro";"Atividade identificada como fornecimento de água, serviço de evento, equipamento ou refrigeração; não há evidência de bar para permanecer.";"Nome/atividade registrada — triagem editorial";"Não verificado";"Não confirmada diretamente nesta pesquisa";"Manter no histórico; não incluir no catálogo atual.";"2026-10-05";"https://www.locaisdobrasil.com.br/encontre/fornecedor-de-bebidas/sao-caetano-do-sul-sp/puraagua-distribuidor-de-agua-mineral/652e9b9ba560c09a5b14d820";"Ficha correspondente (HTTP 200): https://www.locaisdobrasil.com.br/encontre/fornecedor-de-bebidas/sao-caetano-do-sul-sp/puraagua-distribuidor-de-agua-mineral/652e9b9ba560c09a5b14d820"
"Carioca Bar";"bares";"Av. Guido Aliberti, 4811 - Mauá, São Caetano do Sul - SP, 09580-400";"São Caetano do Sul";"2.919";"sex, sáb: 18:00–04:00";"-23.646279900000003";"-46.577413";"fonte secundária; funcionamento atual não confirmado";"";"https://www.locaisdobrasil.com.br/encontre/bares/sao-caetano-do-sul-sp/carioca-bar/64d13ffbfe77cec8b0a0d204";"Priorizar — perfil corroborado";"1";"Não";"Bar com música ao vivo";"Ficha no endereço correspondente apresenta música ao vivo, bebidas/petiscos no contexto de bar. Perfil compatível inferido; público universitário e preço acessível não comprovados.";"Perfil descrito em ficha/avaliações secundárias; operação pendente";"Não verificado";"Não confirmada diretamente nesta pesquisa";"Confirmar operação/horários diretamente; conferir endereço, fotos e acesso antes de cadastrar.";"2026-10-05";"https://restaurantguru.com.br/Carioca-Bar-Sao-Caetano-do-Sul";"Ficha correspondente (HTTP 200): https://www.locaisdobrasil.com.br/encontre/bares/sao-caetano-do-sul-sp/carioca-bar/64d13ffbfe77cec8b0a0d204 | Ficha correspondente (HTTP 200): https://restaurantguru.com.br/Carioca-Bar-Sao-Caetano-do-Sul"
"CONFRARIA JETMANIACOS";"bares";"R. Roberto Coppini, 51 - Vila Marlene, São Bernardo do Campo - SP, 09726-320";"São Bernardo do Campo";"2.924";"dom, seg, ter, qua, qui, sex, sáb: 00:00–23:59";"-23.685987299999997";"-46.5643557";"fonte secundária; funcionamento atual não confirmado";"";"https://www.locaisdobrasil.com.br/encontre/bares/sao-bernardo-do-campo-sp/confraria-jetmaniacos/660cee68a3f2688d6da683b9";"Potencial — confirmar perfil/operação";"2";"Não";"Possível bar para resenha";"Categoria/nome sugerem bar, mas faltou informação específica e confiável sobre consumo no local, ambiente, proposta ou operação atual.";"Ficha correspondente sem detalhes de perfil suficientes";"Não verificado";"Não confirmada diretamente nesta pesquisa";"Confirmar proposta, operação, acesso e endereço em canal da própria casa.";"2026-10-05";"https://www.locaisdobrasil.com.br/encontre/bares/sao-bernardo-do-campo-sp/confraria-jetmaniacos/660cee68a3f2688d6da683b9 | https://restaurantguru.com.br/CONFRARIA-JETMANIACOS-Sao-Bernardo-do-Campo";"Ficha correspondente (HTTP 200): https://www.locaisdobrasil.com.br/encontre/bares/sao-bernardo-do-campo-sp/confraria-jetmaniacos/660cee68a3f2688d6da683b9 | Ficha correspondente (HTTP 200): https://restaurantguru.com.br/CONFRARIA-JETMANIACOS-Sao-Bernardo-do-Campo"
"Primas Oliveira Lima";"casa-noturna";"R. Cel. Oliveira Lima, 9 - Centro, Santo André - SP, 90100-000";"Santo André";"2.931";"dom, seg, ter, qua, qui, sex, sáb: 00:00–23:59";"-23.6543261";"-46.5263133";"fonte secundária; funcionamento atual não confirmado";"Categoria do diretório não garante balada; confirmar tipo de atividade.";"https://www.locaisdobrasil.com.br/encontre/casa-noturna/santo-andre-sp/primas-oliveira-lima/647a6c72424b1ac500a7b4df";"Pendente — perfil não esclarecido";"3";"Não";"Casa noturna — tipo de acesso/perfil a confirmar";"Categoria de casa noturna é insuficiente para distinguir festas públicas, atendimento reservado ou cadastro incorreto; confirmar proposta e agenda.";"Categoria original apenas";"Não verificado";"Não confirmada diretamente nesta pesquisa";"Confirmar proposta, operação, acesso e endereço em canal da própria casa.";"2026-10-05";"https://www.locaisdobrasil.com.br/encontre/casa-noturna/santo-andre-sp/primas-oliveira-lima/647a6c72424b1ac500a7b4df";"Ficha correspondente (HTTP 200): https://www.locaisdobrasil.com.br/encontre/casa-noturna/santo-andre-sp/primas-oliveira-lima/647a6c72424b1ac500a7b4df | Sem ficha correspondente (HTTP 404): https://restaurantguru.com.br/primas-oliveira-lima-santo-andre"
"Boteco da Villa";"bares";"Rua Álvaro Alvim, 343 - Paulicéia, São Bernardo do Campo - SP, 09693-000";"São Bernardo do Campo";"2.943";"dom: 17:00–05:00; seg: 20:00–05:00; qui, sex, sáb: 19:00–05:00";"-23.6685841";"-46.5818517";"fonte secundária; funcionamento atual não confirmado";"";"https://www.locaisdobrasil.com.br/encontre/bares/sao-bernardo-do-campo-sp/boteco-da-villa/660bbd39d622f2b541167104";"Potencial — confirmar perfil/operação";"2";"Não";"Possível bar para resenha";"Categoria/nome sugerem bar, mas faltou informação específica e confiável sobre consumo no local, ambiente, proposta ou operação atual.";"Triagem pelo cadastro; sem corroboração específica";"Não verificado";"Não confirmada diretamente nesta pesquisa";"Confirmar proposta, operação, acesso e endereço em canal da própria casa.";"2026-10-05";"https://www.locaisdobrasil.com.br/encontre/bares/sao-bernardo-do-campo-sp/boteco-da-villa/660bbd39d622f2b541167104";"Ficha correspondente (HTTP 200): https://www.locaisdobrasil.com.br/encontre/bares/sao-bernardo-do-campo-sp/boteco-da-villa/660bbd39d622f2b541167104 | Sem ficha correspondente (HTTP 200): https://restaurantguru.com.br/Da-Villa-Hamburgueria-Sao-Paulo"
"Bar do Chico - Culinária Japonesa";"bares";"Rua Álvaro Alvim, 357 - Paulicéia, São Bernardo do Campo - SP, 09693-000";"São Bernardo do Campo";"2.951";"dom: 11:00–16:00; seg: 11:00–21:00; ter, qua, qui, sex, sáb: 11:00–22:30";"-23.668555599999998";"-46.5819392";"fonte secundária; funcionamento atual não confirmado";"";"https://www.locaisdobrasil.com.br/encontre/bares/sao-bernardo-do-campo-sp/bar-do-chico-culinaria-japonesa/66c7ea7cf99178ff574744e1";"Potencial — confirmar perfil/operação";"2";"Não";"Possível bar para resenha";"Categoria/nome sugerem bar, mas faltou informação específica e confiável sobre consumo no local, ambiente, proposta ou operação atual.";"Triagem pelo cadastro; sem corroboração específica";"Não verificado";"Não confirmada diretamente nesta pesquisa";"Confirmar proposta, operação, acesso e endereço em canal da própria casa.";"2026-10-05";"https://www.locaisdobrasil.com.br/encontre/bares/sao-bernardo-do-campo-sp/bar-do-chico-culinaria-japonesa/66c7ea7cf99178ff574744e1";"Ficha correspondente (HTTP 200): https://www.locaisdobrasil.com.br/encontre/bares/sao-bernardo-do-campo-sp/bar-do-chico-culinaria-japonesa/66c7ea7cf99178ff574744e1 | Sem ficha correspondente (HTTP 404): https://restaurantguru.com.br/bar-do-chico-culinaria-japonesa-sao-bernardo-do-campo"
"Choperia do Lugui São Bernardo do Campo";"bares";"R. Esperico, 182 - Jardim do Mar, São Bernardo do Campo - SP, 09750-310";"São Bernardo do Campo";"2.961";"Não localizado";"-23.6876437";"-46.5592507";"fonte secundária; funcionamento atual não confirmado";"";"https://www.locaisdobrasil.com.br/encontre/bares/sao-bernardo-do-campo-sp/choperia-do-lugui-sao-bernardo-do-campo/66c7a83ff99178ff57474386";"Potencial — confirmar perfil/operação";"2";"Não";"Possível bar para resenha";"Categoria/nome sugerem bar, mas faltou informação específica e confiável sobre consumo no local, ambiente, proposta ou operação atual.";"Triagem pelo cadastro; sem corroboração específica";"Não verificado";"Não confirmada diretamente nesta pesquisa";"Confirmar proposta, operação, acesso e endereço em canal da própria casa.";"2026-10-05";"https://www.locaisdobrasil.com.br/encontre/bares/sao-bernardo-do-campo-sp/choperia-do-lugui-sao-bernardo-do-campo/66c7a83ff99178ff57474386";"Ficha correspondente (HTTP 200): https://www.locaisdobrasil.com.br/encontre/bares/sao-bernardo-do-campo-sp/choperia-do-lugui-sao-bernardo-do-campo/66c7a83ff99178ff57474386 | Sem ficha correspondente (HTTP 404): https://restaurantguru.com.br/choperia-do-lugui-sao-bernardo-do-campo-sao-bernardo-do-campo"
"Botequim Carioca";"bares";"R. Santo André, 524 - Centro, Santo André - SP, 09020-230";"Santo André";"2.962";"dom: 12:00–17:00; qua, qui, sex: 17:00–23:00; sáb: 12:00–23:00";"-23.6657267";"-46.5253186";"fonte secundária; funcionamento atual não confirmado";"";"https://www.locaisdobrasil.com.br/encontre/bares/santo-andre-sp/botequim-carioca/660cee3fa3f2688d6da683ad";"Já publicado";"0";"Sim";"Bar/adega para encontro";"Local já selecionado no catálogo; fontes da publicação preservadas. Publicado não significa operação confirmada hoje.";"Catálogo atual e respectivas fontes";"Não verificado";"Não confirmada diretamente nesta pesquisa";"Manter revisão manual de horários e operação.";"2026-10-05";"https://www.locaisdobrasil.com.br/encontre/bares/santo-andre-sp/botequim-carioca/660cee3fa3f2688d6da683ad | https://restaurantguru.com.br/Botequim-Carioca-Santo-Andre";"Ficha correspondente (HTTP 200): https://www.locaisdobrasil.com.br/encontre/bares/santo-andre-sp/botequim-carioca/660cee3fa3f2688d6da683ad | Ficha correspondente (HTTP 200): https://restaurantguru.com.br/Botequim-Carioca-Santo-Andre"
"Bararanha";"bares";"Praça Assunção, 04 - Vila Assunção, Santo André - SP, 09030-527";"Santo André";"2.966";"dom: 11:00–17:00; seg, ter: 08:00–21:00; qua, sex: 08:00–23:00; qui: 08:00–22:00; sáb: 11:00–21:00";"-23.671891199999997";"-46.527215999999996";"fonte secundária; funcionamento atual não confirmado";"";"https://www.locaisdobrasil.com.br/encontre/bares/santo-andre-sp/bararanha/660beb5dd622f2b5411680fe";"Já publicado";"0";"Sim";"Bar/adega para encontro";"Local já selecionado no catálogo; fontes da publicação preservadas. Publicado não significa operação confirmada hoje.";"Catálogo atual e respectivas fontes";"Não verificado";"Não confirmada diretamente nesta pesquisa";"Manter revisão manual de horários e operação.";"2026-10-05";"https://www.locaisdobrasil.com.br/encontre/bares/santo-andre-sp/bararanha/660beb5dd622f2b5411680fe | https://restaurantguru.com.br/Bararanha-Santo-Andre";"Ficha correspondente (HTTP 200): https://www.locaisdobrasil.com.br/encontre/bares/santo-andre-sp/bararanha/660beb5dd622f2b5411680fe | Ficha correspondente (HTTP 200): https://restaurantguru.com.br/Bararanha-Embriagada-Santo-Andre"
"Paca 333";"casa-noturna";"Rua Pacaembú - Paulicéia, São Bernardo do Campo - SP, 09692-040";"São Bernardo do Campo";"2.979";"dom, sex, sáb: 00:00–23:59; seg: 19:00–00:30";"-23.6676848";"-46.5824676";"fonte secundária; funcionamento atual não confirmado";"Categoria do diretório não garante balada; confirmar tipo de atividade.";"https://www.locaisdobrasil.com.br/encontre/casa-noturna/sao-bernardo-do-campo-sp/paca-333/6467766c6f16b70535a603f3";"Pendente — perfil não esclarecido";"3";"Não";"Casa noturna — tipo de acesso/perfil a confirmar";"Categoria de casa noturna é insuficiente para distinguir festas públicas, atendimento reservado ou cadastro incorreto; confirmar proposta e agenda.";"Ficha correspondente, sem esclarecimento suficiente";"Não verificado";"Não confirmada diretamente nesta pesquisa";"Confirmar proposta, operação, acesso e endereço em canal da própria casa.";"2026-10-05";"https://www.locaisdobrasil.com.br/encontre/casa-noturna/sao-bernardo-do-campo-sp/paca-333/6467766c6f16b70535a603f3 | https://restaurantguru.com.br/Paca-333-Sao-Bernardo-do-Campo";"Ficha correspondente (HTTP 200): https://www.locaisdobrasil.com.br/encontre/casa-noturna/sao-bernardo-do-campo-sp/paca-333/6467766c6f16b70535a603f3 | Ficha correspondente (HTTP 200): https://restaurantguru.com.br/Paca-333-Sao-Bernardo-do-Campo"
"Restaurante Tequila";"buffet";"R. Correia Dias, 123 - Centro, Santo André - SP, 09010-120";"Santo André";"2.979";"seg, ter, qua, qui, sex: 11:00–15:30";"-23.659018000000003";"-46.524895199999996";"fonte secundária; funcionamento atual não confirmado";"Confirmar espaço físico para festas; categoria pode incluir restaurante ou serviço de alimentação.";"https://www.locaisdobrasil.com.br/encontre/buffet/santo-andre-sp/restaurante-tequila/66dba2c258c8e2634b993998";"Baixa prioridade — sem evidência de rolê";"4";"Não";"Restaurante, buffet ou espaço de eventos";"Não foi localizada evidência suficiente de bar/resenha ou festas abertas ao público. Categoria/nome sugerem alimentação, comércio ou eventos sob contratação; não é exclusão definitiva.";"Triagem conservadora do cadastro";"Não verificado";"Não confirmada diretamente nesta pesquisa";"Reavaliar se houver prova de bar ou programação pública de festas.";"2026-10-05";"https://www.locaisdobrasil.com.br/encontre/buffet/santo-andre-sp/restaurante-tequila/66dba2c258c8e2634b993998";"Ficha correspondente (HTTP 200): https://www.locaisdobrasil.com.br/encontre/buffet/santo-andre-sp/restaurante-tequila/66dba2c258c8e2634b993998"
"Pato Distribuidora de Bebidas";"fornecedor-de-bebidas";"R. Gertrúdes de Lima, 420 - Centro, Santo André - SP, 09020-000";"Santo André";"2.982";"ter, qua, qui, sex, sáb: 14:00–22:00";"-23.66272";"-46.524771";"fonte secundária; funcionamento atual não confirmado";"Categoria ampla: inclui distribuidor, depósito e água; confirmar se é adega.";"https://www.locaisdobrasil.com.br/encontre/fornecedor-de-bebidas/santo-andre-sp/pato-distribuidora-de-bebidas/6583ad4a3a2184690446980f";"Pendente — consumo no local";"3";"Não";"Adega/bebidas — permanência não confirmada";"Venda/preparo de bebidas não comprova mesas, consumo no local ou ambiente de resenha; verificar antes de incluir.";"Categoria/nome do levantamento";"Não verificado";"Não confirmada diretamente nesta pesquisa";"Confirmar mesas/permanência e consumo no local; não inserir somente por vender bebidas.";"2026-10-05";"https://www.locaisdobrasil.com.br/encontre/fornecedor-de-bebidas/santo-andre-sp/pato-distribuidora-de-bebidas/6583ad4a3a2184690446980f";"Ficha correspondente (HTTP 200): https://www.locaisdobrasil.com.br/encontre/fornecedor-de-bebidas/santo-andre-sp/pato-distribuidora-de-bebidas/6583ad4a3a2184690446980f | Sem ficha correspondente (HTTP 404): https://restaurantguru.com.br/pato-distribuidora-de-bebidas-santo-andre"
"Taberna adega bar";"bares";"Rua Pacaembú, 353 - Paulicéia, São Bernardo do Campo - SP, 09692-040";"São Bernardo do Campo";"2.988";"dom: 12:00–06:00; seg, qui, sex, sáb: 15:00–06:00; qua: 15:00–00:00";"-23.667839999999998";"-46.5825143";"fonte secundária; funcionamento atual não confirmado";"";"https://www.locaisdobrasil.com.br/encontre/bares/sao-bernardo-do-campo-sp/taberna-adega-bar/660c3cadd622f2b541169be3";"Já publicado";"0";"Sim";"Bar/adega para encontro";"Local já selecionado no catálogo; fontes da publicação preservadas. Publicado não significa operação confirmada hoje.";"Catálogo atual e respectivas fontes";"Não verificado";"Não confirmada diretamente nesta pesquisa";"Manter revisão manual de horários e operação.";"2026-10-05";"https://www.locaisdobrasil.com.br/encontre/bares/sao-bernardo-do-campo-sp/taberna-adega-bar/660c3cadd622f2b541169be3 | https://restaurantguru.com.br/Taberna-adega-bar-Sao-Bernardo-do-Campo";"Ficha correspondente (HTTP 200): https://www.locaisdobrasil.com.br/encontre/bares/sao-bernardo-do-campo-sp/taberna-adega-bar/660c3cadd622f2b541169be3 | Ficha correspondente (HTTP 200): https://restaurantguru.com.br/Taberna-adega-bar-Sao-Bernardo-do-Campo"
"After Bar - Barzinho em SBC";"bares";"Av. Kennedy, 137 - Jardim do Mar, São Bernardo do Campo - SP, 09726-250";"São Bernardo do Campo";"2.991";"dom, sáb: 14:00–23:00; ter, qua, qui, sex: 17:30–23:00";"-23.6877688";"-46.5600702";"fonte secundária; funcionamento atual não confirmado";"";"https://www.locaisdobrasil.com.br/encontre/bares/sao-bernardo-do-campo-sp/after-bar-barzinho-em-sbc/660cedd9a3f2688d6da68390";"Já publicado";"0";"Sim";"Bar/adega para encontro";"Local já selecionado no catálogo; fontes da publicação preservadas. Publicado não significa operação confirmada hoje.";"Catálogo atual e respectivas fontes";"Não verificado";"Não confirmada diretamente nesta pesquisa";"Manter revisão manual de horários e operação.";"2026-10-05";"https://www.locaisdobrasil.com.br/encontre/bares/sao-bernardo-do-campo-sp/after-bar-barzinho-em-sbc/660cedd9a3f2688d6da68390 | https://restaurantguru.com.br/After-Bar-Barzinho-em-SBC-Sao-Bernardo-do-Campo";"Ficha correspondente (HTTP 200): https://www.locaisdobrasil.com.br/encontre/bares/sao-bernardo-do-campo-sp/after-bar-barzinho-em-sbc/660cedd9a3f2688d6da68390 | Ficha correspondente (HTTP 200): https://restaurantguru.com.br/Mr-Hoppy-Sao-Bernardo-do-Campo"
"Boutique Gula Restaurante";"buffet";"Av. São Paulo, 553 - Chácara Sergipe, São Bernardo do Campo - SP, 09892-330";"São Bernardo do Campo";"2.993";"dom, seg, ter, qua, qui, sex, sáb: 09:00–14:00";"-23.6805542";"-46.5747266";"fonte secundária; funcionamento atual não confirmado";"Confirmar espaço físico para festas; categoria pode incluir restaurante ou serviço de alimentação.";"https://www.locaisdobrasil.com.br/encontre/buffet/sao-bernardo-do-campo-sp/boutique-gula-restaurante/66de759fa0d134ad69f9e310";"Baixa prioridade — sem evidência de rolê";"4";"Não";"Restaurante, buffet ou espaço de eventos";"Não foi localizada evidência suficiente de bar/resenha ou festas abertas ao público. Categoria/nome sugerem alimentação, comércio ou eventos sob contratação; não é exclusão definitiva.";"Triagem conservadora do cadastro";"Não verificado";"Não confirmada diretamente nesta pesquisa";"Reavaliar se houver prova de bar ou programação pública de festas.";"2026-10-05";"https://www.locaisdobrasil.com.br/encontre/buffet/sao-bernardo-do-campo-sp/boutique-gula-restaurante/66de759fa0d134ad69f9e310";"Ficha correspondente (HTTP 200): https://www.locaisdobrasil.com.br/encontre/buffet/sao-bernardo-do-campo-sp/boutique-gula-restaurante/66de759fa0d134ad69f9e310"
"Arena Beer - Bar & Restaurante";"bares";"Rua Pacaembú, 369 - Paulicéia, São Bernardo do Campo - SP, 09692-040";"São Bernardo do Campo";"2.993";"dom, seg, ter, qua, qui, sex, sáb: 07:00–23:00";"-23.667995599999998";"-46.582529799999996";"fonte secundária; funcionamento atual não confirmado";"";"https://www.locaisdobrasil.com.br/encontre/bares/sao-bernardo-do-campo-sp/arena-beer-bar-restaurante/660cede7a3f2688d6da68394";"Potencial — confirmar perfil/operação";"2";"Não";"Possível bar para resenha";"Categoria/nome sugerem bar, mas faltou informação específica e confiável sobre consumo no local, ambiente, proposta ou operação atual.";"Triagem pelo cadastro; sem corroboração específica";"Não verificado";"Não confirmada diretamente nesta pesquisa";"Confirmar proposta, operação, acesso e endereço em canal da própria casa.";"2026-10-05";"https://www.locaisdobrasil.com.br/encontre/bares/sao-bernardo-do-campo-sp/arena-beer-bar-restaurante/660cede7a3f2688d6da68394";"Ficha correspondente (HTTP 200): https://www.locaisdobrasil.com.br/encontre/bares/sao-bernardo-do-campo-sp/arena-beer-bar-restaurante/660cede7a3f2688d6da68394 | Sem ficha correspondente (HTTP 404): https://restaurantguru.com.br/arena-beer-bar-restaurante-sao-bernardo-do-campo"
"Chepa's Bar";"bares";"Rua Álvaro Alvim, 417 - Paulicéia, São Bernardo do Campo - SP, 09693-000";"São Bernardo do Campo";"2.997";"dom: 09:00–13:00; seg, ter, qua, qui, sex: 09:00–02:00; sáb: 09:00–20:00";"-23.668313599999998";"-46.582478699999996";"fonte secundária; funcionamento atual não confirmado";"";"https://www.locaisdobrasil.com.br/encontre/bares/sao-bernardo-do-campo-sp/chepas-bar/634ef595bd08cbb564412b20";"Potencial — confirmar perfil/operação";"2";"Não";"Possível bar para resenha";"Categoria/nome sugerem bar, mas faltou informação específica e confiável sobre consumo no local, ambiente, proposta ou operação atual.";"Triagem pelo cadastro; sem corroboração específica";"Não verificado";"Não confirmada diretamente nesta pesquisa";"Confirmar proposta, operação, acesso e endereço em canal da própria casa.";"2026-10-05";"https://www.locaisdobrasil.com.br/encontre/bares/sao-bernardo-do-campo-sp/chepas-bar/634ef595bd08cbb564412b20";"Ficha correspondente (HTTP 200): https://www.locaisdobrasil.com.br/encontre/bares/sao-bernardo-do-campo-sp/chepas-bar/634ef595bd08cbb564412b20 | Sem ficha correspondente (HTTP 404): https://restaurantguru.com.br/chepa-s-bar-sao-bernardo-do-campo"
"Restaurante Paradiso";"buffet";"R. Cel. Francisco Amaro, 258 - Centro, Santo André - SP, 09020-250";"Santo André";"3.013";"seg, ter, qua, qui, sex, sáb: 11:00–15:00";"-23.660953";"-46.524437899999995";"fonte secundária; funcionamento atual não confirmado";"Confirmar espaço físico para festas; categoria pode incluir restaurante ou serviço de alimentação.";"https://www.locaisdobrasil.com.br/encontre/buffet/santo-andre-sp/restaurante-paradiso/66dba2c758c8e2634b99399e";"Baixa prioridade — sem evidência de rolê";"4";"Não";"Restaurante, buffet ou espaço de eventos";"Não foi localizada evidência suficiente de bar/resenha ou festas abertas ao público. Categoria/nome sugerem alimentação, comércio ou eventos sob contratação; não é exclusão definitiva.";"Triagem conservadora do cadastro";"Não verificado";"Não confirmada diretamente nesta pesquisa";"Reavaliar se houver prova de bar ou programação pública de festas.";"2026-10-05";"https://www.locaisdobrasil.com.br/encontre/buffet/santo-andre-sp/restaurante-paradiso/66dba2c758c8e2634b99399e";"Ficha correspondente (HTTP 200): https://www.locaisdobrasil.com.br/encontre/buffet/santo-andre-sp/restaurante-paradiso/66dba2c758c8e2634b99399e"
"Requinte do Sabor";"buffet";"R. Sen. Flaquer, 363 - Centro, Santo André - SP, 09010-160";"Santo André";"3.019";"seg, ter, qua, qui, sex, sáb: 11:00–15:00";"-23.661647799999997";"-46.524375899999995";"fonte secundária; funcionamento atual não confirmado";"Confirmar espaço físico para festas; categoria pode incluir restaurante ou serviço de alimentação.";"https://www.locaisdobrasil.com.br/encontre/buffet/santo-andre-sp/requinte-do-sabor/66db8c9f58c8e2634b991f56";"Baixa prioridade — sem evidência de rolê";"4";"Não";"Restaurante, buffet ou espaço de eventos";"Não foi localizada evidência suficiente de bar/resenha ou festas abertas ao público. Categoria/nome sugerem alimentação, comércio ou eventos sob contratação; não é exclusão definitiva.";"Triagem conservadora do cadastro";"Não verificado";"Não confirmada diretamente nesta pesquisa";"Reavaliar se houver prova de bar ou programação pública de festas.";"2026-10-05";"https://www.locaisdobrasil.com.br/encontre/buffet/santo-andre-sp/requinte-do-sabor/66db8c9f58c8e2634b991f56";"Ficha correspondente (HTTP 200): https://www.locaisdobrasil.com.br/encontre/buffet/santo-andre-sp/requinte-do-sabor/66db8c9f58c8e2634b991f56"
"Adega Do Vesgo";"fornecedor-de-bebidas";"09571-300 - Oswaldo Cruz, São Caetano do Sul - SP, 09571-300";"São Caetano do Sul";"3.024";"dom: 09:00–12:00; seg: 14:00–19:00; ter, qua: 13:00–19:00; qui: 12:00–21:00; sex, sáb: 12:00–04:00";"-23.6364564";"-46.5657343";"fonte secundária; funcionamento atual não confirmado";"Categoria ampla: inclui distribuidor, depósito e água; confirmar se é adega.";"https://www.locaisdobrasil.com.br/encontre/fornecedor-de-bebidas/sao-caetano-do-sul-sp/adega-do-vesgo/652e9b96a560c09a5b14d81b";"Pendente — consumo no local";"3";"Não";"Adega/bebidas — permanência não confirmada";"Venda/preparo de bebidas não comprova mesas, consumo no local ou ambiente de resenha; verificar antes de incluir.";"Categoria/nome do levantamento";"Não verificado";"Não confirmada diretamente nesta pesquisa";"Confirmar mesas/permanência e consumo no local; não inserir somente por vender bebidas.";"2026-10-05";"https://www.locaisdobrasil.com.br/encontre/fornecedor-de-bebidas/sao-caetano-do-sul-sp/adega-do-vesgo/652e9b96a560c09a5b14d81b";"Ficha correspondente (HTTP 200): https://www.locaisdobrasil.com.br/encontre/fornecedor-de-bebidas/sao-caetano-do-sul-sp/adega-do-vesgo/652e9b96a560c09a5b14d81b | Sem ficha correspondente (HTTP 404): https://restaurantguru.com.br/adega-do-vesgo-sao-caetano-do-sul"
"Bodega Santo André";"bares";"R. Cel. Abílio Soares, 254 - Centro, Santo André - SP, 09015-525";"Santo André";"3.026";"ter, qua, qui: 15:00–23:30; sex, sáb: 12:00–23:30";"-23.662293899999998";"-46.5243185";"fonte secundária; funcionamento atual não confirmado";"";"https://www.locaisdobrasil.com.br/encontre/bares/santo-andre-sp/bodega-santo-andre/660d1ac2a3f2688d6da690f0";"Pendente — consumo no local";"3";"Não";"Adega/bebidas — permanência não confirmada";"Venda/preparo de bebidas não comprova mesas, consumo no local ou ambiente de resenha; verificar antes de incluir.";"Ficha correspondente, consumo não esclarecido";"Não verificado";"Não confirmada diretamente nesta pesquisa";"Confirmar mesas/permanência e consumo no local; não inserir somente por vender bebidas.";"2026-10-05";"https://www.locaisdobrasil.com.br/encontre/bares/santo-andre-sp/bodega-santo-andre/660d1ac2a3f2688d6da690f0 | https://restaurantguru.com.br/Bodega-Santo-Andre-Santo-Andre";"Ficha correspondente (HTTP 200): https://www.locaisdobrasil.com.br/encontre/bares/santo-andre-sp/bodega-santo-andre/660d1ac2a3f2688d6da690f0 | Ficha correspondente (HTTP 200): https://restaurantguru.com.br/Bodega-Santo-Andre-Santo-Andre"
"Santo''s Bar";"bares";"R. Paschoale Cavana, 262 - Osvaldo Cruz, São Caetano do Sul - SP, 09570-550";"São Caetano do Sul";"3.028";"dom: 08:00–11:00; seg, ter, qua, qui, sex, sáb: 08:00–22:30";"-23.6364654";"-46.56584060000001";"fonte secundária; funcionamento atual não confirmado";"";"https://www.locaisdobrasil.com.br/encontre/bares/sao-caetano-do-sul-sp/santos-bar/660f6f91a451b0ad1fb9c3d9";"Potencial — confirmar perfil/operação";"2";"Não";"Possível bar para resenha";"Categoria/nome sugerem bar, mas faltou informação específica e confiável sobre consumo no local, ambiente, proposta ou operação atual.";"Triagem pelo cadastro; sem corroboração específica";"Não verificado";"Não confirmada diretamente nesta pesquisa";"Confirmar proposta, operação, acesso e endereço em canal da própria casa.";"2026-10-05";"https://www.locaisdobrasil.com.br/encontre/bares/sao-caetano-do-sul-sp/santos-bar/660f6f91a451b0ad1fb9c3d9";"Ficha correspondente (HTTP 200): https://www.locaisdobrasil.com.br/encontre/bares/sao-caetano-do-sul-sp/santos-bar/660f6f91a451b0ad1fb9c3d9 | Sem ficha correspondente (HTTP 404): https://restaurantguru.com.br/santo-s-bar-sao-caetano-do-sul"
"Balaios MC - Sede ABC";"casa-noturna";"R. Xavier de Toledo, 324 - Centro, Santo André - SP, 09010-130";"Santo André";"3.045";"sex: 20:00–05:00";"-23.661029";"-46.524122";"fonte secundária; funcionamento atual não confirmado";"Categoria do diretório não garante balada; confirmar tipo de atividade.";"https://www.locaisdobrasil.com.br/encontre/casa-noturna/santo-andre-sp/balaios-mc-sede-abc/646768716f16b70535a5f1d3";"Pendente — perfil não esclarecido";"3";"Não";"Casa noturna — tipo de acesso/perfil a confirmar";"Categoria de casa noturna é insuficiente para distinguir festas públicas, atendimento reservado ou cadastro incorreto; confirmar proposta e agenda.";"Categoria original apenas";"Não verificado";"Não confirmada diretamente nesta pesquisa";"Confirmar proposta, operação, acesso e endereço em canal da própria casa.";"2026-10-05";"https://www.locaisdobrasil.com.br/encontre/casa-noturna/santo-andre-sp/balaios-mc-sede-abc/646768716f16b70535a5f1d3";"Ficha correspondente (HTTP 200): https://www.locaisdobrasil.com.br/encontre/casa-noturna/santo-andre-sp/balaios-mc-sede-abc/646768716f16b70535a5f1d3 | Sem ficha correspondente (HTTP 404): https://restaurantguru.com.br/balaios-mc-sede-abc-santo-andre"
"Cook Hall Buffet";"buffet";"Av. Dom Pedro II, 2430 - Campestre, Santo André - SP, 09080-001";"Santo André";"3.045";"seg, qua, qui, sex: 09:00–18:00; sáb: 10:00–19:00";"-23.635768";"-46.5436531";"fonte secundária; funcionamento atual não confirmado";"Confirmar espaço físico para festas; categoria pode incluir restaurante ou serviço de alimentação.";"https://www.locaisdobrasil.com.br/encontre/buffet/santo-andre-sp/cook-hall-buffet/66daf47c8f35afd7184168bb";"Baixa prioridade — sem evidência de rolê";"4";"Não";"Restaurante, buffet ou espaço de eventos";"Não foi localizada evidência suficiente de bar/resenha ou festas abertas ao público. Categoria/nome sugerem alimentação, comércio ou eventos sob contratação; não é exclusão definitiva.";"Triagem conservadora do cadastro";"Não verificado";"Não confirmada diretamente nesta pesquisa";"Reavaliar se houver prova de bar ou programação pública de festas.";"2026-10-05";"https://www.locaisdobrasil.com.br/encontre/buffet/santo-andre-sp/cook-hall-buffet/66daf47c8f35afd7184168bb";"Ficha correspondente (HTTP 200): https://www.locaisdobrasil.com.br/encontre/buffet/santo-andre-sp/cook-hall-buffet/66daf47c8f35afd7184168bb"
"Primas Gertrúdes";"casa-noturna";"R. Gertrúdes de Lima, 510 - Centro, Santo André - SP, 09020-000";"Santo André";"3.046";"dom: 00:00–22:00; seg, ter: 10:00–22:00; qua, sex: 10:00–00:00; qui, sáb: 00:00–23:59";"-23.663246299999997";"-46.524172";"fonte secundária; funcionamento atual não confirmado";"Categoria do diretório não garante balada; confirmar tipo de atividade.";"https://www.locaisdobrasil.com.br/encontre/casa-noturna/santo-andre-sp/primas-gertrudes/647a6c71424b1ac500a7b4de";"Pendente — perfil não esclarecido";"3";"Não";"Casa noturna — tipo de acesso/perfil a confirmar";"Categoria de casa noturna é insuficiente para distinguir festas públicas, atendimento reservado ou cadastro incorreto; confirmar proposta e agenda.";"Categoria original apenas";"Não verificado";"Não confirmada diretamente nesta pesquisa";"Confirmar proposta, operação, acesso e endereço em canal da própria casa.";"2026-10-05";"https://www.locaisdobrasil.com.br/encontre/casa-noturna/santo-andre-sp/primas-gertrudes/647a6c71424b1ac500a7b4de";"Ficha correspondente (HTTP 200): https://www.locaisdobrasil.com.br/encontre/casa-noturna/santo-andre-sp/primas-gertrudes/647a6c71424b1ac500a7b4de | Sem ficha correspondente (HTTP 200): https://restaurantguru.com.br/Primas-Gertrudes-Santo-Andre"
"Bar Do Estevão";"bares";"R. Tamandaré, 148 - Nova Gerti, São Caetano do Sul - SP, 09580-040";"São Caetano do Sul";"3.047";"dom: 08:00–17:00; seg, ter, qua, qui, sex, sáb: 08:00–22:00";"-23.639823999999997";"-46.572394499999994";"fonte secundária; funcionamento atual não confirmado";"";"https://www.locaisdobrasil.com.br/encontre/bares/sao-caetano-do-sul-sp/bar-do-estevao/660f6f89a451b0ad1fb9c3d5";"Priorizar — perfil corroborado";"1";"Não";"Bar para conversa e bebidas";"Ficha no endereço correspondente apresenta bebidas/petiscos no contexto de bar. Perfil compatível inferido; público universitário e preço acessível não comprovados.";"Perfil descrito em ficha/avaliações secundárias; operação pendente";"Não verificado";"Não confirmada diretamente nesta pesquisa";"Confirmar operação/horários diretamente; conferir endereço, fotos e acesso antes de cadastrar.";"2026-10-05";"https://restaurantguru.com.br/Bar-Do-Estevao-Sao-Caetano-do-Sul";"Ficha correspondente (HTTP 200): https://www.locaisdobrasil.com.br/encontre/bares/sao-caetano-do-sul-sp/bar-do-estevao/660f6f89a451b0ad1fb9c3d5 | Ficha correspondente (HTTP 200): https://restaurantguru.com.br/Bar-Do-Estevao-Sao-Caetano-do-Sul"
"Black Bar";"bares";"Av. Kennedy, 50 - Jardim do Mar, São Bernardo do Campo - SP, 09726-250";"São Bernardo do Campo";"3.067";"dom: 18:00–02:00; sáb: 16:00–02:00";"-23.688520399999998";"-46.559812";"fonte secundária; funcionamento atual não confirmado";"";"https://www.locaisdobrasil.com.br/encontre/bares/sao-bernardo-do-campo-sp/black-bar/660bbd42d622f2b541167107";"Não incluir — indicação de fechamento";"6";"Não";"Operação com indicação de encerramento";"Ficha correspondente ao endereço sinaliza encerramento permanente; horários antigos não comprovam abertura.";"Ficha secundária correspondente";"Não verificado";"Não confirmada diretamente nesta pesquisa";"Não publicar; reavaliar somente com prova de reabertura.";"2026-10-05";"https://restaurantguru.com.br/Black-Bar-Sao-Bernardo-do-Campo";"Ficha correspondente (HTTP 200): https://www.locaisdobrasil.com.br/encontre/bares/sao-bernardo-do-campo-sp/black-bar/660bbd42d622f2b541167107 | Ficha correspondente (HTTP 200): https://restaurantguru.com.br/Black-Bar-Sao-Bernardo-do-Campo"
"Adega Santo André";"fornecedor-de-bebidas";"R. Gen. Canavarro, N° 126 - Campestre, Santo André - SP, 09070-440";"Santo André";"3.087";"dom, seg, ter, qua, qui: 14:00–00:00; sex, sáb: 14:00–03:00";"-23.635667";"-46.5427779";"fonte secundária; funcionamento atual não confirmado";"Categoria ampla: inclui distribuidor, depósito e água; confirmar se é adega.";"https://www.locaisdobrasil.com.br/encontre/fornecedor-de-bebidas/santo-andre-sp/adega-santo-andre/653ba8065134829987a0011b";"Pendente — consumo no local";"3";"Não";"Adega/bebidas — permanência não confirmada";"Venda/preparo de bebidas não comprova mesas, consumo no local ou ambiente de resenha; verificar antes de incluir.";"Categoria/nome do levantamento";"Não verificado";"Não confirmada diretamente nesta pesquisa";"Confirmar mesas/permanência e consumo no local; não inserir somente por vender bebidas.";"2026-10-05";"https://www.locaisdobrasil.com.br/encontre/fornecedor-de-bebidas/santo-andre-sp/adega-santo-andre/653ba8065134829987a0011b";"Ficha correspondente (HTTP 200): https://www.locaisdobrasil.com.br/encontre/fornecedor-de-bebidas/santo-andre-sp/adega-santo-andre/653ba8065134829987a0011b | Sem ficha correspondente (HTTP 404): https://restaurantguru.com.br/adega-santo-andre-santo-andre"
"Cia. da Cerveja Ltda.";"fornecedor-de-bebidas";"R. São Francisco de Assis, 09 - Santa Maria, São Caetano do Sul - SP, 09560-520";"São Caetano do Sul";"3.09";"seg, ter, qua, qui, sex: 08:00–17:00; sáb: 08:00–16:00";"-23.6336865";"-46.552714400000006";"fonte secundária; funcionamento atual não confirmado";"Categoria ampla: inclui distribuidor, depósito e água; confirmar se é adega.";"https://www.locaisdobrasil.com.br/encontre/fornecedor-de-bebidas/sao-caetano-do-sul-sp/cia-da-cerveja-ltda/652e9b94a560c09a5b14d819";"Baixa prioridade — sem evidência de rolê";"4";"Não";"Comércio/distribuição de bebidas";"Não foi localizada evidência suficiente de bar/resenha ou festas abertas ao público. Categoria/nome sugerem alimentação, comércio ou eventos sob contratação; não é exclusão definitiva.";"Triagem conservadora do cadastro";"Não verificado";"Não confirmada diretamente nesta pesquisa";"Reavaliar se houver prova de bar ou programação pública de festas.";"2026-10-05";"https://www.locaisdobrasil.com.br/encontre/fornecedor-de-bebidas/sao-caetano-do-sul-sp/cia-da-cerveja-ltda/652e9b94a560c09a5b14d819";"Ficha correspondente (HTTP 200): https://www.locaisdobrasil.com.br/encontre/fornecedor-de-bebidas/sao-caetano-do-sul-sp/cia-da-cerveja-ltda/652e9b94a560c09a5b14d819 | Sem ficha correspondente (HTTP 404): https://restaurantguru.com.br/cia-da-cerveja-ltda-sao-caetano-do-sul"
"Bar do Zé";"bares";"R. São Francisco de Assis, 5 - Santa Maria, São Caetano do Sul - SP, 09560-520";"São Caetano do Sul";"3.093";"dom, sáb: 08:00–22:00; seg, ter, qua, qui, sex: 06:30–23:00";"-23.6336619";"-46.552774";"fonte secundária; funcionamento atual não confirmado";"";"https://www.locaisdobrasil.com.br/encontre/bares/sao-caetano-do-sul-sp/bar-do-ze/660f6f6aa451b0ad1fb9c3c5";"Potencial — confirmar perfil/operação";"2";"Não";"Possível bar para resenha";"Categoria/nome sugerem bar, mas faltou informação específica e confiável sobre consumo no local, ambiente, proposta ou operação atual.";"Triagem pelo cadastro; sem corroboração específica";"Não verificado";"Não confirmada diretamente nesta pesquisa";"Confirmar proposta, operação, acesso e endereço em canal da própria casa.";"2026-10-05";"https://www.locaisdobrasil.com.br/encontre/bares/sao-caetano-do-sul-sp/bar-do-ze/660f6f6aa451b0ad1fb9c3c5";"Ficha correspondente (HTTP 200): https://www.locaisdobrasil.com.br/encontre/bares/sao-caetano-do-sul-sp/bar-do-ze/660f6f6aa451b0ad1fb9c3c5 | Sem ficha correspondente (HTTP 200): https://restaurantguru.com.br/Bar-do-Ze-Sao-Caetano-do-Sul"
"Adriano''s Restaurante";"buffet";"Rua Rêgente Feijó, 221 - Vila Assunção, Santo André - SP, 09030-000";"Santo André";"3.094";"dom, seg, ter, qua, qui, sex, sáb: 11:30–15:00";"-23.6704299";"-46.5252629";"fonte secundária; funcionamento atual não confirmado";"Confirmar espaço físico para festas; categoria pode incluir restaurante ou serviço de alimentação.";"https://www.locaisdobrasil.com.br/encontre/buffet/santo-andre-sp/adrianos-restaurante/66db8caf58c8e2634b991f6d";"Baixa prioridade — sem evidência de rolê";"4";"Não";"Restaurante, buffet ou espaço de eventos";"Não foi localizada evidência suficiente de bar/resenha ou festas abertas ao público. Categoria/nome sugerem alimentação, comércio ou eventos sob contratação; não é exclusão definitiva.";"Triagem conservadora do cadastro";"Não verificado";"Não confirmada diretamente nesta pesquisa";"Reavaliar se houver prova de bar ou programação pública de festas.";"2026-10-05";"https://www.locaisdobrasil.com.br/encontre/buffet/santo-andre-sp/adrianos-restaurante/66db8caf58c8e2634b991f6d";"Ficha correspondente (HTTP 200): https://www.locaisdobrasil.com.br/encontre/buffet/santo-andre-sp/adrianos-restaurante/66db8caf58c8e2634b991f6d"
"O Favoritto Bar e Música";"bares";"Av. Antártico, 260 - Jardim do Mar, São Bernardo do Campo - SP, 09726-150";"São Bernardo do Campo";"3.097";"qui: 18:00–23:00; sex, sáb: 18:00–01:00";"-23.6882292";"-46.5623692";"fonte secundária; funcionamento atual não confirmado";"";"https://www.locaisdobrasil.com.br/encontre/bares/sao-bernardo-do-campo-sp/o-favoritto-bar-e-musica/66c7a83df99178ff57474380";"Não incluir — indicação de fechamento";"6";"Não";"Operação com indicação de encerramento";"Ficha correspondente ao endereço sinaliza encerramento permanente; horários antigos não comprovam abertura.";"Ficha secundária correspondente";"Não verificado";"Não confirmada diretamente nesta pesquisa";"Não publicar; reavaliar somente com prova de reabertura.";"2026-10-05";"https://restaurantguru.com.br/O-Favoritto-Bar-e-Musica-Sao-Bernardo-do-Campo";"Ficha correspondente (HTTP 200): https://www.locaisdobrasil.com.br/encontre/bares/sao-bernardo-do-campo-sp/o-favoritto-bar-e-musica/66c7a83df99178ff57474380 | Ficha correspondente (HTTP 200): https://restaurantguru.com.br/O-Favoritto-Bar-e-Musica-Sao-Bernardo-do-Campo"
"Restaurante Jardim";"buffet";"Av. Antártico, 328 - Jardim do Mar, São Bernardo do Campo - SP, 09726-150";"São Bernardo do Campo";"3.101";"seg, ter, qua, qui, sex: 11:00–15:00";"-23.688112";"-46.562943";"fonte secundária; funcionamento atual não confirmado";"Confirmar espaço físico para festas; categoria pode incluir restaurante ou serviço de alimentação.";"https://www.locaisdobrasil.com.br/encontre/buffet/sao-bernardo-do-campo-sp/restaurante-jardim/66db956958c8e2634b992a9f";"Baixa prioridade — sem evidência de rolê";"4";"Não";"Restaurante, buffet ou espaço de eventos";"Não foi localizada evidência suficiente de bar/resenha ou festas abertas ao público. Categoria/nome sugerem alimentação, comércio ou eventos sob contratação; não é exclusão definitiva.";"Triagem conservadora do cadastro";"Não verificado";"Não confirmada diretamente nesta pesquisa";"Reavaliar se houver prova de bar ou programação pública de festas.";"2026-10-05";"https://www.locaisdobrasil.com.br/encontre/buffet/sao-bernardo-do-campo-sp/restaurante-jardim/66db956958c8e2634b992a9f";"Ficha correspondente (HTTP 200): https://www.locaisdobrasil.com.br/encontre/buffet/sao-bernardo-do-campo-sp/restaurante-jardim/66db956958c8e2634b992a9f"
"Santo Quintal Bar";"bares";"Av. Antártico, 260 - Jardim do Mar, São Bernardo do Campo - SP, 09726-150";"São Bernardo do Campo";"3.105";"dom, sáb: 14:00–22:00; ter, qua, qui, sex: 16:30–22:00";"-23.6883002";"-46.5623856";"fonte secundária; funcionamento atual não confirmado";"";"https://www.locaisdobrasil.com.br/encontre/bares/sao-bernardo-do-campo-sp/santo-quintal-bar/660bbd56d622f2b54116710e";"Não incluir — indicação de fechamento";"6";"Não";"Operação com indicação de encerramento";"Ficha correspondente ao endereço sinaliza encerramento permanente; horários antigos não comprovam abertura.";"Ficha secundária correspondente";"Não verificado";"Não confirmada diretamente nesta pesquisa";"Não publicar; reavaliar somente com prova de reabertura.";"2026-10-05";"https://restaurantguru.com.br/Santo-Quintal-Bar-Sao-Bernardo-do-Campo";"Ficha correspondente (HTTP 200): https://www.locaisdobrasil.com.br/encontre/bares/sao-bernardo-do-campo-sp/santo-quintal-bar/660bbd56d622f2b54116710e | Ficha correspondente (HTTP 200): https://restaurantguru.com.br/Santo-Quintal-Bar-Sao-Bernardo-do-Campo"
"Mansão Ghael";"casa-noturna";"R. Justino Paixão, 467 - Jardim Sao Caetano, São Caetano do Sul - SP, 09580-780";"São Caetano do Sul";"3.127";"dom, seg, ter, qua, qui, sex, sáb: 00:00–23:59";"-23.642879399999998";"-46.5770711";"fonte secundária; funcionamento atual não confirmado";"Categoria do diretório não garante balada; confirmar tipo de atividade.";"https://www.locaisdobrasil.com.br/encontre/casa-noturna/sao-caetano-do-sul-sp/mansao-ghael/64e3d471d66ee5f1b71b2d58";"Pendente — perfil não esclarecido";"3";"Não";"Casa noturna — tipo de acesso/perfil a confirmar";"Categoria de casa noturna é insuficiente para distinguir festas públicas, atendimento reservado ou cadastro incorreto; confirmar proposta e agenda.";"Categoria original apenas";"Não verificado";"Não confirmada diretamente nesta pesquisa";"Confirmar proposta, operação, acesso e endereço em canal da própria casa.";"2026-10-05";"https://www.locaisdobrasil.com.br/encontre/casa-noturna/sao-caetano-do-sul-sp/mansao-ghael/64e3d471d66ee5f1b71b2d58";"Ficha correspondente (HTTP 200): https://www.locaisdobrasil.com.br/encontre/casa-noturna/sao-caetano-do-sul-sp/mansao-ghael/64e3d471d66ee5f1b71b2d58 | Sem ficha correspondente (HTTP 200): https://restaurantguru.com.br/Mansao-Ghael-Sao-Caetano-do-Sul"
"Bar da Codorna";"bares";"R. Dr. Manoel de Abreu, 462 - Olímpico, São Caetano do Sul - SP, 09570-360";"São Caetano do Sul";"3.13";"dom: 09:00–18:00; seg: 09:00–19:00; ter, qua, qui, sex: 09:00–22:00; sáb: 09:00–21:00";"-23.633902499999998";"-46.5603148";"fonte secundária; funcionamento atual não confirmado";"";"https://www.locaisdobrasil.com.br/encontre/bares/sao-caetano-do-sul-sp/bar-da-codorna/660f6f5fa451b0ad1fb9c3c0";"Priorizar — perfil corroborado";"1";"Não";"Bar para conversa e bebidas";"Ficha no endereço correspondente apresenta bebidas/petiscos no contexto de bar. Perfil compatível inferido; público universitário e preço acessível não comprovados.";"Perfil descrito em ficha/avaliações secundárias; operação pendente";"Não verificado";"Não confirmada diretamente nesta pesquisa";"Confirmar operação/horários diretamente; conferir endereço, fotos e acesso antes de cadastrar.";"2026-10-05";"https://restaurantguru.com.br/Bar-da-codorna-Sao-Caetano-do-Sul";"Ficha correspondente (HTTP 200): https://www.locaisdobrasil.com.br/encontre/bares/sao-caetano-do-sul-sp/bar-da-codorna/660f6f5fa451b0ad1fb9c3c0 | Ficha correspondente (HTTP 200): https://restaurantguru.com.br/Bar-da-codorna-Sao-Caetano-do-Sul"
"Esquina 315";"bares";"Av. Antártico, 315 - Jardim do Mar, São Bernardo do Campo - SP, 09726-150";"São Bernardo do Campo";"3.13";"dom: 12:00–16:00; seg: 11:00–21:00; ter, qua, qui: 11:00–21:30; sex: 11:00–21:30; sáb: 12:00–15:00";"-23.6883435";"-46.5630932";"fonte secundária; funcionamento atual não confirmado";"";"https://www.locaisdobrasil.com.br/encontre/bares/sao-bernardo-do-campo-sp/esquina-315/660c5235d622f2b54116a2b1";"Não incluir — indicação de fechamento";"6";"Não";"Operação com indicação de encerramento";"Ficha correspondente ao endereço sinaliza encerramento permanente; horários antigos não comprovam abertura.";"Ficha secundária correspondente";"Não verificado";"Não confirmada diretamente nesta pesquisa";"Não publicar; reavaliar somente com prova de reabertura.";"2026-10-05";"https://restaurantguru.com.br/Esquina-315-Sao-Bernardo-do-Campo";"Ficha correspondente (HTTP 200): https://www.locaisdobrasil.com.br/encontre/bares/sao-bernardo-do-campo-sp/esquina-315/660c5235d622f2b54116a2b1 | Ficha correspondente (HTTP 200): https://restaurantguru.com.br/Esquina-315-Sao-Bernardo-do-Campo"
"Bar Do Pancho";"bares";"R. Cel. Agenor de Camargo, 532 - Centro, Santo André - SP, 09020-220";"Santo André";"3.134";"dom, ter, qua: 17:30–00:00; qui, sex, sáb: 17:30–01:00";"-23.6659763";"-46.5236474";"fonte secundária; funcionamento atual não confirmado";"";"https://www.locaisdobrasil.com.br/encontre/bares/santo-andre-sp/bar-do-pancho/660d1ab1a3f2688d6da690eb";"Priorizar — perfil corroborado";"1";"Não";"Bar com música ao vivo";"Ficha no endereço correspondente apresenta música ao vivo, bebidas/petiscos no contexto de bar. Perfil compatível inferido; público universitário e preço acessível não comprovados.";"Perfil descrito em ficha/avaliações secundárias; operação pendente";"Não verificado";"Não confirmada diretamente nesta pesquisa";"Confirmar operação/horários diretamente; conferir endereço, fotos e acesso antes de cadastrar.";"2026-10-05";"https://restaurantguru.com.br/Bar-Do-Pancho-Santo-Andre";"Ficha correspondente (HTTP 200): https://www.locaisdobrasil.com.br/encontre/bares/santo-andre-sp/bar-do-pancho/660d1ab1a3f2688d6da690eb | Ficha correspondente (HTTP 200): https://restaurantguru.com.br/Bar-Do-Pancho-Santo-Andre"
"Bar Do Bahia";"bares";"R. Rio Grande do Norte, 205 - Vila Sao Pedro, Santo André - SP, 09210-360";"Santo André";"3.139";"dom, seg, ter, qua, qui, sex, sáb: 07:00–20:00";"-23.6418085";"-46.531880699999995";"fonte secundária; funcionamento atual não confirmado";"";"https://www.locaisdobrasil.com.br/encontre/bares/santo-andre-sp/bar-do-bahia/660d1b92a3f2688d6da6912b";"Potencial — confirmar perfil/operação";"2";"Não";"Possível bar para resenha";"Categoria/nome sugerem bar, mas faltou informação específica e confiável sobre consumo no local, ambiente, proposta ou operação atual.";"Triagem pelo cadastro; sem corroboração específica";"Não verificado";"Não confirmada diretamente nesta pesquisa";"Confirmar proposta, operação, acesso e endereço em canal da própria casa.";"2026-10-05";"https://www.locaisdobrasil.com.br/encontre/bares/santo-andre-sp/bar-do-bahia/660d1b92a3f2688d6da6912b";"Ficha correspondente (HTTP 200): https://www.locaisdobrasil.com.br/encontre/bares/santo-andre-sp/bar-do-bahia/660d1b92a3f2688d6da6912b | Sem ficha correspondente (HTTP 200): https://restaurantguru.com.br/Bar-do-Bahia-Santo-Andre"
"Viva Brasil Show";"casa-noturna";"Av. Queirós dos Santos, 684 - Centro, Santo André - SP, 09015-311";"Santo André";"3.141";"sáb: 23:00–05:00";"-23.6553416";"-46.5239124";"fonte secundária; funcionamento atual não confirmado";"Categoria do diretório não garante balada; confirmar tipo de atividade.";"https://www.locaisdobrasil.com.br/encontre/casa-noturna/santo-andre-sp/viva-brasil-show/647a6c70424b1ac500a7b4dc";"Não incluir — indicação de fechamento";"6";"Não";"Operação com indicação de encerramento";"Ficha correspondente ao endereço sinaliza encerramento permanente; horários antigos não comprovam abertura.";"Ficha secundária correspondente";"Não verificado";"Não confirmada diretamente nesta pesquisa";"Não publicar; reavaliar somente com prova de reabertura.";"2026-10-05";"https://restaurantguru.com.br/Viva-Brazil-Show-Santo-Andre";"Ficha correspondente (HTTP 200): https://www.locaisdobrasil.com.br/encontre/casa-noturna/santo-andre-sp/viva-brasil-show/647a6c70424b1ac500a7b4dc | Ficha correspondente (HTTP 200): https://restaurantguru.com.br/Viva-Brazil-Show-Santo-Andre"
"Espeto de Ouro";"buffet";"R. Borba Gato, 17 - Vila Jordanopolis, São Bernardo do Campo - SP, 09891-610";"São Bernardo do Campo";"3.142";"dom, seg, ter, qua, qui, sex, sáb: 08:00–18:00";"-23.684001";"-46.5726075";"fonte secundária; funcionamento atual não confirmado";"Confirmar espaço físico para festas; categoria pode incluir restaurante ou serviço de alimentação.";"https://www.locaisdobrasil.com.br/encontre/buffet/sao-bernardo-do-campo-sp/espeto-de-ouro/66dacba68f35afd7184146f6";"Baixa prioridade — sem evidência de rolê";"4";"Não";"Restaurante, buffet ou espaço de eventos";"Não foi localizada evidência suficiente de bar/resenha ou festas abertas ao público. Categoria/nome sugerem alimentação, comércio ou eventos sob contratação; não é exclusão definitiva.";"Triagem conservadora do cadastro";"Não verificado";"Não confirmada diretamente nesta pesquisa";"Reavaliar se houver prova de bar ou programação pública de festas.";"2026-10-05";"https://www.locaisdobrasil.com.br/encontre/buffet/sao-bernardo-do-campo-sp/espeto-de-ouro/66dacba68f35afd7184146f6";"Ficha correspondente (HTTP 200): https://www.locaisdobrasil.com.br/encontre/buffet/sao-bernardo-do-campo-sp/espeto-de-ouro/66dacba68f35afd7184146f6"
"Restaurantes Di Leidy Refeições Caseiras";"buffet";"R. Santa Adélia, 153 - Vila Sao Pedro, Santo André - SP, 09210-170";"Santo André";"3.149";"seg, ter, qua, qui, sex, sáb: 11:00–14:30";"-23.643858299999998";"-46.529795799999995";"fonte secundária; funcionamento atual não confirmado";"Confirmar espaço físico para festas; categoria pode incluir restaurante ou serviço de alimentação.";"https://www.locaisdobrasil.com.br/encontre/buffet/santo-andre-sp/restaurantes-di-leidy-refeicoes-caseiras/66db8c9e58c8e2634b991f55";"Baixa prioridade — sem evidência de rolê";"4";"Não";"Restaurante, buffet ou espaço de eventos";"Não foi localizada evidência suficiente de bar/resenha ou festas abertas ao público. Categoria/nome sugerem alimentação, comércio ou eventos sob contratação; não é exclusão definitiva.";"Triagem conservadora do cadastro";"Não verificado";"Não confirmada diretamente nesta pesquisa";"Reavaliar se houver prova de bar ou programação pública de festas.";"2026-10-05";"https://www.locaisdobrasil.com.br/encontre/buffet/santo-andre-sp/restaurantes-di-leidy-refeicoes-caseiras/66db8c9e58c8e2634b991f55";"Ficha correspondente (HTTP 200): https://www.locaisdobrasil.com.br/encontre/buffet/santo-andre-sp/restaurantes-di-leidy-refeicoes-caseiras/66db8c9e58c8e2634b991f55"
"Restaurante RM";"buffet";"Rua Thales dos Santos Freire, 437 - Baeta Neves, São Bernardo do Campo - SP, 09751-020";"São Bernardo do Campo";"3.156";"seg, ter, qua, qui, sex: 07:00–19:00; sáb: 07:00–15:00";"-23.6889702";"-46.546433400000005";"fonte secundária; funcionamento atual não confirmado";"Confirmar espaço físico para festas; categoria pode incluir restaurante ou serviço de alimentação.";"https://www.locaisdobrasil.com.br/encontre/buffet/sao-bernardo-do-campo-sp/restaurante-rm/66dacbb48f35afd718414703";"Baixa prioridade — sem evidência de rolê";"4";"Não";"Restaurante, buffet ou espaço de eventos";"Não foi localizada evidência suficiente de bar/resenha ou festas abertas ao público. Categoria/nome sugerem alimentação, comércio ou eventos sob contratação; não é exclusão definitiva.";"Triagem conservadora do cadastro";"Não verificado";"Não confirmada diretamente nesta pesquisa";"Reavaliar se houver prova de bar ou programação pública de festas.";"2026-10-05";"https://www.locaisdobrasil.com.br/encontre/buffet/sao-bernardo-do-campo-sp/restaurante-rm/66dacbb48f35afd718414703";"Ficha correspondente (HTTP 200): https://www.locaisdobrasil.com.br/encontre/buffet/sao-bernardo-do-campo-sp/restaurante-rm/66dacbb48f35afd718414703"
"O Bar 261";"bares";"R. Piabanha, 261 - Santa Maria, São Caetano do Sul - SP, 09560-130";"São Caetano do Sul";"3.159";"dom: 12:00–20:00; ter, qua, qui, sex: 16:00–00:00; sáb: 12:00–00:00";"-23.6330428";"-46.554381199999995";"fonte secundária; funcionamento atual não confirmado";"";"https://www.locaisdobrasil.com.br/encontre/bares/sao-caetano-do-sul-sp/o-bar-261/660f6f72a451b0ad1fb9c3c9";"Potencial — confirmar perfil/operação";"2";"Não";"Possível bar para resenha";"Categoria/nome sugerem bar, mas faltou informação específica e confiável sobre consumo no local, ambiente, proposta ou operação atual.";"Ficha correspondente sem detalhes de perfil suficientes";"Não verificado";"Não confirmada diretamente nesta pesquisa";"Confirmar proposta, operação, acesso e endereço em canal da própria casa.";"2026-10-05";"https://www.locaisdobrasil.com.br/encontre/bares/sao-caetano-do-sul-sp/o-bar-261/660f6f72a451b0ad1fb9c3c9 | https://restaurantguru.com.br/O-Bar-261-Sao-Caetano-do-Sul";"Ficha correspondente (HTTP 200): https://www.locaisdobrasil.com.br/encontre/bares/sao-caetano-do-sul-sp/o-bar-261/660f6f72a451b0ad1fb9c3c9 | Ficha correspondente (HTTP 200): https://restaurantguru.com.br/O-Bar-261-Sao-Caetano-do-Sul"
"Taberna Vieira";"bares";"Av. Getúlio Vargas, 1630 - Baeta Neves, São Bernardo do Campo - SP, 09751-251";"São Bernardo do Campo";"3.172";"seg, ter, qua, qui, sex: 14:00–00:00; sáb: 10:30–19:30";"-23.688062";"-46.5428";"fonte secundária; funcionamento atual não confirmado";"";"https://www.locaisdobrasil.com.br/encontre/bares/sao-bernardo-do-campo-sp/taberna-vieira/636e4642b46ef06da8425cc4";"Priorizar — perfil corroborado";"1";"Não";"Bar para conversa e bebidas";"Ficha no endereço correspondente apresenta bebidas/petiscos no contexto de bar. Perfil compatível inferido; público universitário e preço acessível não comprovados.";"Perfil descrito em ficha/avaliações secundárias; operação pendente";"Não verificado";"Não confirmada diretamente nesta pesquisa";"Confirmar operação/horários diretamente; conferir endereço, fotos e acesso antes de cadastrar.";"2026-10-05";"https://restaurantguru.com.br/Taberna-Vieira-Sao-Bernardo-do-Campo";"Ficha correspondente (HTTP 200): https://www.locaisdobrasil.com.br/encontre/bares/sao-bernardo-do-campo-sp/taberna-vieira/636e4642b46ef06da8425cc4 | Ficha correspondente (HTTP 200): https://restaurantguru.com.br/Taberna-Vieira-Sao-Bernardo-do-Campo"
"Supra Bar - Direito SBC";"bares";"R. Java, 299 - Jardim do Mar, São Bernardo do Campo - SP, 09750-650";"São Bernardo do Campo";"3.184";"Seg–sex 09:00–00:00; sáb 16:00–00:00; dom fechado (página oficial da unidade).";"-23.689908400000004";"-46.557497999999995";"Endereço e horários corroborados em fonte oficial; coordenadas secundárias aproximadas.";"";"https://www.locaisdobrasil.com.br/encontre/bares/sao-bernardo-do-campo-sp/supra-bar-direito-sbc/62ceb8191968413d5511eb36 | https://suprabar.com.br/direito-sbc/";"Já publicado";"0";"Sim";"Bar/adega para encontro";"Local já selecionado no catálogo; fontes da publicação preservadas. Publicado não significa operação confirmada hoje.";"Catálogo atual e respectivas fontes";"Mencionado em fonte secundária; frequência real não verificada";"Não confirmada diretamente nesta pesquisa";"Manter revisão manual de horários e operação.";"2026-10-05";"https://suprabar.com.br/direito-sbc/ | https://www.locaisdobrasil.com.br/encontre/bares/sao-bernardo-do-campo-sp/supra-bar-direito-sbc/62ceb8191968413d5511eb36";"Ficha correspondente (HTTP 200): https://www.locaisdobrasil.com.br/encontre/bares/sao-bernardo-do-campo-sp/supra-bar-direito-sbc/62ceb8191968413d5511eb36 | Sem ficha correspondente (HTTP 404): https://restaurantguru.com.br/supra-bar-direito-sbc-sao-bernardo-do-campo"
"Supra Bar Bernô";"casa-noturna";"Rua Marli, 26 - Jardim do Mar, São Bernardo do Campo - SP, 09726-390";"São Bernardo do Campo";"3.184";"Horário semanal não localizado. Evento 03/10: 22h–05h; não usar como funcionamento semanal.";"-23.6899";"-46.5576";"Endereço corroborado pelo organizador na Blacktag; coordenadas secundárias aproximadas. Pode compartilhar espaço ou operação com Direito; não concluir que são dois prédios.";"";"https://restaurantguru.com.br/Supra-Bar-Berno-Sao-Bernardo-do-Campo | https://www.blacktag.com.br/eventos/33175/supra-berno-sabado-03-10";"Já publicado";"0";"Sim";"Bar/adega para encontro";"Local já selecionado no catálogo; fontes da publicação preservadas. Publicado não significa operação confirmada hoje.";"Catálogo atual e respectivas fontes";"Não verificado";"Não confirmada diretamente nesta pesquisa";"Manter revisão manual de horários e operação.";"2026-10-05";"https://www.blacktag.com.br/organizadores/1288/supra-berno | https://restaurantguru.com.br/Supra-Bar-Berno-Sao-Bernardo-do-Campo";"Sem ficha correspondente (HTTP 200): https://restaurantguru.com.br/Supra-Bar-Berno-Sao-Bernardo-do-Campo | Ficha correspondente (HTTP 200): https://restaurantguru.com.br/Supra-Bar-Berno-Sao-Bernardo-do-Campo"
"Boteco 5 Esquinas";"bares";"R. Cel. Francisco Amaro, 1 - Centro, Santo André - SP, 09020-250";"Santo André";"3.188";"ter, qua, qui, sex, sáb: 11:00–22:00";"-23.6595609";"-46.5227849";"fonte secundária; funcionamento atual não confirmado";"";"https://www.locaisdobrasil.com.br/encontre/bares/santo-andre-sp/boteco-5-esquinas/660d1b02a3f2688d6da69102";"Priorizar — perfil corroborado";"1";"Não";"Bar com música ao vivo";"Ficha no endereço correspondente apresenta música ao vivo, bebidas/petiscos no contexto de bar. Perfil compatível inferido; público universitário e preço acessível não comprovados.";"Perfil descrito em ficha/avaliações secundárias; operação pendente";"Não verificado";"Não confirmada diretamente nesta pesquisa";"Confirmar operação/horários diretamente; conferir endereço, fotos e acesso antes de cadastrar.";"2026-10-05";"https://restaurantguru.com.br/Boteco-5-Esquinas-Santo-Andre";"Ficha correspondente (HTTP 200): https://www.locaisdobrasil.com.br/encontre/bares/santo-andre-sp/boteco-5-esquinas/660d1b02a3f2688d6da69102 | Ficha correspondente (HTTP 200): https://restaurantguru.com.br/Boteco-5-Esquinas-Santo-Andre"
"Balneário do Chopp";"fornecedor-de-bebidas";"clube da Mercedes - R. Brejaúva, 337 - Vila Sao Jose, Diadema - SP, 09950-630";"Diadema";"3.191";"dom: 09:00–14:00; ter, qua, qui, sex: 09:00–20:00; sáb: 09:00–18:00";"-23.6736269";"-46.5823958";"fonte secundária; funcionamento atual não confirmado";"Categoria ampla: inclui distribuidor, depósito e água; confirmar se é adega.";"https://www.locaisdobrasil.com.br/encontre/fornecedor-de-bebidas/diadema-sp/balneario-do-chopp/6579b5427a7db0f2b821cfbb";"Baixa prioridade — sem evidência de rolê";"4";"Não";"Comércio/distribuição de bebidas";"Não foi localizada evidência suficiente de bar/resenha ou festas abertas ao público. Categoria/nome sugerem alimentação, comércio ou eventos sob contratação; não é exclusão definitiva.";"Triagem conservadora do cadastro";"Não verificado";"Não confirmada diretamente nesta pesquisa";"Reavaliar se houver prova de bar ou programação pública de festas.";"2026-10-05";"https://www.locaisdobrasil.com.br/encontre/fornecedor-de-bebidas/diadema-sp/balneario-do-chopp/6579b5427a7db0f2b821cfbb";"Ficha correspondente (HTTP 200): https://www.locaisdobrasil.com.br/encontre/fornecedor-de-bebidas/diadema-sp/balneario-do-chopp/6579b5427a7db0f2b821cfbb | Sem ficha correspondente (HTTP 200): https://restaurantguru.com.br/Balneario-do-Chopp-Diadema"
"Arena Dejão";"casa-noturna";"R. Okinawa, 148 - Jardim Jamaica, Santo André - SP, 09185-270";"Santo André";"3.197";"Não localizado";"-23.682281";"-46.5323759";"fonte secundária; funcionamento atual não confirmado";"Categoria do diretório não garante balada; confirmar tipo de atividade.";"https://www.locaisdobrasil.com.br/encontre/casa-noturna/santo-andre-sp/arena-dejao/646769606f16b70535a5f302";"Pendente — perfil não esclarecido";"3";"Não";"Casa noturna — tipo de acesso/perfil a confirmar";"Categoria de casa noturna é insuficiente para distinguir festas públicas, atendimento reservado ou cadastro incorreto; confirmar proposta e agenda.";"Categoria original apenas";"Não verificado";"Não confirmada diretamente nesta pesquisa";"Confirmar proposta, operação, acesso e endereço em canal da própria casa.";"2026-10-05";"https://www.locaisdobrasil.com.br/encontre/casa-noturna/santo-andre-sp/arena-dejao/646769606f16b70535a5f302";"Ficha correspondente (HTTP 200): https://www.locaisdobrasil.com.br/encontre/casa-noturna/santo-andre-sp/arena-dejao/646769606f16b70535a5f302 | Sem ficha correspondente (HTTP 200): https://restaurantguru.com.br/Arena-Dejao-Santo-Andre"
"Bar do Ceará";"bares";"R. Dom Duarte Leopoldo e Silva, 135 - Centro, Santo André - SP, 09015-560";"Santo André";"3.207";"dom: 09:00–21:00; seg, ter, qua, qui, sex: 06:40–22:00; sáb: 08:00–22:00";"-23.6642154";"-46.5226749";"fonte secundária; funcionamento atual não confirmado";"";"https://www.locaisdobrasil.com.br/encontre/bares/santo-andre-sp/bar-do-ceara/660c51edd622f2b54116a29a";"Potencial — confirmar perfil/operação";"2";"Não";"Possível bar para resenha";"Categoria/nome sugerem bar, mas faltou informação específica e confiável sobre consumo no local, ambiente, proposta ou operação atual.";"Triagem pelo cadastro; sem corroboração específica";"Não verificado";"Não confirmada diretamente nesta pesquisa";"Confirmar proposta, operação, acesso e endereço em canal da própria casa.";"2026-10-05";"https://www.locaisdobrasil.com.br/encontre/bares/santo-andre-sp/bar-do-ceara/660c51edd622f2b54116a29a";"Ficha correspondente (HTTP 200): https://www.locaisdobrasil.com.br/encontre/bares/santo-andre-sp/bar-do-ceara/660c51edd622f2b54116a29a | Sem ficha correspondente (HTTP 200): https://restaurantguru.com.br/Bar-Do-Ceara-Santo-Andre"
"Dreams Night Club";"casa-noturna";"Av. Dom Pedro II, 2731 - Campestre, Santo André - SP, 09080-110";"Santo André";"3.208";"dom, seg, ter, qua: 20:00–04:00; qui, sex, sáb: 20:00–05:00";"-23.633668999999998";"-46.5455165";"fonte secundária; funcionamento atual não confirmado";"Categoria do diretório não garante balada; confirmar tipo de atividade.";"https://www.locaisdobrasil.com.br/encontre/casa-noturna/santo-andre-sp/dreams-night-club/6467669d6f16b70535a5ef90";"Pendente — perfil não esclarecido";"3";"Não";"Casa noturna — tipo de acesso/perfil a confirmar";"Categoria de casa noturna é insuficiente para distinguir festas públicas, atendimento reservado ou cadastro incorreto; confirmar proposta e agenda.";"Categoria original apenas";"Não verificado";"Não confirmada diretamente nesta pesquisa";"Confirmar proposta, operação, acesso e endereço em canal da própria casa.";"2026-10-05";"https://www.locaisdobrasil.com.br/encontre/casa-noturna/santo-andre-sp/dreams-night-club/6467669d6f16b70535a5ef90";"Ficha correspondente (HTTP 200): https://www.locaisdobrasil.com.br/encontre/casa-noturna/santo-andre-sp/dreams-night-club/6467669d6f16b70535a5ef90 | Sem ficha correspondente (HTTP 404): https://restaurantguru.com.br/dreams-night-club-santo-andre"
"Kataventu Restaurante";"buffet";"R. Bom Pastor, 831 - Oswaldo Cruz, São Caetano do Sul - SP, 09570-500";"São Caetano do Sul";"3.208";"seg, ter, qua, qui, sex, sáb: 11:30–15:00";"-23.6340926";"-46.564013499999994";"fonte secundária; funcionamento atual não confirmado";"Confirmar espaço físico para festas; categoria pode incluir restaurante ou serviço de alimentação.";"https://www.locaisdobrasil.com.br/encontre/buffet/sao-caetano-do-sul-sp/kataventu-restaurante/66da901e8f35afd71840fc40";"Baixa prioridade — sem evidência de rolê";"4";"Não";"Restaurante, buffet ou espaço de eventos";"Não foi localizada evidência suficiente de bar/resenha ou festas abertas ao público. Categoria/nome sugerem alimentação, comércio ou eventos sob contratação; não é exclusão definitiva.";"Triagem conservadora do cadastro";"Não verificado";"Não confirmada diretamente nesta pesquisa";"Reavaliar se houver prova de bar ou programação pública de festas.";"2026-10-05";"https://www.locaisdobrasil.com.br/encontre/buffet/sao-caetano-do-sul-sp/kataventu-restaurante/66da901e8f35afd71840fc40";"Ficha correspondente (HTTP 200): https://www.locaisdobrasil.com.br/encontre/buffet/sao-caetano-do-sul-sp/kataventu-restaurante/66da901e8f35afd71840fc40"
"Atalanta Pizza & Burger";"bares";"Av. São Paulo, 224 - Vila Jordanopolis, São Bernardo do Campo - SP, 09892-330";"São Bernardo do Campo";"3.218";"dom, ter, qua, qui: 18:00–22:30; sex, sáb: 18:00–23:30";"-23.681846";"-46.576443999999995";"fonte secundária; funcionamento atual não confirmado";"";"https://www.locaisdobrasil.com.br/encontre/bares/sao-bernardo-do-campo-sp/atalanta-pizza-burger/660c50acd622f2b54116a231";"Potencial — confirmar perfil/operação";"2";"Não";"Possível bar para resenha";"Categoria/nome sugerem bar, mas faltou informação específica e confiável sobre consumo no local, ambiente, proposta ou operação atual.";"Triagem pelo cadastro; sem corroboração específica";"Não verificado";"Não confirmada diretamente nesta pesquisa";"Confirmar proposta, operação, acesso e endereço em canal da própria casa.";"2026-10-05";"https://www.locaisdobrasil.com.br/encontre/bares/sao-bernardo-do-campo-sp/atalanta-pizza-burger/660c50acd622f2b54116a231";"Ficha correspondente (HTTP 200): https://www.locaisdobrasil.com.br/encontre/bares/sao-bernardo-do-campo-sp/atalanta-pizza-burger/660c50acd622f2b54116a231 | Sem ficha correspondente (HTTP 404): https://restaurantguru.com.br/atalanta-pizza-burger-sao-bernardo-do-campo"
"Atalanta Bebidas";"fornecedor-de-bebidas";"R. Martins Fontes, 244 - Vila Jordanopolis, São Bernardo do Campo - SP, 09892-150";"São Bernardo do Campo";"3.224";"seg, ter, qua, qui, sex: 09:00–18:00; sáb: 09:00–15:00";"-23.681950099999998";"-46.576410499999994";"fonte secundária; funcionamento atual não confirmado";"Categoria ampla: inclui distribuidor, depósito e água; confirmar se é adega.";"https://www.locaisdobrasil.com.br/encontre/fornecedor-de-bebidas/sao-bernardo-do-campo-sp/atalanta-bebidas/652eb1f8a560c09a5b14ee09";"Pendente — consumo no local";"3";"Não";"Adega/bebidas — permanência não confirmada";"Venda/preparo de bebidas não comprova mesas, consumo no local ou ambiente de resenha; verificar antes de incluir.";"Categoria/nome do levantamento";"Não verificado";"Não confirmada diretamente nesta pesquisa";"Confirmar mesas/permanência e consumo no local; não inserir somente por vender bebidas.";"2026-10-05";"https://www.locaisdobrasil.com.br/encontre/fornecedor-de-bebidas/sao-bernardo-do-campo-sp/atalanta-bebidas/652eb1f8a560c09a5b14ee09";"Ficha correspondente (HTTP 200): https://www.locaisdobrasil.com.br/encontre/fornecedor-de-bebidas/sao-bernardo-do-campo-sp/atalanta-bebidas/652eb1f8a560c09a5b14ee09 | Sem ficha correspondente (HTTP 404): https://restaurantguru.com.br/atalanta-bebidas-sao-bernardo-do-campo"
"RB Ice Drinks Spot";"fornecedor-de-bebidas";"Rua Oswaldo Cruz, 2017 - Oswaldo Cruz, São Caetano do Sul - SP, 09540-280";"São Caetano do Sul";"3.233";"dom, seg, ter, qua, qui: 16:30–23:00; sex, sáb: 16:30–00:00";"-23.634926399999998";"-46.567025199999996";"fonte secundária; funcionamento atual não confirmado";"Categoria ampla: inclui distribuidor, depósito e água; confirmar se é adega.";"https://www.locaisdobrasil.com.br/encontre/fornecedor-de-bebidas/sao-caetano-do-sul-sp/rb-ice-drinks-spot/652e9b9ca560c09a5b14d821";"Pendente — consumo no local";"3";"Não";"Adega/bebidas — permanência não confirmada";"Venda/preparo de bebidas não comprova mesas, consumo no local ou ambiente de resenha; verificar antes de incluir.";"Categoria/nome do levantamento";"Não verificado";"Não confirmada diretamente nesta pesquisa";"Confirmar mesas/permanência e consumo no local; não inserir somente por vender bebidas.";"2026-10-05";"https://www.locaisdobrasil.com.br/encontre/fornecedor-de-bebidas/sao-caetano-do-sul-sp/rb-ice-drinks-spot/652e9b9ca560c09a5b14d821";"Ficha correspondente (HTTP 200): https://www.locaisdobrasil.com.br/encontre/fornecedor-de-bebidas/sao-caetano-do-sul-sp/rb-ice-drinks-spot/652e9b9ca560c09a5b14d821 | Sem ficha correspondente (HTTP 404): https://restaurantguru.com.br/rb-ice-drinks-spot-sao-caetano-do-sul"
"Bar do Pacajá";"bares";"R. Sen. Flaquer, 694 - Centro, Santo André - SP, 09010-160";"Santo André";"3.258";"seg, ter, qua, qui, sex, sáb: 11:00–16:30";"-23.663773199999998";"-46.5221349";"fonte secundária; funcionamento atual não confirmado";"";"https://www.locaisdobrasil.com.br/encontre/bares/santo-andre-sp/bar-do-pacaja/660d1affa3f2688d6da69101";"Potencial — confirmar perfil/operação";"2";"Não";"Possível bar para resenha";"Categoria/nome sugerem bar, mas faltou informação específica e confiável sobre consumo no local, ambiente, proposta ou operação atual.";"Ficha correspondente sem detalhes de perfil suficientes";"Não verificado";"Não confirmada diretamente nesta pesquisa";"Confirmar proposta, operação, acesso e endereço em canal da própria casa.";"2026-10-05";"https://www.locaisdobrasil.com.br/encontre/bares/santo-andre-sp/bar-do-pacaja/660d1affa3f2688d6da69101 | https://restaurantguru.com.br/Bar-Do-Pacaja-Santo-Andre";"Ficha correspondente (HTTP 200): https://www.locaisdobrasil.com.br/encontre/bares/santo-andre-sp/bar-do-pacaja/660d1affa3f2688d6da69101 | Ficha correspondente (HTTP 200): https://restaurantguru.com.br/Bar-Do-Pacaja-Santo-Andre"
"De Lucca & Arian Buffet";"buffet";"Av. Getúlio Vargas, 1540 - Baeta Neves, São Bernardo do Campo - SP, 09751-251";"São Bernardo do Campo";"3.26";"seg, ter, qua, qui, sex: 09:00–19:00; sáb: 09:00–13:00";"-23.688689399999998";"-46.5421882";"fonte secundária; funcionamento atual não confirmado";"Confirmar espaço físico para festas; categoria pode incluir restaurante ou serviço de alimentação.";"https://www.locaisdobrasil.com.br/encontre/buffet/sao-bernardo-do-campo-sp/de-lucca-arian-buffet/66db39ac8f35afd71841971c";"Baixa prioridade — sem evidência de rolê";"4";"Não";"Restaurante, buffet ou espaço de eventos";"Não foi localizada evidência suficiente de bar/resenha ou festas abertas ao público. Categoria/nome sugerem alimentação, comércio ou eventos sob contratação; não é exclusão definitiva.";"Triagem conservadora do cadastro";"Não verificado";"Não confirmada diretamente nesta pesquisa";"Reavaliar se houver prova de bar ou programação pública de festas.";"2026-10-05";"https://www.locaisdobrasil.com.br/encontre/buffet/sao-bernardo-do-campo-sp/de-lucca-arian-buffet/66db39ac8f35afd71841971c";"Ficha correspondente (HTTP 200): https://www.locaisdobrasil.com.br/encontre/buffet/sao-bernardo-do-campo-sp/de-lucca-arian-buffet/66db39ac8f35afd71841971c"
"Restaurante Arte e Tempero";"buffet";"R. Mediterrâneo, 579 - Jardim do Mar, São Bernardo do Campo - SP, 09750-420";"São Bernardo do Campo";"3.273";"seg, ter, qua, qui, sex: 11:00–15:00";"-23.6908811";"-46.553664399999995";"fonte secundária; funcionamento atual não confirmado";"Confirmar espaço físico para festas; categoria pode incluir restaurante ou serviço de alimentação.";"https://www.locaisdobrasil.com.br/encontre/buffet/sao-bernardo-do-campo-sp/restaurante-arte-e-tempero/66daedef8f35afd7184163c7";"Baixa prioridade — sem evidência de rolê";"4";"Não";"Restaurante, buffet ou espaço de eventos";"Não foi localizada evidência suficiente de bar/resenha ou festas abertas ao público. Categoria/nome sugerem alimentação, comércio ou eventos sob contratação; não é exclusão definitiva.";"Triagem conservadora do cadastro";"Não verificado";"Não confirmada diretamente nesta pesquisa";"Reavaliar se houver prova de bar ou programação pública de festas.";"2026-10-05";"https://www.locaisdobrasil.com.br/encontre/buffet/sao-bernardo-do-campo-sp/restaurante-arte-e-tempero/66daedef8f35afd7184163c7";"Ficha correspondente (HTTP 200): https://www.locaisdobrasil.com.br/encontre/buffet/sao-bernardo-do-campo-sp/restaurante-arte-e-tempero/66daedef8f35afd7184163c7"
"Convenção São Paulo Indústria Bebidas Conexos";"fornecedor-de-bebidas";"R. Dom Duarte Leopoldo e Silva, 27 - Centro, Santo André - SP, 09015-560";"Santo André";"3.289";"Não localizado";"-23.6633762";"-46.5217988";"fonte secundária; funcionamento atual não confirmado";"Categoria ampla: inclui distribuidor, depósito e água; confirmar se é adega.";"https://www.locaisdobrasil.com.br/encontre/fornecedor-de-bebidas/santo-andre-sp/convencao-sao-paulo-industria-bebidas-conexos/6536778c4d5856f7348df959";"Pendente — consumo no local";"3";"Não";"Adega/bebidas — permanência não confirmada";"Venda/preparo de bebidas não comprova mesas, consumo no local ou ambiente de resenha; verificar antes de incluir.";"Categoria/nome do levantamento";"Não verificado";"Não confirmada diretamente nesta pesquisa";"Confirmar mesas/permanência e consumo no local; não inserir somente por vender bebidas.";"2026-10-05";"https://www.locaisdobrasil.com.br/encontre/fornecedor-de-bebidas/santo-andre-sp/convencao-sao-paulo-industria-bebidas-conexos/6536778c4d5856f7348df959";"Ficha correspondente (HTTP 200): https://www.locaisdobrasil.com.br/encontre/fornecedor-de-bebidas/santo-andre-sp/convencao-sao-paulo-industria-bebidas-conexos/6536778c4d5856f7348df959 | Sem ficha correspondente (HTTP 404): https://restaurantguru.com.br/convencao-sao-paulo-industria-bebidas-conexos-santo-andre"
"Noise Rock Bar";"bares";"R. Dom João VI, 46 - Casa Branca, Santo André - SP, 09015-420";"Santo André";"3.294";"ter, qua, qui, sex, sáb: 18:00–04:00";"-23.6645215";"-46.521853799999995";"fonte secundária; funcionamento atual não confirmado";"";"https://www.locaisdobrasil.com.br/encontre/bares/santo-andre-sp/noise-rock-bar/660d1b2aa3f2688d6da6910e";"Potencial — confirmar perfil/operação";"2";"Não";"Possível bar musical/pub";"Categoria/nome sugerem bar, mas faltou informação específica e confiável sobre consumo no local, ambiente, proposta ou operação atual.";"Triagem pelo cadastro; sem corroboração específica";"Não verificado";"Não confirmada diretamente nesta pesquisa";"Confirmar proposta, operação, acesso e endereço em canal da própria casa.";"2026-10-05";"https://www.locaisdobrasil.com.br/encontre/bares/santo-andre-sp/noise-rock-bar/660d1b2aa3f2688d6da6910e";"Ficha correspondente (HTTP 200): https://www.locaisdobrasil.com.br/encontre/bares/santo-andre-sp/noise-rock-bar/660d1b2aa3f2688d6da6910e | Sem ficha correspondente (HTTP 200): https://restaurantguru.com.br/Noise-Rock-Bar-Santo-Andre"
"Espaço Estupendo Buffet";"buffet";"R. Giacinto Tognato, 87 - Baeta Neves, São Bernardo do Campo - SP, 09760-370";"São Bernardo do Campo";"3.296";"seg, ter, qua, qui, sex: 09:00–18:00; sáb: 09:00–16:00";"-23.689341799999998";"-46.5430621";"fonte secundária; funcionamento atual não confirmado";"Confirmar espaço físico para festas; categoria pode incluir restaurante ou serviço de alimentação.";"https://www.locaisdobrasil.com.br/encontre/buffet/sao-bernardo-do-campo-sp/espaco-estupendo-buffet/66dba4cb58c8e2634b993bbc";"Baixa prioridade — sem evidência de rolê";"4";"Não";"Restaurante, buffet ou espaço de eventos";"Não foi localizada evidência suficiente de bar/resenha ou festas abertas ao público. Categoria/nome sugerem alimentação, comércio ou eventos sob contratação; não é exclusão definitiva.";"Triagem conservadora do cadastro";"Não verificado";"Não confirmada diretamente nesta pesquisa";"Reavaliar se houver prova de bar ou programação pública de festas.";"2026-10-05";"https://www.locaisdobrasil.com.br/encontre/buffet/sao-bernardo-do-campo-sp/espaco-estupendo-buffet/66dba4cb58c8e2634b993bbc";"Ficha correspondente (HTTP 200): https://www.locaisdobrasil.com.br/encontre/buffet/sao-bernardo-do-campo-sp/espaco-estupendo-buffet/66dba4cb58c8e2634b993bbc"
"Buffet Espaço Pallazium";"buffet";"R. Antônio Cardoso Franco, 212 - Casa Branca, Santo André - SP, 09015-530";"Santo André";"3.298";"seg, ter, qua, qui, sex: 08:00–18:00";"-23.660558599999998";"-46.5216484";"fonte secundária; funcionamento atual não confirmado";"Confirmar espaço físico para festas; categoria pode incluir restaurante ou serviço de alimentação.";"https://www.locaisdobrasil.com.br/encontre/buffet/santo-andre-sp/buffet-espaco-pallazium/66dba2d158c8e2634b9939a9";"Baixa prioridade — sem evidência de rolê";"4";"Não";"Restaurante, buffet ou espaço de eventos";"Não foi localizada evidência suficiente de bar/resenha ou festas abertas ao público. Categoria/nome sugerem alimentação, comércio ou eventos sob contratação; não é exclusão definitiva.";"Triagem conservadora do cadastro";"Não verificado";"Não confirmada diretamente nesta pesquisa";"Reavaliar se houver prova de bar ou programação pública de festas.";"2026-10-05";"https://www.locaisdobrasil.com.br/encontre/buffet/santo-andre-sp/buffet-espaco-pallazium/66dba2d158c8e2634b9939a9";"Ficha correspondente (HTTP 200): https://www.locaisdobrasil.com.br/encontre/buffet/santo-andre-sp/buffet-espaco-pallazium/66dba2d158c8e2634b9939a9"
"A Pança Que Te Balança";"buffet";"R. Alcídes de Queirós, 88 - Casa Branca, Santo André - SP, 09015-550";"Santo André";"3.317";"seg, ter, qua, qui, sex: 11:00–14:30";"-23.661358800000002";"-46.5214521";"fonte secundária; funcionamento atual não confirmado";"Confirmar espaço físico para festas; categoria pode incluir restaurante ou serviço de alimentação.";"https://www.locaisdobrasil.com.br/encontre/buffet/santo-andre-sp/a-panca-que-te-balanca/66db8ca558c8e2634b991f5f";"Baixa prioridade — sem evidência de rolê";"4";"Não";"Restaurante, buffet ou espaço de eventos";"Não foi localizada evidência suficiente de bar/resenha ou festas abertas ao público. Categoria/nome sugerem alimentação, comércio ou eventos sob contratação; não é exclusão definitiva.";"Triagem conservadora do cadastro";"Não verificado";"Não confirmada diretamente nesta pesquisa";"Reavaliar se houver prova de bar ou programação pública de festas.";"2026-10-05";"https://www.locaisdobrasil.com.br/encontre/buffet/santo-andre-sp/a-panca-que-te-balanca/66db8ca558c8e2634b991f5f";"Ficha correspondente (HTTP 200): https://www.locaisdobrasil.com.br/encontre/buffet/santo-andre-sp/a-panca-que-te-balanca/66db8ca558c8e2634b991f5f"
"Pipoca''s Bar";"bares";"R. Porto Calvo, 224 - Osvaldo Cruz, São Caetano do Sul - SP, 09571-440";"São Caetano do Sul";"3.322";"dom: 08:30–21:30; seg, ter, qua, qui: 09:00–22:00; sex: 09:00–23:30; sáb: 10:00–23:00";"-23.6361526";"-46.5713684";"fonte secundária; funcionamento atual não confirmado";"";"https://www.locaisdobrasil.com.br/encontre/bares/sao-caetano-do-sul-sp/pipocas-bar/660f6f93a451b0ad1fb9c3da";"Potencial — confirmar perfil/operação";"2";"Não";"Possível bar para resenha";"Categoria/nome sugerem bar, mas faltou informação específica e confiável sobre consumo no local, ambiente, proposta ou operação atual.";"Triagem pelo cadastro; sem corroboração específica";"Não verificado";"Não confirmada diretamente nesta pesquisa";"Confirmar proposta, operação, acesso e endereço em canal da própria casa.";"2026-10-05";"https://www.locaisdobrasil.com.br/encontre/bares/sao-caetano-do-sul-sp/pipocas-bar/660f6f93a451b0ad1fb9c3da";"Ficha correspondente (HTTP 200): https://www.locaisdobrasil.com.br/encontre/bares/sao-caetano-do-sul-sp/pipocas-bar/660f6f93a451b0ad1fb9c3da | Sem ficha correspondente (HTTP 404): https://restaurantguru.com.br/pipoca-s-bar-sao-caetano-do-sul"
"Retrô Pub";"bares";"Av. Índico, 958 - Centro, São Bernardo do Campo - SP, 09750-600";"São Bernardo do Campo";"3.326";"qua, qui: 18:00–01:00; sex, sáb: 18:00–02:00";"-23.6909235";"-46.559612099999995";"fonte secundária; funcionamento atual não confirmado";"";"https://www.locaisdobrasil.com.br/encontre/bares/sao-bernardo-do-campo-sp/retro-pub/660bbd2ed622f2b541167100";"Priorizar — perfil corroborado";"1";"Não";"Bar para resenha e jogos";"Ficha no endereço correspondente apresenta sinuca/bilhar, bebidas/petiscos no contexto de bar. Perfil compatível inferido; público universitário e preço acessível não comprovados.";"Perfil descrito em ficha/avaliações secundárias; operação pendente";"Não verificado";"Não confirmada diretamente nesta pesquisa";"Confirmar operação/horários diretamente; conferir endereço, fotos e acesso antes de cadastrar.";"2026-10-05";"https://restaurantguru.com.br/Retro-Pub-Sao-Bernardo-do-Campo";"Ficha correspondente (HTTP 200): https://www.locaisdobrasil.com.br/encontre/bares/sao-bernardo-do-campo-sp/retro-pub/660bbd2ed622f2b541167100 | Ficha correspondente (HTTP 200): https://restaurantguru.com.br/Retro-Pub-Sao-Bernardo-do-Campo"
"Marabô Água";"fornecedor-de-bebidas";"R. Bom Pastor, 458 - Osvaldo Cruz, São Caetano do Sul - SP, 09570-500";"São Caetano do Sul";"3.327";"seg, ter, qua, qui, sex: 08:00–17:30; sáb: 08:00–14:00";"-23.6342608";"-46.567656799999995";"fonte secundária; funcionamento atual não confirmado";"Categoria ampla: inclui distribuidor, depósito e água; confirmar se é adega.";"https://www.locaisdobrasil.com.br/encontre/fornecedor-de-bebidas/sao-caetano-do-sul-sp/marabo-agua/652e9b9da560c09a5b14d822";"Fora do foco atual";"5";"Não";"Fornecedor/serviço, não local de encontro";"Atividade identificada como fornecimento de água, serviço de evento, equipamento ou refrigeração; não há evidência de bar para permanecer.";"Nome/atividade registrada — triagem editorial";"Não verificado";"Não confirmada diretamente nesta pesquisa";"Manter no histórico; não incluir no catálogo atual.";"2026-10-05";"https://www.locaisdobrasil.com.br/encontre/fornecedor-de-bebidas/sao-caetano-do-sul-sp/marabo-agua/652e9b9da560c09a5b14d822";"Ficha correspondente (HTTP 200): https://www.locaisdobrasil.com.br/encontre/fornecedor-de-bebidas/sao-caetano-do-sul-sp/marabo-agua/652e9b9da560c09a5b14d822 | Sem ficha correspondente (HTTP 404): https://restaurantguru.com.br/marabo-agua-sao-caetano-do-sul"
"Salão de Festas - Sociedade Amigos Vila Pauliceia";"salao-de-festas";"Rua Álvaro Alvim, 856 - Paulicéia, São Bernardo do Campo - SP, 09693-000";"São Bernardo do Campo";"3.331";"seg, ter, qua, qui, sex: 14:00–18:00";"-23.6664522";"-46.586270500000005";"fonte secundária; funcionamento atual não confirmado";"";"https://www.locaisdobrasil.com.br/encontre/salao-de-festas/sao-bernardo-do-campo-sp/salao-de-festas-sociedade-amigos-vila-pauliceia/6286e43a911b8129b7e80df1";"Baixa prioridade — sem evidência de rolê";"4";"Não";"Restaurante, buffet ou espaço de eventos";"Não foi localizada evidência suficiente de bar/resenha ou festas abertas ao público. Categoria/nome sugerem alimentação, comércio ou eventos sob contratação; não é exclusão definitiva.";"Triagem conservadora do cadastro";"Não verificado";"Não confirmada diretamente nesta pesquisa";"Reavaliar se houver prova de bar ou programação pública de festas.";"2026-10-05";"https://www.locaisdobrasil.com.br/encontre/salao-de-festas/sao-bernardo-do-campo-sp/salao-de-festas-sociedade-amigos-vila-pauliceia/6286e43a911b8129b7e80df1";"Ficha correspondente (HTTP 200): https://www.locaisdobrasil.com.br/encontre/salao-de-festas/sao-bernardo-do-campo-sp/salao-de-festas-sociedade-amigos-vila-pauliceia/6286e43a911b8129b7e80df1"
"Laportes Campestre";"buffet";"R. Vitória Régia, 1419 - Campestre, Santo André - SP, 09080-320";"Santo André";"3.354";"seg, ter, qua, qui, sex: 11:30–14:30; sáb: 11:30–15:00";"-23.6318475";"-46.547680299999996";"fonte secundária; funcionamento atual não confirmado";"Confirmar espaço físico para festas; categoria pode incluir restaurante ou serviço de alimentação.";"https://www.locaisdobrasil.com.br/encontre/buffet/santo-andre-sp/laportes-campestre/66db8cae58c8e2634b991f6c";"Baixa prioridade — sem evidência de rolê";"4";"Não";"Restaurante, buffet ou espaço de eventos";"Não foi localizada evidência suficiente de bar/resenha ou festas abertas ao público. Categoria/nome sugerem alimentação, comércio ou eventos sob contratação; não é exclusão definitiva.";"Triagem conservadora do cadastro";"Não verificado";"Não confirmada diretamente nesta pesquisa";"Reavaliar se houver prova de bar ou programação pública de festas.";"2026-10-05";"https://www.locaisdobrasil.com.br/encontre/buffet/santo-andre-sp/laportes-campestre/66db8cae58c8e2634b991f6c";"Ficha correspondente (HTTP 200): https://www.locaisdobrasil.com.br/encontre/buffet/santo-andre-sp/laportes-campestre/66db8cae58c8e2634b991f6c"
"NAKOO SUSHI - SBCampo";"bares";"R. Baffin, 166 - Jardim do Mar, São Bernardo do Campo - SP, 09750-620";"São Bernardo do Campo";"3.359";"dom: 12:00–22:00; seg, ter, qua, qui: 11:30–23:00; sex: 11:30–00:00; sáb: 12:00–00:00";"-23.6912612";"-46.5593544";"fonte secundária; funcionamento atual não confirmado";"";"https://www.locaisdobrasil.com.br/encontre/bares/sao-bernardo-do-campo-sp/nakoo-sushi-sbcampo/66c7e860f99178ff574744d6";"Baixa prioridade — sem evidência de rolê";"4";"Não";"Atividade não esclarecida";"Não foi localizada evidência suficiente de bar/resenha ou festas abertas ao público. Categoria/nome sugerem alimentação, comércio ou eventos sob contratação; não é exclusão definitiva.";"Triagem conservadora do cadastro";"Não verificado";"Não confirmada diretamente nesta pesquisa";"Reavaliar se houver prova de bar ou programação pública de festas.";"2026-10-05";"https://www.locaisdobrasil.com.br/encontre/bares/sao-bernardo-do-campo-sp/nakoo-sushi-sbcampo/66c7e860f99178ff574744d6";"Ficha correspondente (HTTP 200): https://www.locaisdobrasil.com.br/encontre/bares/sao-bernardo-do-campo-sp/nakoo-sushi-sbcampo/66c7e860f99178ff574744d6 | Sem ficha correspondente (HTTP 404): https://restaurantguru.com.br/nakoo-sushi-sbcampo-sao-bernardo-do-campo"
"Bar do Maia";"bares";"R. Cavalheiro Ernesto Giuliano, 136 - São José, São Caetano do Sul - SP, 09570-400";"São Caetano do Sul";"3.362";"dom: 11:00–17:30; seg, qua, qui, sex: 11:00–21:30; sáb: 11:00–19:30";"-23.6353786";"-46.57073640000001";"fonte secundária; funcionamento atual não confirmado";"";"https://www.locaisdobrasil.com.br/encontre/bares/sao-caetano-do-sul-sp/bar-do-maia/660f6f86a451b0ad1fb9c3d3";"Priorizar — perfil corroborado";"1";"Não";"Bar para conversa e bebidas";"Ficha no endereço correspondente apresenta bebidas/petiscos no contexto de bar. Perfil compatível inferido; público universitário e preço acessível não comprovados.";"Perfil descrito em ficha/avaliações secundárias; operação pendente";"Não verificado";"Não confirmada diretamente nesta pesquisa";"Confirmar operação/horários diretamente; conferir endereço, fotos e acesso antes de cadastrar.";"2026-10-05";"https://restaurantguru.com.br/Bar-Do-Maia-Sao-Caetano-do-Sul";"Ficha correspondente (HTTP 200): https://www.locaisdobrasil.com.br/encontre/bares/sao-caetano-do-sul-sp/bar-do-maia/660f6f86a451b0ad1fb9c3d3 | Ficha correspondente (HTTP 200): https://restaurantguru.com.br/Bar-Do-Maia-Sao-Caetano-do-Sul"
"Buffet Parmênion";"buffet";"Av. Dom Pedro II, 2898 - Tamanduateí 1, Santo André - SP, 09080-001";"Santo André";"3.377";"seg, ter, qua, qui, sex: 08:00–18:00; sáb: 10:00–17:00";"-23.631988099999997";"-46.5459897";"fonte secundária; funcionamento atual não confirmado";"Confirmar espaço físico para festas; categoria pode incluir restaurante ou serviço de alimentação.";"https://www.locaisdobrasil.com.br/encontre/buffet/santo-andre-sp/buffet-parmenion/66dba2d358c8e2634b9939ab";"Baixa prioridade — sem evidência de rolê";"4";"Não";"Restaurante, buffet ou espaço de eventos";"Não foi localizada evidência suficiente de bar/resenha ou festas abertas ao público. Categoria/nome sugerem alimentação, comércio ou eventos sob contratação; não é exclusão definitiva.";"Triagem conservadora do cadastro";"Não verificado";"Não confirmada diretamente nesta pesquisa";"Reavaliar se houver prova de bar ou programação pública de festas.";"2026-10-05";"https://www.locaisdobrasil.com.br/encontre/buffet/santo-andre-sp/buffet-parmenion/66dba2d358c8e2634b9939ab";"Ficha correspondente (HTTP 200): https://www.locaisdobrasil.com.br/encontre/buffet/santo-andre-sp/buffet-parmenion/66dba2d358c8e2634b9939ab"
"Elza Refeições";"buffet";"R. Paranapanema, 63 - Vila Alzira, Santo André - SP, 09195-120";"Santo André";"3.38";"seg, ter, qua, qui, sex, sáb: 11:00–15:30";"-23.674837099999998";"-46.5242181";"fonte secundária; funcionamento atual não confirmado";"Confirmar espaço físico para festas; categoria pode incluir restaurante ou serviço de alimentação.";"https://www.locaisdobrasil.com.br/encontre/buffet/santo-andre-sp/elza-refeicoes/66db8ca558c8e2634b991f5e";"Baixa prioridade — sem evidência de rolê";"4";"Não";"Restaurante, buffet ou espaço de eventos";"Não foi localizada evidência suficiente de bar/resenha ou festas abertas ao público. Categoria/nome sugerem alimentação, comércio ou eventos sob contratação; não é exclusão definitiva.";"Triagem conservadora do cadastro";"Não verificado";"Não confirmada diretamente nesta pesquisa";"Reavaliar se houver prova de bar ou programação pública de festas.";"2026-10-05";"https://www.locaisdobrasil.com.br/encontre/buffet/santo-andre-sp/elza-refeicoes/66db8ca558c8e2634b991f5e";"Ficha correspondente (HTTP 200): https://www.locaisdobrasil.com.br/encontre/buffet/santo-andre-sp/elza-refeicoes/66db8ca558c8e2634b991f5e"
"Cravo e Canela Locações e Buffet";"buffet";"R. Sen. Flaquer, 866 - Centro, Santo André - SP, 09010-160";"Santo André";"3.395";"seg, ter, qua, qui, sex: 09:30–17:30; sáb: 09:30–12:30";"-23.6648341";"-46.5208922";"fonte secundária; funcionamento atual não confirmado";"Confirmar espaço físico para festas; categoria pode incluir restaurante ou serviço de alimentação.";"https://www.locaisdobrasil.com.br/encontre/buffet/santo-andre-sp/cravo-e-canela-locacoes-e-buffet/66dba2c658c8e2634b99399d";"Baixa prioridade — sem evidência de rolê";"4";"Não";"Restaurante, buffet ou espaço de eventos";"Não foi localizada evidência suficiente de bar/resenha ou festas abertas ao público. Categoria/nome sugerem alimentação, comércio ou eventos sob contratação; não é exclusão definitiva.";"Triagem conservadora do cadastro";"Não verificado";"Não confirmada diretamente nesta pesquisa";"Reavaliar se houver prova de bar ou programação pública de festas.";"2026-10-05";"https://www.locaisdobrasil.com.br/encontre/buffet/santo-andre-sp/cravo-e-canela-locacoes-e-buffet/66dba2c658c8e2634b99399d";"Ficha correspondente (HTTP 200): https://www.locaisdobrasil.com.br/encontre/buffet/santo-andre-sp/cravo-e-canela-locacoes-e-buffet/66dba2c658c8e2634b99399d"
"Sushi Eventos";"buffet";"Alameda Martins Fontes, 131 - Santa Teresinha, Santo André - SP, 09210-610";"Santo André";"3.396";"dom, seg, ter, qua, qui, sex, sáb: 09:00–20:00";"-23.6372373";"-46.5336953";"fonte secundária; funcionamento atual não confirmado";"Confirmar espaço físico para festas; categoria pode incluir restaurante ou serviço de alimentação.";"https://www.locaisdobrasil.com.br/encontre/buffet/santo-andre-sp/sushi-eventos/66dba2c958c8e2634b9939a0";"Baixa prioridade — sem evidência de rolê";"4";"Não";"Restaurante, buffet ou espaço de eventos";"Não foi localizada evidência suficiente de bar/resenha ou festas abertas ao público. Categoria/nome sugerem alimentação, comércio ou eventos sob contratação; não é exclusão definitiva.";"Triagem conservadora do cadastro";"Não verificado";"Não confirmada diretamente nesta pesquisa";"Reavaliar se houver prova de bar ou programação pública de festas.";"2026-10-05";"https://www.locaisdobrasil.com.br/encontre/buffet/santo-andre-sp/sushi-eventos/66dba2c958c8e2634b9939a0";"Ficha correspondente (HTTP 200): https://www.locaisdobrasil.com.br/encontre/buffet/santo-andre-sp/sushi-eventos/66dba2c958c8e2634b9939a0"
"Favoritto''s Restaurante";"buffet";"R. Bering, 170 - Jardim do Mar, São Bernardo do Campo - SP, 09750-510";"São Bernardo do Campo";"3.399";"seg, ter, qua, qui, sex: 07:00–17:00; sáb: 07:00–15:00";"-23.6920101";"-46.5546226";"fonte secundária; funcionamento atual não confirmado";"Confirmar espaço físico para festas; categoria pode incluir restaurante ou serviço de alimentação.";"https://www.locaisdobrasil.com.br/encontre/buffet/sao-bernardo-do-campo-sp/favorittos-restaurante/66daedec8f35afd7184163c5";"Baixa prioridade — sem evidência de rolê";"4";"Não";"Restaurante, buffet ou espaço de eventos";"Não foi localizada evidência suficiente de bar/resenha ou festas abertas ao público. Categoria/nome sugerem alimentação, comércio ou eventos sob contratação; não é exclusão definitiva.";"Triagem conservadora do cadastro";"Não verificado";"Não confirmada diretamente nesta pesquisa";"Reavaliar se houver prova de bar ou programação pública de festas.";"2026-10-05";"https://www.locaisdobrasil.com.br/encontre/buffet/sao-bernardo-do-campo-sp/favorittos-restaurante/66daedec8f35afd7184163c5";"Ficha correspondente (HTTP 200): https://www.locaisdobrasil.com.br/encontre/buffet/sao-bernardo-do-campo-sp/favorittos-restaurante/66daedec8f35afd7184163c5"
"Bar Do Almir";"bares";"Piraporinha, Diadema - SP, 09950-460";"Diadema";"3.415";"dom, seg, ter, qua, qui, sex, sáb: 08:00–23:00";"-23.675582499999997";"-46.5837882";"fonte secundária; funcionamento atual não confirmado";"";"https://www.locaisdobrasil.com.br/encontre/bares/diadema-sp/bar-do-almir/660c3b44d622f2b541169b6b";"Potencial — confirmar perfil/operação";"2";"Não";"Possível bar para resenha";"Categoria/nome sugerem bar, mas faltou informação específica e confiável sobre consumo no local, ambiente, proposta ou operação atual.";"Ficha correspondente sem detalhes de perfil suficientes";"Não verificado";"Não confirmada diretamente nesta pesquisa";"Confirmar proposta, operação, acesso e endereço em canal da própria casa.";"2026-10-05";"https://www.locaisdobrasil.com.br/encontre/bares/diadema-sp/bar-do-almir/660c3b44d622f2b541169b6b | https://restaurantguru.com.br/Bar-Do-Almir-Diadema";"Ficha correspondente (HTTP 200): https://www.locaisdobrasil.com.br/encontre/bares/diadema-sp/bar-do-almir/660c3b44d622f2b541169b6b | Ficha correspondente (HTTP 200): https://restaurantguru.com.br/Bar-Do-Almir-Diadema"
"Distribuidora DaFonte";"fornecedor-de-bebidas";"R. Carinas, 417 - Jardim Cambui, Santo André - SP, 09185-510";"Santo André";"3.422";"dom: 09:00–13:00; seg, ter, qua, qui, sex, sáb: 08:00–19:00";"-23.686710299999998";"-46.53483";"fonte secundária; funcionamento atual não confirmado";"Categoria ampla: inclui distribuidor, depósito e água; confirmar se é adega.";"https://www.locaisdobrasil.com.br/encontre/fornecedor-de-bebidas/santo-andre-sp/distribuidora-dafonte/653ba8095134829987a0011f";"Baixa prioridade — sem evidência de rolê";"4";"Não";"Comércio/distribuição de bebidas";"Não foi localizada evidência suficiente de bar/resenha ou festas abertas ao público. Categoria/nome sugerem alimentação, comércio ou eventos sob contratação; não é exclusão definitiva.";"Triagem conservadora do cadastro";"Não verificado";"Não confirmada diretamente nesta pesquisa";"Reavaliar se houver prova de bar ou programação pública de festas.";"2026-10-05";"https://www.locaisdobrasil.com.br/encontre/fornecedor-de-bebidas/santo-andre-sp/distribuidora-dafonte/653ba8095134829987a0011f";"Ficha correspondente (HTTP 200): https://www.locaisdobrasil.com.br/encontre/fornecedor-de-bebidas/santo-andre-sp/distribuidora-dafonte/653ba8095134829987a0011f | Sem ficha correspondente (HTTP 404): https://restaurantguru.com.br/distribuidora-dafonte-santo-andre"
"bar rock";"bares";"R. Javri, 443 - Vila Eldizia, Santo André - SP, 09181-510";"Santo André";"3.429";"Não localizado";"-23.6799097";"-46.5270491";"fonte secundária; funcionamento atual não confirmado";"";"https://www.locaisdobrasil.com.br/encontre/bares/santo-andre-sp/bar-rock/660d1b47a3f2688d6da69116";"Priorizar — perfil corroborado";"1";"Não";"Bar com música ao vivo";"Ficha no endereço correspondente apresenta música ao vivo. Perfil compatível inferido; público universitário e preço acessível não comprovados.";"Perfil descrito em ficha/avaliações secundárias; operação pendente";"Não verificado";"Não confirmada diretamente nesta pesquisa";"Confirmar operação/horários diretamente; conferir endereço, fotos e acesso antes de cadastrar.";"2026-10-05";"https://restaurantguru.com.br/Pe-na-Cova-Rock-Bar-Santo-Andre";"Ficha correspondente (HTTP 200): https://www.locaisdobrasil.com.br/encontre/bares/santo-andre-sp/bar-rock/660d1b47a3f2688d6da69116 | Ficha correspondente (HTTP 200): https://restaurantguru.com.br/Pe-na-Cova-Rock-Bar-Santo-Andre"
"Outback Steakhouse";"bares";"Praça Samuel Sabatini, 200 - Centro, São Bernardo do Campo - SP, 09750-902";"São Bernardo do Campo";"3.438";"dom: 12:00–21:00; seg, ter, qua, qui, sex, sáb: 12:00–22:00";"-23.692198299999998";"-46.550502699999996";"fonte secundária; funcionamento atual não confirmado";"";"https://www.locaisdobrasil.com.br/encontre/bares/sao-bernardo-do-campo-sp/outback-steakhouse/66c87fa1f99178ff57474a9e";"Baixa prioridade — sem evidência de rolê";"4";"Não";"Atividade não esclarecida";"Não foi localizada evidência suficiente de bar/resenha ou festas abertas ao público. Categoria/nome sugerem alimentação, comércio ou eventos sob contratação; não é exclusão definitiva.";"Triagem conservadora do cadastro";"Não verificado";"Não confirmada diretamente nesta pesquisa";"Reavaliar se houver prova de bar ou programação pública de festas.";"2026-10-05";"https://www.locaisdobrasil.com.br/encontre/bares/sao-bernardo-do-campo-sp/outback-steakhouse/66c87fa1f99178ff57474a9e | https://restaurantguru.com.br/Outback-Steakhouse-Sao-Bernardo-do-Campo";"Ficha correspondente (HTTP 200): https://www.locaisdobrasil.com.br/encontre/bares/sao-bernardo-do-campo-sp/outback-steakhouse/66c87fa1f99178ff57474a9e | Ficha correspondente (HTTP 200): https://restaurantguru.com.br/Outback-Steakhouse-Sao-Bernardo-do-Campo"
"Esco''bar lounge e lava rápido";"bares";"Av. Fagundes de Oliveira, 1757 - Vila Sao Jose, Diadema - SP, 09950-615";"Diadema";"3.441";"dom: 08:00–14:00; seg, ter, qua, qui, sex, sáb: 08:00–23:00";"-23.6767124";"-46.583410199999996";"fonte secundária; funcionamento atual não confirmado";"";"https://www.locaisdobrasil.com.br/encontre/bares/diadema-sp/escobar-lounge-e-lava-rapido/660c0548d622f2b5411689cd";"Potencial — confirmar perfil/operação";"2";"Não";"Possível bar para resenha";"Categoria/nome sugerem bar, mas faltou informação específica e confiável sobre consumo no local, ambiente, proposta ou operação atual.";"Triagem pelo cadastro; sem corroboração específica";"Não verificado";"Não confirmada diretamente nesta pesquisa";"Confirmar proposta, operação, acesso e endereço em canal da própria casa.";"2026-10-05";"https://www.locaisdobrasil.com.br/encontre/bares/diadema-sp/escobar-lounge-e-lava-rapido/660c0548d622f2b5411689cd";"Ficha correspondente (HTTP 200): https://www.locaisdobrasil.com.br/encontre/bares/diadema-sp/escobar-lounge-e-lava-rapido/660c0548d622f2b5411689cd | Sem ficha correspondente (HTTP 404): https://restaurantguru.com.br/esco-bar-lounge-e-lava-rapido-diadema"
"Bar do Giba";"bares";"R. Santa Adélia, 610 - Vila Sao Pedro, Santo André - SP, 09210-170";"Santo André";"3.442";"seg, qua, qui, sex, sáb: 10:00–22:00; ter: 09:00–20:00";"-23.639808";"-46.52985890000001";"fonte secundária; funcionamento atual não confirmado";"";"https://www.locaisdobrasil.com.br/encontre/bares/santo-andre-sp/bar-do-giba/660d1b8ea3f2688d6da6912a";"Potencial — confirmar perfil/operação";"2";"Não";"Possível bar para resenha";"Categoria/nome sugerem bar, mas faltou informação específica e confiável sobre consumo no local, ambiente, proposta ou operação atual.";"Ficha correspondente sem detalhes de perfil suficientes";"Não verificado";"Não confirmada diretamente nesta pesquisa";"Confirmar proposta, operação, acesso e endereço em canal da própria casa.";"2026-10-05";"https://www.locaisdobrasil.com.br/encontre/bares/santo-andre-sp/bar-do-giba/660d1b8ea3f2688d6da6912a | https://restaurantguru.com.br/Bar-do-Giba-Santo-Andre";"Ficha correspondente (HTTP 200): https://www.locaisdobrasil.com.br/encontre/bares/santo-andre-sp/bar-do-giba/660d1b8ea3f2688d6da6912a | Ficha correspondente (HTTP 200): https://restaurantguru.com.br/Bar-do-Giba-Santo-Andre"
"Restaurante Recanto Prato Cheio";"buffet";"Av. Paraíso, 1097 - Olímpico, São Caetano do Sul - SP, 09571-200";"São Caetano do Sul";"3.448";"seg, ter, qua, qui, sex, sáb: 11:15–14:20";"-23.6311695";"-46.5613351";"fonte secundária; funcionamento atual não confirmado";"Confirmar espaço físico para festas; categoria pode incluir restaurante ou serviço de alimentação.";"https://www.locaisdobrasil.com.br/encontre/buffet/sao-caetano-do-sul-sp/restaurante-recanto-prato-cheio/66da901a8f35afd71840fc37";"Baixa prioridade — sem evidência de rolê";"4";"Não";"Restaurante, buffet ou espaço de eventos";"Não foi localizada evidência suficiente de bar/resenha ou festas abertas ao público. Categoria/nome sugerem alimentação, comércio ou eventos sob contratação; não é exclusão definitiva.";"Triagem conservadora do cadastro";"Não verificado";"Não confirmada diretamente nesta pesquisa";"Reavaliar se houver prova de bar ou programação pública de festas.";"2026-10-05";"https://www.locaisdobrasil.com.br/encontre/buffet/sao-caetano-do-sul-sp/restaurante-recanto-prato-cheio/66da901a8f35afd71840fc37";"Ficha correspondente (HTTP 200): https://www.locaisdobrasil.com.br/encontre/buffet/sao-caetano-do-sul-sp/restaurante-recanto-prato-cheio/66da901a8f35afd71840fc37"
"PH CLUB";"casa-noturna";"Av. Dom Pedro II, 2984 - Campestre, Santo André - SP, 09080-001";"Santo André";"3.449";"dom, ter, qua, qui, sex, sáb: 20:00–06:00";"-23.631220799999998";"-46.5464257";"fonte secundária; funcionamento atual não confirmado";"Categoria do diretório não garante balada; confirmar tipo de atividade.";"https://www.locaisdobrasil.com.br/encontre/casa-noturna/santo-andre-sp/ph-club/647a6c67424b1ac500a7b4d1";"Pendente — perfil não esclarecido";"3";"Não";"Casa noturna — tipo de acesso/perfil a confirmar";"Categoria de casa noturna é insuficiente para distinguir festas públicas, atendimento reservado ou cadastro incorreto; confirmar proposta e agenda.";"Categoria original apenas";"Não verificado";"Não confirmada diretamente nesta pesquisa";"Confirmar proposta, operação, acesso e endereço em canal da própria casa.";"2026-10-05";"https://www.locaisdobrasil.com.br/encontre/casa-noturna/santo-andre-sp/ph-club/647a6c67424b1ac500a7b4d1";"Ficha correspondente (HTTP 200): https://www.locaisdobrasil.com.br/encontre/casa-noturna/santo-andre-sp/ph-club/647a6c67424b1ac500a7b4d1 | Sem ficha correspondente (HTTP 404): https://restaurantguru.com.br/ph-club-santo-andre"
"Helena Bette Bar e Mercearia";"bares";"R. Paraguassú, 1416 - Santa Maria, São Caetano do Sul - SP, 09560-500";"São Caetano do Sul";"3.449";"seg, ter, qua, qui, sex: 06:00–20:00; sáb: 07:00–20:00";"-23.630437699999998";"-46.5536506";"fonte secundária; funcionamento atual não confirmado";"";"https://www.locaisdobrasil.com.br/encontre/bares/sao-caetano-do-sul-sp/helena-bette-bar-e-mercearia/660f6fb4a451b0ad1fb9c3eb";"Potencial — confirmar perfil/operação";"2";"Não";"Possível bar para resenha";"Categoria/nome sugerem bar, mas faltou informação específica e confiável sobre consumo no local, ambiente, proposta ou operação atual.";"Triagem pelo cadastro; sem corroboração específica";"Não verificado";"Não confirmada diretamente nesta pesquisa";"Confirmar proposta, operação, acesso e endereço em canal da própria casa.";"2026-10-05";"https://www.locaisdobrasil.com.br/encontre/bares/sao-caetano-do-sul-sp/helena-bette-bar-e-mercearia/660f6fb4a451b0ad1fb9c3eb";"Ficha correspondente (HTTP 200): https://www.locaisdobrasil.com.br/encontre/bares/sao-caetano-do-sul-sp/helena-bette-bar-e-mercearia/660f6fb4a451b0ad1fb9c3eb | Sem ficha correspondente (HTTP 404): https://restaurantguru.com.br/helena-bette-bar-e-mercearia-sao-caetano-do-sul"
"Espaço Villa935";"salao-de-festas";"R. Sen. Flaquer, 935 - Casa Branca, Santo André - SP, 09010-160";"Santo André";"3.453";"seg, ter, qua, qui, sex, sáb: 09:00–19:00";"-23.6650699";"-46.5203464";"fonte secundária; funcionamento atual não confirmado";"";"https://www.locaisdobrasil.com.br/encontre/salao-de-festas/santo-andre-sp/espaco-villa935/660beb40d622f2b5411680f4";"Baixa prioridade — sem evidência de rolê";"4";"Não";"Restaurante, buffet ou espaço de eventos";"Não foi localizada evidência suficiente de bar/resenha ou festas abertas ao público. Categoria/nome sugerem alimentação, comércio ou eventos sob contratação; não é exclusão definitiva.";"Triagem conservadora do cadastro";"Não verificado";"Não confirmada diretamente nesta pesquisa";"Reavaliar se houver prova de bar ou programação pública de festas.";"2026-10-05";"https://www.locaisdobrasil.com.br/encontre/salao-de-festas/santo-andre-sp/espaco-villa935/660beb40d622f2b5411680f4";"Ficha correspondente (HTTP 200): https://www.locaisdobrasil.com.br/encontre/salao-de-festas/santo-andre-sp/espaco-villa935/660beb40d622f2b5411680f4"
"Si Señor!";"bares";"Praça Samuel Sabatini, 200 - Centro, São Bernardo do Campo - SP, 09750-902";"São Bernardo do Campo";"3.453";"dom: 12:00–22:00; seg, ter, qua, qui: 12:00–22:00; sex: 12:00–23:00; sáb: 12:00–23:00";"-23.6923018";"-46.550167599999995";"fonte secundária; funcionamento atual não confirmado";"";"https://www.locaisdobrasil.com.br/encontre/bares/sao-bernardo-do-campo-sp/si-senor/66c87f91f99178ff57474a54";"Não incluir — indicação de fechamento";"6";"Não";"Operação com indicação de encerramento";"Ficha correspondente ao endereço sinaliza encerramento permanente; horários antigos não comprovam abertura.";"Ficha secundária correspondente";"Não verificado";"Não confirmada diretamente nesta pesquisa";"Não publicar; reavaliar somente com prova de reabertura.";"2026-10-05";"https://restaurantguru.com.br/Si-Senor-Sao-Bernardo-do-Campo";"Ficha correspondente (HTTP 200): https://www.locaisdobrasil.com.br/encontre/bares/sao-bernardo-do-campo-sp/si-senor/66c87f91f99178ff57474a54 | Ficha correspondente (HTTP 200): https://restaurantguru.com.br/Si-Senor-Sao-Bernardo-do-Campo"
"Macaxeira Shopping Metrópole - Restaurante & Cachaçaria";"bares";"Praça Samuel Sabatini, 200 - Loja 2 - Centro, São Bernardo do Campo - SP, 09750-902";"São Bernardo do Campo";"3.454";"dom: 12:00–22:00; seg, ter, qua, qui: 11:30–22:00; sex, sáb: 11:30–23:00";"-23.6923356";"-46.550432099999995";"fonte secundária; funcionamento atual não confirmado";"";"https://www.locaisdobrasil.com.br/encontre/bares/sao-bernardo-do-campo-sp/macaxeira-shopping-metropole-restaurante-cachacaria/66c7507ff99178ff57473951";"Potencial — confirmar perfil/operação";"2";"Não";"Possível bar para resenha";"Categoria/nome sugerem bar, mas faltou informação específica e confiável sobre consumo no local, ambiente, proposta ou operação atual.";"Triagem pelo cadastro; sem corroboração específica";"Não verificado";"Não confirmada diretamente nesta pesquisa";"Confirmar proposta, operação, acesso e endereço em canal da própria casa.";"2026-10-05";"https://www.locaisdobrasil.com.br/encontre/bares/sao-bernardo-do-campo-sp/macaxeira-shopping-metropole-restaurante-cachacaria/66c7507ff99178ff57473951";"Ficha correspondente (HTTP 200): https://www.locaisdobrasil.com.br/encontre/bares/sao-bernardo-do-campo-sp/macaxeira-shopping-metropole-restaurante-cachacaria/66c7507ff99178ff57473951 | Sem ficha correspondente (HTTP 404): https://restaurantguru.com.br/macaxeira-shopping-metropole-restaurante-cachacaria-sao-bernardo-do-campo"
"Bar Toca Tatu";"bares";"Av. Dr. Rudge Ramos, 1548 - Rudge Ramos, São Bernardo do Campo - SP, 09638-000";"São Bernardo do Campo";"3.456";"dom, ter, qua, sex, sáb: 11:00–21:30; seg: 11:00–16:30; qui: 11:00–22:30";"-23.6444154";"-46.582398";"fonte secundária; funcionamento atual não confirmado";"";"https://www.locaisdobrasil.com.br/encontre/bares/sao-bernardo-do-campo-sp/bar-toca-tatu/67255dc6c24e3f6788d4f56a";"Potencial — confirmar perfil/operação";"2";"Não";"Possível bar para resenha";"Categoria/nome sugerem bar, mas faltou informação específica e confiável sobre consumo no local, ambiente, proposta ou operação atual.";"Ficha correspondente sem detalhes de perfil suficientes";"Não verificado";"Não confirmada diretamente nesta pesquisa";"Confirmar proposta, operação, acesso e endereço em canal da própria casa.";"2026-10-05";"https://www.locaisdobrasil.com.br/encontre/bares/sao-bernardo-do-campo-sp/bar-toca-tatu/67255dc6c24e3f6788d4f56a | https://restaurantguru.com.br/Bar-Toca-Tatu-Sao-Bernardo-do-Campo";"Ficha correspondente (HTTP 200): https://www.locaisdobrasil.com.br/encontre/bares/sao-bernardo-do-campo-sp/bar-toca-tatu/67255dc6c24e3f6788d4f56a | Ficha correspondente (HTTP 200): https://restaurantguru.com.br/Bar-Toca-Tatu-Sao-Bernardo-do-Campo"
"Salão de festas Adoleta 2";"salao-de-festas";"Estr. João Ducin, 677 - Jardim Jamaica, Santo André - SP, 09185-000";"Santo André";"3.457";"seg, ter, qua, qui, sex: 09:00–18:00; sáb: 09:00–13:00";"-23.6867211";"-46.5342408";"fonte secundária; funcionamento atual não confirmado";"";"https://www.locaisdobrasil.com.br/encontre/salao-de-festas/santo-andre-sp/salao-de-festas-adoleta-2/6286e45e911b8129b7e80e04";"Fora do foco atual";"5";"Não";"Festas infantis";"Identificação explícita de buffet/festa infantil; fora do foco de rolê entre universitários adultos.";"Nome/atividade registrada";"Não verificado";"Não confirmada diretamente nesta pesquisa";"Manter no histórico; não incluir no catálogo atual.";"2026-10-05";"https://www.locaisdobrasil.com.br/encontre/salao-de-festas/santo-andre-sp/salao-de-festas-adoleta-2/6286e45e911b8129b7e80e04";"Ficha correspondente (HTTP 200): https://www.locaisdobrasil.com.br/encontre/salao-de-festas/santo-andre-sp/salao-de-festas-adoleta-2/6286e45e911b8129b7e80e04"
"Mec Nilson Ltda _ Refrigeracao Ar Condicionado";"casa-noturna";"Av. Queirós dos Santos, 736 - Centro, Santo André - SP, 09015-310";"Santo André";"3.459";"Não localizado";"-23.6568257";"-46.5204392";"fonte secundária; funcionamento atual não confirmado";"Categoria incompatível: refrigeração/ar-condicionado. Excluir do catálogo de lazer até evidência diferente. Categoria do diretório não garante balada; confirmar tipo de atividade.";"https://www.locaisdobrasil.com.br/encontre/casa-noturna/santo-andre-sp/mec-nilson-ltda-refrigeracao-ar-condicionado/647a6c7a424b1ac500a7b4e9";"Fora do foco atual";"5";"Não";"Fornecedor/serviço, não local de encontro";"Atividade identificada como fornecimento de água, serviço de evento, equipamento ou refrigeração; não há evidência de bar para permanecer.";"Nome/atividade registrada — triagem editorial";"Não verificado";"Não confirmada diretamente nesta pesquisa";"Manter no histórico; não incluir no catálogo atual.";"2026-10-05";"https://www.locaisdobrasil.com.br/encontre/casa-noturna/santo-andre-sp/mec-nilson-ltda-refrigeracao-ar-condicionado/647a6c7a424b1ac500a7b4e9";"Ficha correspondente (HTTP 200): https://www.locaisdobrasil.com.br/encontre/casa-noturna/santo-andre-sp/mec-nilson-ltda-refrigeracao-ar-condicionado/647a6c7a424b1ac500a7b4e9"
"Blow SP";"casa-noturna";"Av. Dr. Rudge Ramos, 1556 - Rudge Ramos, São Bernardo do Campo - SP, 09639-900";"São Bernardo do Campo";"3.464";"qui, sex, sáb: 21:00–05:00";"-23.644347";"-46.582451";"fonte secundária; funcionamento atual não confirmado";"Categoria do diretório não garante balada; confirmar tipo de atividade.";"https://www.locaisdobrasil.com.br/encontre/casa-noturna/sao-bernardo-do-campo-sp/blow-sp/6467678f6f16b70535a5f0bf";"Pendente — confirmar operação/agenda";"3";"Não";"Espaço de festas públicas";"Blacktag registra festa com DJs e venda de ingressos no endereço Av. Doutor Rudge Ramos 1556 em 2025; verificar programação atual e entrada por evento.";"Revisão complementar das fontes indicadas";"Não verificado";"Não confirmada diretamente nesta pesquisa";"Confirmar proposta, operação, acesso e endereço em canal da própria casa.";"2026-10-05";"https://blacktag.com.br/eventos/26098/bruxaria-ei-fluxo-open-bar-paredao-e-palco-360";"Ficha correspondente (HTTP 200): https://www.locaisdobrasil.com.br/encontre/casa-noturna/sao-bernardo-do-campo-sp/blow-sp/6467678f6f16b70535a5f0bf | Sem ficha correspondente (HTTP 404): https://restaurantguru.com.br/blow-sp-sao-bernardo-do-campo"
"Lanchonete e Restaurante Antares III";"buffet";"Av. Fagundes de Oliveira, 1685 - Piraporinha, Diadema - SP, 09950-615";"Diadema";"3.479";"seg: 05:00–20:30; ter, qua, qui, sex: 05:00–21:00; sáb: 05:00–17:00";"-23.6773475";"-46.583436999999996";"fonte secundária; funcionamento atual não confirmado";"Confirmar espaço físico para festas; categoria pode incluir restaurante ou serviço de alimentação.";"https://www.locaisdobrasil.com.br/encontre/buffet/diadema-sp/lanchonete-e-restaurante-antares-iii/66de75a3a0d134ad69f9e315";"Baixa prioridade — sem evidência de rolê";"4";"Não";"Restaurante, buffet ou espaço de eventos";"Não foi localizada evidência suficiente de bar/resenha ou festas abertas ao público. Categoria/nome sugerem alimentação, comércio ou eventos sob contratação; não é exclusão definitiva.";"Triagem conservadora do cadastro";"Não verificado";"Não confirmada diretamente nesta pesquisa";"Reavaliar se houver prova de bar ou programação pública de festas.";"2026-10-05";"https://www.locaisdobrasil.com.br/encontre/buffet/diadema-sp/lanchonete-e-restaurante-antares-iii/66de75a3a0d134ad69f9e315";"Ficha correspondente (HTTP 200): https://www.locaisdobrasil.com.br/encontre/buffet/diadema-sp/lanchonete-e-restaurante-antares-iii/66de75a3a0d134ad69f9e315"
"Restaurante Esquina Gourmet";"buffet";"R. Visc. de Inhaúma, 362 - Oswaldo Cruz, São Caetano do Sul - SP, 09571-000";"São Caetano do Sul";"3.484";"seg, ter, qua, qui, sex, sáb: 11:00–15:00";"-23.6319871";"-46.565661";"fonte secundária; funcionamento atual não confirmado";"Confirmar espaço físico para festas; categoria pode incluir restaurante ou serviço de alimentação.";"https://www.locaisdobrasil.com.br/encontre/buffet/sao-caetano-do-sul-sp/restaurante-esquina-gourmet/66de5635a0d134ad69f9b46f";"Baixa prioridade — sem evidência de rolê";"4";"Não";"Restaurante, buffet ou espaço de eventos";"Não foi localizada evidência suficiente de bar/resenha ou festas abertas ao público. Categoria/nome sugerem alimentação, comércio ou eventos sob contratação; não é exclusão definitiva.";"Triagem conservadora do cadastro";"Não verificado";"Não confirmada diretamente nesta pesquisa";"Reavaliar se houver prova de bar ou programação pública de festas.";"2026-10-05";"https://www.locaisdobrasil.com.br/encontre/buffet/sao-caetano-do-sul-sp/restaurante-esquina-gourmet/66de5635a0d134ad69f9b46f";"Ficha correspondente (HTTP 200): https://www.locaisdobrasil.com.br/encontre/buffet/sao-caetano-do-sul-sp/restaurante-esquina-gourmet/66de5635a0d134ad69f9b46f"
"Bar e restaurante Marcondes";"bares";"R. Itu - Baeta Neves, São Bernardo do Campo - SP, 09751-040";"São Bernardo do Campo";"3.495";"Não localizado";"-23.6922177";"-46.5470207";"fonte secundária; funcionamento atual não confirmado";"";"https://www.locaisdobrasil.com.br/encontre/bares/sao-bernardo-do-campo-sp/bar-e-restaurante-marcondes/66c7a83bf99178ff57474379";"Potencial — confirmar perfil/operação";"2";"Não";"Possível bar para resenha";"Categoria/nome sugerem bar, mas faltou informação específica e confiável sobre consumo no local, ambiente, proposta ou operação atual.";"Triagem pelo cadastro; sem corroboração específica";"Não verificado";"Não confirmada diretamente nesta pesquisa";"Confirmar proposta, operação, acesso e endereço em canal da própria casa.";"2026-10-05";"https://www.locaisdobrasil.com.br/encontre/bares/sao-bernardo-do-campo-sp/bar-e-restaurante-marcondes/66c7a83bf99178ff57474379";"Ficha correspondente (HTTP 200): https://www.locaisdobrasil.com.br/encontre/bares/sao-bernardo-do-campo-sp/bar-e-restaurante-marcondes/66c7a83bf99178ff57474379 | Sem ficha correspondente (HTTP 200): https://restaurantguru.com.br/Bar-e-restaurante-Marcondes-Sao-Bernardo-do-Campo"
"SKINAS BAR";"bares";"R. Baependi, 7 - Vila Alzira, Santo André - SP, 09195-080";"Santo André";"3.502";"dom: 07:00–16:00; seg, ter, qua, qui, sex: 09:00–22:00; sáb: 08:00–20:00";"-23.6735829";"-46.5222829";"fonte secundária; funcionamento atual não confirmado";"";"https://www.locaisdobrasil.com.br/encontre/bares/santo-andre-sp/skinas-bar/636e4c7bb46ef06da842621b";"Potencial — confirmar perfil/operação";"2";"Não";"Possível bar para resenha";"Categoria/nome sugerem bar, mas faltou informação específica e confiável sobre consumo no local, ambiente, proposta ou operação atual.";"Triagem pelo cadastro; sem corroboração específica";"Não verificado";"Não confirmada diretamente nesta pesquisa";"Confirmar proposta, operação, acesso e endereço em canal da própria casa.";"2026-10-05";"https://www.locaisdobrasil.com.br/encontre/bares/santo-andre-sp/skinas-bar/636e4c7bb46ef06da842621b";"Ficha correspondente (HTTP 200): https://www.locaisdobrasil.com.br/encontre/bares/santo-andre-sp/skinas-bar/636e4c7bb46ef06da842621b | Sem ficha correspondente (HTTP 200): https://restaurantguru.com.br/Skinas-Bar-Santo-Andre"
"Bar do André";"bares";"R. Brascola, 20 - Vila Jordanopolis, São Bernardo do Campo - SP, 09892-110";"São Bernardo do Campo";"3.504";"dom: 10:00–21:00; seg, ter, qua, qui, sex, sáb: 09:30–22:00";"-23.6854197";"-46.5763519";"fonte secundária; funcionamento atual não confirmado";"";"https://www.locaisdobrasil.com.br/encontre/bares/sao-bernardo-do-campo-sp/bar-do-andre/672a5dcf9f5ed1f3958918eb";"Potencial — confirmar perfil/operação";"2";"Não";"Possível bar para resenha";"Categoria/nome sugerem bar, mas faltou informação específica e confiável sobre consumo no local, ambiente, proposta ou operação atual.";"Triagem pelo cadastro; sem corroboração específica";"Não verificado";"Não confirmada diretamente nesta pesquisa";"Confirmar proposta, operação, acesso e endereço em canal da própria casa.";"2026-10-05";"https://www.locaisdobrasil.com.br/encontre/bares/sao-bernardo-do-campo-sp/bar-do-andre/672a5dcf9f5ed1f3958918eb";"Ficha correspondente (HTTP 200): https://www.locaisdobrasil.com.br/encontre/bares/sao-bernardo-do-campo-sp/bar-do-andre/672a5dcf9f5ed1f3958918eb | Sem ficha correspondente (HTTP 200): https://restaurantguru.com.br/Bar-do-Andre-Copcinski-Sao-Bernardo-do-Campo-3"
"Bar e Restaurante Point18";"bares";"R. Carlos Olávo Vicentini - Planalto, São Bernardo do Campo - SP, 09890-000";"São Bernardo do Campo";"3.505";"dom, seg, ter, qua, qui, sex, sáb: 08:00–22:00";"-23.6907394";"-46.566738099999995";"fonte secundária; funcionamento atual não confirmado";"";"https://www.locaisdobrasil.com.br/encontre/bares/sao-bernardo-do-campo-sp/bar-e-restaurante-point18/660c51f1d622f2b54116a29b";"Potencial — confirmar perfil/operação";"2";"Não";"Possível bar para resenha";"Categoria/nome sugerem bar, mas faltou informação específica e confiável sobre consumo no local, ambiente, proposta ou operação atual.";"Triagem pelo cadastro; sem corroboração específica";"Não verificado";"Não confirmada diretamente nesta pesquisa";"Confirmar proposta, operação, acesso e endereço em canal da própria casa.";"2026-10-05";"https://www.locaisdobrasil.com.br/encontre/bares/sao-bernardo-do-campo-sp/bar-e-restaurante-point18/660c51f1d622f2b54116a29b";"Ficha correspondente (HTTP 200): https://www.locaisdobrasil.com.br/encontre/bares/sao-bernardo-do-campo-sp/bar-e-restaurante-point18/660c51f1d622f2b54116a29b | Sem ficha correspondente (HTTP 404): https://restaurantguru.com.br/bar-e-restaurante-point18-sao-bernardo-do-campo"
"Crazy bar sbc";"bares";"Av. Dr. Rudge Ramos, 1596 - Rudge Ramos, São Bernardo do Campo - SP, 09638-000";"São Bernardo do Campo";"3.509";"sex, sáb: 22:00–04:30";"-23.6440144";"-46.5827367";"fonte secundária; funcionamento atual não confirmado";"";"https://www.locaisdobrasil.com.br/encontre/bares/sao-bernardo-do-campo-sp/crazy-bar-sbc/660bbd2bd622f2b5411670ff";"Potencial — confirmar perfil/operação";"2";"Não";"Possível bar para resenha";"Categoria/nome sugerem bar, mas faltou informação específica e confiável sobre consumo no local, ambiente, proposta ou operação atual.";"Triagem pelo cadastro; sem corroboração específica";"Não verificado";"Não confirmada diretamente nesta pesquisa";"Confirmar proposta, operação, acesso e endereço em canal da própria casa.";"2026-10-05";"https://www.locaisdobrasil.com.br/encontre/bares/sao-bernardo-do-campo-sp/crazy-bar-sbc/660bbd2bd622f2b5411670ff";"Ficha correspondente (HTTP 200): https://www.locaisdobrasil.com.br/encontre/bares/sao-bernardo-do-campo-sp/crazy-bar-sbc/660bbd2bd622f2b5411670ff | Sem ficha correspondente (HTTP 200): https://restaurantguru.com.br/Crazy-bar-sbc-Sao-Bernardo-do-Campo"
"Bar do Fofão";"bares";"Al. Conde de Porto Alegre, 393 - Santa Maria, São Caetano do Sul - SP, 09561-000";"São Caetano do Sul";"3.51";"dom: 08:00–16:00; seg: 13:00–22:00; ter, qua, qui, sex, sáb: 08:00–22:00";"-23.6299557";"-46.556280099999995";"fonte secundária; funcionamento atual não confirmado";"";"https://www.locaisdobrasil.com.br/encontre/bares/sao-caetano-do-sul-sp/bar-do-fofao/660f6f78a451b0ad1fb9c3cc";"Potencial — confirmar perfil/operação";"2";"Não";"Possível bar para resenha";"Categoria/nome sugerem bar, mas faltou informação específica e confiável sobre consumo no local, ambiente, proposta ou operação atual.";"Triagem pelo cadastro; sem corroboração específica";"Não verificado";"Não confirmada diretamente nesta pesquisa";"Confirmar proposta, operação, acesso e endereço em canal da própria casa.";"2026-10-05";"https://www.locaisdobrasil.com.br/encontre/bares/sao-caetano-do-sul-sp/bar-do-fofao/660f6f78a451b0ad1fb9c3cc";"Ficha correspondente (HTTP 200): https://www.locaisdobrasil.com.br/encontre/bares/sao-caetano-do-sul-sp/bar-do-fofao/660f6f78a451b0ad1fb9c3cc | Sem ficha correspondente (HTTP 200): https://restaurantguru.com.br/Bar-do-FOFAO-Sao-Caetano-do-Sul"
"Cacildis";"bares";"Rua Thales dos Santos Freire, 16 - Baeta Neves, São Bernardo do Campo - SP, 09190-710";"São Bernardo do Campo";"3.514";"dom: 17:00–00:00; qui: 18:00–23:00; sex, sáb: 18:00–00:00";"-23.6926103";"-46.5482559";"fonte secundária; funcionamento atual não confirmado";"";"https://www.locaisdobrasil.com.br/encontre/bares/sao-bernardo-do-campo-sp/cacildis/660bbd34d622f2b541167102";"Potencial — confirmar perfil/operação";"2";"Não";"Possível bar para resenha";"Categoria/nome sugerem bar, mas faltou informação específica e confiável sobre consumo no local, ambiente, proposta ou operação atual.";"Triagem pelo cadastro; sem corroboração específica";"Não verificado";"Não confirmada diretamente nesta pesquisa";"Confirmar proposta, operação, acesso e endereço em canal da própria casa.";"2026-10-05";"https://www.locaisdobrasil.com.br/encontre/bares/sao-bernardo-do-campo-sp/cacildis/660bbd34d622f2b541167102";"Ficha correspondente (HTTP 200): https://www.locaisdobrasil.com.br/encontre/bares/sao-bernardo-do-campo-sp/cacildis/660bbd34d622f2b541167102 | Sem ficha correspondente (HTTP 200): https://restaurantguru.com.br/Cacildis-Sao-Bernardo-do-Campo"
"Praia da Villa";"bares";"Av. Barão de Mauá - Chácara Inglesa, São Bernardo do Campo - SP, 09726-000";"São Bernardo do Campo";"3.519";"dom: 09:00–18:00; qua, qui, sex, sáb: 09:00–22:00";"-23.692492899999998";"-46.5607392";"fonte secundária; funcionamento atual não confirmado";"";"https://www.locaisdobrasil.com.br/encontre/bares/sao-bernardo-do-campo-sp/praia-da-villa/660bbd4dd622f2b54116710b";"Não incluir — indicação de fechamento";"6";"Não";"Operação com indicação de encerramento";"Ficha correspondente ao endereço sinaliza encerramento permanente; horários antigos não comprovam abertura.";"Ficha secundária correspondente";"Não verificado";"Não confirmada diretamente nesta pesquisa";"Não publicar; reavaliar somente com prova de reabertura.";"2026-10-05";"https://restaurantguru.com.br/Praia-da-Villa-Sao-Bernardo-do-Campo";"Ficha correspondente (HTTP 200): https://www.locaisdobrasil.com.br/encontre/bares/sao-bernardo-do-campo-sp/praia-da-villa/660bbd4dd622f2b54116710b | Ficha correspondente (HTTP 200): https://restaurantguru.com.br/Praia-da-Villa-Sao-Bernardo-do-Campo"
"Nova Favorita";"buffet";"Av. Lucas Nogueira Garcez, 461 - Jardim do Mar, São Bernardo do Campo - SP, 09750-670";"São Bernardo do Campo";"3.521";"seg, ter, qua, qui, sex: 07:00–19:00; sáb: 07:00–16:00";"-23.6930998";"-46.5549387";"fonte secundária; funcionamento atual não confirmado";"Confirmar espaço físico para festas; categoria pode incluir restaurante ou serviço de alimentação.";"https://www.locaisdobrasil.com.br/encontre/buffet/sao-bernardo-do-campo-sp/nova-favorita/66daede68f35afd7184163c0";"Baixa prioridade — sem evidência de rolê";"4";"Não";"Restaurante, buffet ou espaço de eventos";"Não foi localizada evidência suficiente de bar/resenha ou festas abertas ao público. Categoria/nome sugerem alimentação, comércio ou eventos sob contratação; não é exclusão definitiva.";"Triagem conservadora do cadastro";"Não verificado";"Não confirmada diretamente nesta pesquisa";"Reavaliar se houver prova de bar ou programação pública de festas.";"2026-10-05";"https://www.locaisdobrasil.com.br/encontre/buffet/sao-bernardo-do-campo-sp/nova-favorita/66daede68f35afd7184163c0";"Ficha correspondente (HTTP 200): https://www.locaisdobrasil.com.br/encontre/buffet/sao-bernardo-do-campo-sp/nova-favorita/66daede68f35afd7184163c0"
"Casa Importado Com Imp Gêneros Alimentícios";"fornecedor-de-bebidas";"R. Francisco Alves, 801 - Paulicéia, São Bernardo do Campo - SP, 09692-100";"São Bernardo do Campo";"3.525";"seg, sáb: 10:00–18:00; ter, qua, qui: 10:00–19:00; sex: 10:00–19:30";"-23.6680852";"-46.5878631";"fonte secundária; funcionamento atual não confirmado";"Categoria ampla: inclui distribuidor, depósito e água; confirmar se é adega.";"https://www.locaisdobrasil.com.br/encontre/fornecedor-de-bebidas/sao-bernardo-do-campo-sp/casa-importado-com-imp-generos-alimenticios/652eb217a560c09a5b14ee27";"Baixa prioridade — sem evidência de rolê";"4";"Não";"Comércio/distribuição de bebidas";"Não foi localizada evidência suficiente de bar/resenha ou festas abertas ao público. Categoria/nome sugerem alimentação, comércio ou eventos sob contratação; não é exclusão definitiva.";"Triagem conservadora do cadastro";"Não verificado";"Não confirmada diretamente nesta pesquisa";"Reavaliar se houver prova de bar ou programação pública de festas.";"2026-10-05";"https://www.locaisdobrasil.com.br/encontre/fornecedor-de-bebidas/sao-bernardo-do-campo-sp/casa-importado-com-imp-generos-alimenticios/652eb217a560c09a5b14ee27";"Ficha correspondente (HTTP 200): https://www.locaisdobrasil.com.br/encontre/fornecedor-de-bebidas/sao-bernardo-do-campo-sp/casa-importado-com-imp-generos-alimenticios/652eb217a560c09a5b14ee27 | Sem ficha correspondente (HTTP 404): https://restaurantguru.com.br/casa-importado-com-imp-generos-alimenticios-sao-bernardo-do-campo"
"Restaurante Sabor & Arte";"buffet";"Av. Getúlio Vargas, 1173 - Baeta Neves, São Bernardo do Campo - SP, 09751-251";"São Bernardo do Campo";"3.526";"seg, ter, qua, qui, sex, sáb: 10:30–15:00";"-23.6913305";"-46.5424381";"fonte secundária; funcionamento atual não confirmado";"Confirmar espaço físico para festas; categoria pode incluir restaurante ou serviço de alimentação.";"https://www.locaisdobrasil.com.br/encontre/buffet/sao-bernardo-do-campo-sp/restaurante-sabor-arte/66dacbb18f35afd718414700";"Baixa prioridade — sem evidência de rolê";"4";"Não";"Restaurante, buffet ou espaço de eventos";"Não foi localizada evidência suficiente de bar/resenha ou festas abertas ao público. Categoria/nome sugerem alimentação, comércio ou eventos sob contratação; não é exclusão definitiva.";"Triagem conservadora do cadastro";"Não verificado";"Não confirmada diretamente nesta pesquisa";"Reavaliar se houver prova de bar ou programação pública de festas.";"2026-10-05";"https://www.locaisdobrasil.com.br/encontre/buffet/sao-bernardo-do-campo-sp/restaurante-sabor-arte/66dacbb18f35afd718414700";"Ficha correspondente (HTTP 200): https://www.locaisdobrasil.com.br/encontre/buffet/sao-bernardo-do-campo-sp/restaurante-sabor-arte/66dacbb18f35afd718414700"
"Bar Acascs";"bares";"Av Presidente Kennedy, 2.020, R. Pelegrino Bernardo, 407 - Santa Paula, São Caetano do Sul - SP, 09570-000";"São Caetano do Sul";"3.533";"Não localizado";"-23.6298181";"-46.5572361";"fonte secundária; funcionamento atual não confirmado";"";"https://www.locaisdobrasil.com.br/encontre/bares/sao-caetano-do-sul-sp/bar-acascs/660f6fbfa451b0ad1fb9c3f0";"Potencial — confirmar perfil/operação";"2";"Não";"Possível bar para resenha";"Categoria/nome sugerem bar, mas faltou informação específica e confiável sobre consumo no local, ambiente, proposta ou operação atual.";"Ficha correspondente sem detalhes de perfil suficientes";"Não verificado";"Não confirmada diretamente nesta pesquisa";"Confirmar proposta, operação, acesso e endereço em canal da própria casa.";"2026-10-05";"https://www.locaisdobrasil.com.br/encontre/bares/sao-caetano-do-sul-sp/bar-acascs/660f6fbfa451b0ad1fb9c3f0 | https://restaurantguru.com.br/Bar-Acascs-Sao-Caetano-do-Sul";"Ficha correspondente (HTTP 200): https://www.locaisdobrasil.com.br/encontre/bares/sao-caetano-do-sul-sp/bar-acascs/660f6fbfa451b0ad1fb9c3f0 | Ficha correspondente (HTTP 200): https://restaurantguru.com.br/Bar-Acascs-Sao-Caetano-do-Sul"
"Saborantella";"buffet";"Av. Índico, 450 - Jardim do Mar, São Bernardo do Campo - SP, 09750-601";"São Bernardo do Campo";"3.541";"seg, ter, qua, qui, sex: 11:00–15:00";"-23.6932728";"-46.5553052";"fonte secundária; funcionamento atual não confirmado";"Confirmar espaço físico para festas; categoria pode incluir restaurante ou serviço de alimentação.";"https://www.locaisdobrasil.com.br/encontre/buffet/sao-bernardo-do-campo-sp/saborantella/66daede28f35afd7184163bd";"Baixa prioridade — sem evidência de rolê";"4";"Não";"Restaurante, buffet ou espaço de eventos";"Não foi localizada evidência suficiente de bar/resenha ou festas abertas ao público. Categoria/nome sugerem alimentação, comércio ou eventos sob contratação; não é exclusão definitiva.";"Triagem conservadora do cadastro";"Não verificado";"Não confirmada diretamente nesta pesquisa";"Reavaliar se houver prova de bar ou programação pública de festas.";"2026-10-05";"https://www.locaisdobrasil.com.br/encontre/buffet/sao-bernardo-do-campo-sp/saborantella/66daede28f35afd7184163bd";"Ficha correspondente (HTTP 200): https://www.locaisdobrasil.com.br/encontre/buffet/sao-bernardo-do-campo-sp/saborantella/66daede28f35afd7184163bd"
"Rabella Restaurante Self Service e Retirada";"buffet";"Av. Getúlio Vargas, 1092 - Baeta Neves, São Bernardo do Campo - SP, 09751-250";"São Bernardo do Campo";"3.551";"seg, ter, qua, qui, sex: 11:00–15:00";"-23.691792700000004";"-46.543151699999996";"fonte secundária; funcionamento atual não confirmado";"Confirmar espaço físico para festas; categoria pode incluir restaurante ou serviço de alimentação.";"https://www.locaisdobrasil.com.br/encontre/buffet/sao-bernardo-do-campo-sp/rabella-restaurante-self-service-e-retirada/66db8d6958c8e2634b992059";"Baixa prioridade — sem evidência de rolê";"4";"Não";"Restaurante, buffet ou espaço de eventos";"Não foi localizada evidência suficiente de bar/resenha ou festas abertas ao público. Categoria/nome sugerem alimentação, comércio ou eventos sob contratação; não é exclusão definitiva.";"Triagem conservadora do cadastro";"Não verificado";"Não confirmada diretamente nesta pesquisa";"Reavaliar se houver prova de bar ou programação pública de festas.";"2026-10-05";"https://www.locaisdobrasil.com.br/encontre/buffet/sao-bernardo-do-campo-sp/rabella-restaurante-self-service-e-retirada/66db8d6958c8e2634b992059";"Ficha correspondente (HTTP 200): https://www.locaisdobrasil.com.br/encontre/buffet/sao-bernardo-do-campo-sp/rabella-restaurante-self-service-e-retirada/66db8d6958c8e2634b992059"
"Birras Bar e Lanches";"bares";"Av. Getúlio Vargas, 887 - Baeta Neves, São Bernardo do Campo - SP, 09751-250";"São Bernardo do Campo";"3.563";"seg, ter, qua, qui, sex: 08:00–18:00";"-23.6924158";"-46.545020099999995";"fonte secundária; funcionamento atual não confirmado";"";"https://www.locaisdobrasil.com.br/encontre/bares/sao-bernardo-do-campo-sp/birras-bar-e-lanches/66c7a83af99178ff57474375";"Priorizar — perfil corroborado";"1";"Não";"Bar para conversa e bebidas";"Ficha no endereço correspondente apresenta bebidas/petiscos no contexto de bar. Perfil compatível inferido; público universitário e preço acessível não comprovados.";"Perfil descrito em ficha/avaliações secundárias; operação pendente";"Não verificado";"Não confirmada diretamente nesta pesquisa";"Confirmar operação/horários diretamente; conferir endereço, fotos e acesso antes de cadastrar.";"2026-10-05";"https://restaurantguru.com.br/Birras-Bar-e-Lanches-Sao-Bernardo-do-Campo";"Ficha correspondente (HTTP 200): https://www.locaisdobrasil.com.br/encontre/bares/sao-bernardo-do-campo-sp/birras-bar-e-lanches/66c7a83af99178ff57474375 | Ficha correspondente (HTTP 200): https://restaurantguru.com.br/Birras-Bar-e-Lanches-Sao-Bernardo-do-Campo"
"Farias Bar";"bares";"Alameda Marques de Barbacena, 84 - Santa Teresinha, Santo André - SP, 09210-510";"Santo André";"3.571";"Não localizado";"-23.6366208";"-46.531791299999995";"fonte secundária; funcionamento atual não confirmado";"";"https://www.locaisdobrasil.com.br/encontre/bares/santo-andre-sp/farias-bar/660d1b34a3f2688d6da69111";"Priorizar — perfil corroborado";"1";"Não";"Bar para conversa e bebidas";"Ficha no endereço correspondente apresenta bebidas/petiscos no contexto de bar. Perfil compatível inferido; público universitário e preço acessível não comprovados.";"Perfil descrito em ficha/avaliações secundárias; operação pendente";"Não verificado";"Não confirmada diretamente nesta pesquisa";"Confirmar operação/horários diretamente; conferir endereço, fotos e acesso antes de cadastrar.";"2026-10-05";"https://restaurantguru.com.br/Farias-Bar-Santo-Andre";"Ficha correspondente (HTTP 200): https://www.locaisdobrasil.com.br/encontre/bares/santo-andre-sp/farias-bar/660d1b34a3f2688d6da69111 | Ficha correspondente (HTTP 200): https://restaurantguru.com.br/Farias-Bar-Santo-Andre"
"Loid - Bar e Restaurante";"bares";"R. Rio Negro, 82 - Osvaldo Cruz, São Caetano do Sul - SP, 09570-540";"São Caetano do Sul";"3.587";"dom: 12:00–23:00; ter: 07:30–21:00; qua, qui: 08:00–21:00; sex: 08:00–17:00; sáb: 09:00–05:00";"-23.6320452";"-46.5684961";"fonte secundária; funcionamento atual não confirmado";"";"https://www.locaisdobrasil.com.br/encontre/bares/sao-caetano-do-sul-sp/loid-bar-e-restaurante/660f6fbba451b0ad1fb9c3ee";"Potencial — confirmar perfil/operação";"2";"Não";"Possível bar para resenha";"Categoria/nome sugerem bar, mas faltou informação específica e confiável sobre consumo no local, ambiente, proposta ou operação atual.";"Triagem pelo cadastro; sem corroboração específica";"Não verificado";"Não confirmada diretamente nesta pesquisa";"Confirmar proposta, operação, acesso e endereço em canal da própria casa.";"2026-10-05";"https://www.locaisdobrasil.com.br/encontre/bares/sao-caetano-do-sul-sp/loid-bar-e-restaurante/660f6fbba451b0ad1fb9c3ee";"Ficha correspondente (HTTP 200): https://www.locaisdobrasil.com.br/encontre/bares/sao-caetano-do-sul-sp/loid-bar-e-restaurante/660f6fbba451b0ad1fb9c3ee | Sem ficha correspondente (HTTP 404): https://restaurantguru.com.br/loid-bar-e-restaurante-sao-caetano-do-sul"
"Bar do Bocha";"bares";"Alameda Marques de Barbacena, 99 - Santa Teresinha, Santo André - SP, 09210-510";"Santo André";"3.594";"dom: 10:00–17:00; seg, ter, qua: 10:00–21:00; qui, sex, sáb: 10:00–22:00";"-23.6364725";"-46.5316255";"fonte secundária; funcionamento atual não confirmado";"";"https://www.locaisdobrasil.com.br/encontre/bares/santo-andre-sp/bar-do-bocha/636e4cf9b46ef06da8426288";"Potencial — confirmar perfil/operação";"2";"Não";"Possível bar para resenha";"Categoria/nome sugerem bar, mas faltou informação específica e confiável sobre consumo no local, ambiente, proposta ou operação atual.";"Ficha correspondente sem detalhes de perfil suficientes";"Não verificado";"Não confirmada diretamente nesta pesquisa";"Confirmar proposta, operação, acesso e endereço em canal da própria casa.";"2026-10-05";"https://www.locaisdobrasil.com.br/encontre/bares/santo-andre-sp/bar-do-bocha/636e4cf9b46ef06da8426288 | https://restaurantguru.com.br/Bar-Do-Bocha-Santo-Andre";"Ficha correspondente (HTTP 200): https://www.locaisdobrasil.com.br/encontre/bares/santo-andre-sp/bar-do-bocha/636e4cf9b46ef06da8426288 | Ficha correspondente (HTTP 200): https://restaurantguru.com.br/Bar-Do-Bocha-Santo-Andre"
"Espaço festas.";"salao-de-festas";"R. Pedro Paulo Celestino, 117/ 81 - Piraporinha, Diadema - SP, 09950-360";"Diadema";"3.599";"seg, ter, qua, qui, sex, sáb: 09:00–17:00";"-23.680542799999998";"-46.5825507";"fonte secundária; funcionamento atual não confirmado";"";"https://www.locaisdobrasil.com.br/encontre/salao-de-festas/diadema-sp/espaco-festas/62868d19911b8129b7e7e0da";"Baixa prioridade — sem evidência de rolê";"4";"Não";"Restaurante, buffet ou espaço de eventos";"Não foi localizada evidência suficiente de bar/resenha ou festas abertas ao público. Categoria/nome sugerem alimentação, comércio ou eventos sob contratação; não é exclusão definitiva.";"Triagem conservadora do cadastro";"Não verificado";"Não confirmada diretamente nesta pesquisa";"Reavaliar se houver prova de bar ou programação pública de festas.";"2026-10-05";"https://www.locaisdobrasil.com.br/encontre/salao-de-festas/diadema-sp/espaco-festas/62868d19911b8129b7e7e0da";"Ficha correspondente (HTTP 200): https://www.locaisdobrasil.com.br/encontre/salao-de-festas/diadema-sp/espaco-festas/62868d19911b8129b7e7e0da"
"Inácio''s Bar";"bares";"R. dos Crisântemos, 243/241 - Piraporinha, Diadema - SP, 09950-450";"Diadema";"3.601";"dom, seg, ter, qua, qui, sex, sáb: 10:00–23:00";"-23.676433";"-46.585363799999996";"fonte secundária; funcionamento atual não confirmado";"";"https://www.locaisdobrasil.com.br/encontre/bares/diadema-sp/inacios-bar/62d61bd7cf0ed9f8ebe1a8d0";"Potencial — confirmar perfil/operação";"2";"Não";"Possível bar para resenha";"Categoria/nome sugerem bar, mas faltou informação específica e confiável sobre consumo no local, ambiente, proposta ou operação atual.";"Triagem pelo cadastro; sem corroboração específica";"Não verificado";"Não confirmada diretamente nesta pesquisa";"Confirmar proposta, operação, acesso e endereço em canal da própria casa.";"2026-10-05";"https://www.locaisdobrasil.com.br/encontre/bares/diadema-sp/inacios-bar/62d61bd7cf0ed9f8ebe1a8d0";"Ficha correspondente (HTTP 200): https://www.locaisdobrasil.com.br/encontre/bares/diadema-sp/inacios-bar/62d61bd7cf0ed9f8ebe1a8d0 | Sem ficha correspondente (HTTP 404): https://restaurantguru.com.br/inacio-s-bar-diadema"
"Lagabbia l";"buffet";"R. Dr. Baeta Neves - Baeta Neves, São Bernardo do Campo - SP, 09751-030";"São Bernardo do Campo";"3.601";"seg, ter, qua, qui, sex, sáb: 11:00–15:00";"-23.693330300000003";"-46.547826099999995";"fonte secundária; funcionamento atual não confirmado";"Confirmar espaço físico para festas; categoria pode incluir restaurante ou serviço de alimentação.";"https://www.locaisdobrasil.com.br/encontre/buffet/sao-bernardo-do-campo-sp/lagabbia-l/66daede78f35afd7184163c1";"Baixa prioridade — sem evidência de rolê";"4";"Não";"Restaurante, buffet ou espaço de eventos";"Não foi localizada evidência suficiente de bar/resenha ou festas abertas ao público. Categoria/nome sugerem alimentação, comércio ou eventos sob contratação; não é exclusão definitiva.";"Triagem conservadora do cadastro";"Não verificado";"Não confirmada diretamente nesta pesquisa";"Reavaliar se houver prova de bar ou programação pública de festas.";"2026-10-05";"https://www.locaisdobrasil.com.br/encontre/buffet/sao-bernardo-do-campo-sp/lagabbia-l/66daede78f35afd7184163c1";"Ficha correspondente (HTTP 200): https://www.locaisdobrasil.com.br/encontre/buffet/sao-bernardo-do-campo-sp/lagabbia-l/66daede78f35afd7184163c1"
"Adega Brasil";"bares";"R. Cel. Seabra, 12 - Vila Marina, Santo André - SP, 09176-000";"Santo André";"3.616";"dom, seg, qui, sex, sáb: 18:00–00:00";"-23.6699388";"-46.519740999999996";"fonte secundária; funcionamento atual não confirmado";"";"https://www.locaisdobrasil.com.br/encontre/bares/santo-andre-sp/adega-brasil/636e4cebb46ef06da842627c";"Não incluir — indicação de fechamento";"6";"Não";"Operação com indicação de encerramento";"Ficha correspondente ao endereço sinaliza encerramento permanente; horários antigos não comprovam abertura.";"Ficha secundária correspondente";"Não verificado";"Não confirmada diretamente nesta pesquisa";"Não publicar; reavaliar somente com prova de reabertura.";"2026-10-05";"https://restaurantguru.com.br/Adega-Brasil-Santo-Andre";"Ficha correspondente (HTTP 200): https://www.locaisdobrasil.com.br/encontre/bares/santo-andre-sp/adega-brasil/636e4cebb46ef06da842627c | Ficha correspondente (HTTP 200): https://restaurantguru.com.br/Adega-Brasil-Santo-Andre"
"A Fonte Distribuidora de Água Mineral";"fornecedor-de-bebidas";"R. Srg. Cid, 12 - Vila Leopoldina, Santo André - SP, 09030-200";"Santo André";"3.623";"seg, ter, qua, qui, sex: 09:00–18:00; sáb: 09:00–16:00";"-23.6699019";"-46.519666699999995";"fonte secundária; funcionamento atual não confirmado";"Categoria ampla: inclui distribuidor, depósito e água; confirmar se é adega.";"https://www.locaisdobrasil.com.br/encontre/fornecedor-de-bebidas/santo-andre-sp/a-fonte-distribuidora-de-agua-mineral/653ba81a5134829987a00133";"Fora do foco atual";"5";"Não";"Fornecedor/serviço, não local de encontro";"Atividade identificada como fornecimento de água, serviço de evento, equipamento ou refrigeração; não há evidência de bar para permanecer.";"Nome/atividade registrada — triagem editorial";"Não verificado";"Não confirmada diretamente nesta pesquisa";"Manter no histórico; não incluir no catálogo atual.";"2026-10-05";"https://www.locaisdobrasil.com.br/encontre/fornecedor-de-bebidas/santo-andre-sp/a-fonte-distribuidora-de-agua-mineral/653ba81a5134829987a00133";"Ficha correspondente (HTTP 200): https://www.locaisdobrasil.com.br/encontre/fornecedor-de-bebidas/santo-andre-sp/a-fonte-distribuidora-de-agua-mineral/653ba81a5134829987a00133"
"Black & White Music Bar";"bares";"R. Cel. Seabra, 499 - Vila Marina, Santo André - SP, 09176-000";"Santo André";"3.633";"Não localizado";"-23.670099399999998";"-46.5196201";"fonte secundária; funcionamento atual não confirmado";"";"https://www.locaisdobrasil.com.br/encontre/bares/santo-andre-sp/black-white-music-bar/660c51e7d622f2b54116a298";"Potencial — confirmar perfil/operação";"2";"Não";"Possível bar musical/pub";"Categoria/nome sugerem bar, mas faltou informação específica e confiável sobre consumo no local, ambiente, proposta ou operação atual.";"Triagem pelo cadastro; sem corroboração específica";"Não verificado";"Não confirmada diretamente nesta pesquisa";"Confirmar proposta, operação, acesso e endereço em canal da própria casa.";"2026-10-05";"https://www.locaisdobrasil.com.br/encontre/bares/santo-andre-sp/black-white-music-bar/660c51e7d622f2b54116a298";"Ficha correspondente (HTTP 200): https://www.locaisdobrasil.com.br/encontre/bares/santo-andre-sp/black-white-music-bar/660c51e7d622f2b54116a298 | Sem ficha correspondente (HTTP 404): https://restaurantguru.com.br/black-white-music-bar-santo-andre"
"Adega do Duuh";"fornecedor-de-bebidas";"R. Francisco Alves, 939 - Paulicéia, São Bernardo do Campo - SP, 09692-100";"São Bernardo do Campo";"3.637";"dom: 10:00–18:30; seg, ter, qua, qui: 11:00–22:00; sex: 09:30–01:00; sáb: 10:00–01:30";"-23.6675284";"-46.5891119";"fonte secundária; funcionamento atual não confirmado";"Categoria ampla: inclui distribuidor, depósito e água; confirmar se é adega.";"https://www.locaisdobrasil.com.br/encontre/fornecedor-de-bebidas/sao-bernardo-do-campo-sp/adega-do-duuh/653a8d41bf71b452a9f3bec7";"Pendente — consumo no local";"3";"Não";"Adega/bebidas — permanência não confirmada";"Venda/preparo de bebidas não comprova mesas, consumo no local ou ambiente de resenha; verificar antes de incluir.";"Categoria/nome do levantamento";"Não verificado";"Não confirmada diretamente nesta pesquisa";"Confirmar mesas/permanência e consumo no local; não inserir somente por vender bebidas.";"2026-10-05";"https://www.locaisdobrasil.com.br/encontre/fornecedor-de-bebidas/sao-bernardo-do-campo-sp/adega-do-duuh/653a8d41bf71b452a9f3bec7";"Ficha correspondente (HTTP 200): https://www.locaisdobrasil.com.br/encontre/fornecedor-de-bebidas/sao-bernardo-do-campo-sp/adega-do-duuh/653a8d41bf71b452a9f3bec7 | Sem ficha correspondente (HTTP 404): https://restaurantguru.com.br/adega-do-duuh-sao-bernardo-do-campo"
"BOTECO BARCELONA";"bares";"R. Joana Angélica, 695 - Barcelona, São Caetano do Sul - SP, 09551-050";"São Caetano do Sul";"3.644";"Não localizado";"-23.6287023";"-46.5527077";"fonte secundária; funcionamento atual não confirmado";"";"https://www.locaisdobrasil.com.br/encontre/bares/sao-caetano-do-sul-sp/boteco-barcelona/660f6f99a451b0ad1fb9c3dd";"Priorizar — perfil corroborado";"1";"Não";"Bar para conversa e bebidas";"Ficha no endereço correspondente apresenta bebidas/petiscos no contexto de bar. Perfil compatível inferido; público universitário e preço acessível não comprovados.";"Perfil descrito em ficha/avaliações secundárias; operação pendente";"Não verificado";"Não confirmada diretamente nesta pesquisa";"Confirmar operação/horários diretamente; conferir endereço, fotos e acesso antes de cadastrar.";"2026-10-05";"https://restaurantguru.com.br/BOTECO-BARCELONA-Sao-Caetano-do-Sul";"Ficha correspondente (HTTP 200): https://www.locaisdobrasil.com.br/encontre/bares/sao-caetano-do-sul-sp/boteco-barcelona/660f6f99a451b0ad1fb9c3dd | Ficha correspondente (HTTP 200): https://restaurantguru.com.br/BOTECO-BARCELONA-Sao-Caetano-do-Sul"
"Laje dos Famosos";"salao-de-festas";"R. Vinte e Quatro de Fevereiro - Casa Branca, Santo André - SP, 09015-550";"Santo André";"3.647";"Não localizado";"-23.660511";"-46.518225099999995";"fonte secundária; funcionamento atual não confirmado";"";"https://www.locaisdobrasil.com.br/encontre/salao-de-festas/santo-andre-sp/laje-dos-famosos/628542e1911b8129b7e77033";"Baixa prioridade — sem evidência de rolê";"4";"Não";"Restaurante, buffet ou espaço de eventos";"Não foi localizada evidência suficiente de bar/resenha ou festas abertas ao público. Categoria/nome sugerem alimentação, comércio ou eventos sob contratação; não é exclusão definitiva.";"Triagem conservadora do cadastro";"Não verificado";"Não confirmada diretamente nesta pesquisa";"Reavaliar se houver prova de bar ou programação pública de festas.";"2026-10-05";"https://www.locaisdobrasil.com.br/encontre/salao-de-festas/santo-andre-sp/laje-dos-famosos/628542e1911b8129b7e77033";"Ficha correspondente (HTTP 200): https://www.locaisdobrasil.com.br/encontre/salao-de-festas/santo-andre-sp/laje-dos-famosos/628542e1911b8129b7e77033"
"Estação do Crepe ABC";"buffet";"R. Oratório, 671 - Bangú, Santo André - SP, 09280-550";"Santo André";"3.655";"seg, ter, qua, qui, sex: 09:00–18:00; sáb: 09:00–13:00";"-23.641959099999998";"-46.5251271";"fonte secundária; funcionamento atual não confirmado";"Confirmar espaço físico para festas; categoria pode incluir restaurante ou serviço de alimentação.";"https://www.locaisdobrasil.com.br/encontre/buffet/santo-andre-sp/estacao-do-crepe-abc/66dba2c858c8e2634b99399f";"Baixa prioridade — sem evidência de rolê";"4";"Não";"Restaurante, buffet ou espaço de eventos";"Não foi localizada evidência suficiente de bar/resenha ou festas abertas ao público. Categoria/nome sugerem alimentação, comércio ou eventos sob contratação; não é exclusão definitiva.";"Triagem conservadora do cadastro";"Não verificado";"Não confirmada diretamente nesta pesquisa";"Reavaliar se houver prova de bar ou programação pública de festas.";"2026-10-05";"https://www.locaisdobrasil.com.br/encontre/buffet/santo-andre-sp/estacao-do-crepe-abc/66dba2c858c8e2634b99399f";"Ficha correspondente (HTTP 200): https://www.locaisdobrasil.com.br/encontre/buffet/santo-andre-sp/estacao-do-crepe-abc/66dba2c858c8e2634b99399f"
"Bar do Artur";"bares";"Av. Pres. Kennedy, 1887 - Santa Paula, São Caetano do Sul - SP, 09560-010";"São Caetano do Sul";"3.667";"seg, ter, qua, qui, sex, sáb: 00:00–23:59";"-23.628560399999998";"-46.556675299999995";"fonte secundária; funcionamento atual não confirmado";"";"https://www.locaisdobrasil.com.br/encontre/bares/sao-caetano-do-sul-sp/bar-do-artur/660f6f87a451b0ad1fb9c3d4";"Potencial — confirmar perfil/operação";"2";"Não";"Possível bar para resenha";"Categoria/nome sugerem bar, mas faltou informação específica e confiável sobre consumo no local, ambiente, proposta ou operação atual.";"Triagem pelo cadastro; sem corroboração específica";"Não verificado";"Não confirmada diretamente nesta pesquisa";"Confirmar proposta, operação, acesso e endereço em canal da própria casa.";"2026-10-05";"https://www.locaisdobrasil.com.br/encontre/bares/sao-caetano-do-sul-sp/bar-do-artur/660f6f87a451b0ad1fb9c3d4";"Ficha correspondente (HTTP 200): https://www.locaisdobrasil.com.br/encontre/bares/sao-caetano-do-sul-sp/bar-do-artur/660f6f87a451b0ad1fb9c3d4 | Sem ficha correspondente (HTTP 200): https://restaurantguru.com.br/Bar-do-Artur-Sao-Caetano-do-Sul"
"Restaurante Bom Te Ver";"buffet";"R. Joana Angélica, 658 - Barcelona, São Caetano do Sul - SP, 09551-050";"São Caetano do Sul";"3.682";"seg, ter, qua, qui, sex: 11:00–14:45; sáb: 11:00–15:00";"-23.6283679";"-46.552561";"fonte secundária; funcionamento atual não confirmado";"Confirmar espaço físico para festas; categoria pode incluir restaurante ou serviço de alimentação.";"https://www.locaisdobrasil.com.br/encontre/buffet/sao-caetano-do-sul-sp/restaurante-bom-te-ver/66db8d6258c8e2634b99204e";"Baixa prioridade — sem evidência de rolê";"4";"Não";"Restaurante, buffet ou espaço de eventos";"Não foi localizada evidência suficiente de bar/resenha ou festas abertas ao público. Categoria/nome sugerem alimentação, comércio ou eventos sob contratação; não é exclusão definitiva.";"Triagem conservadora do cadastro";"Não verificado";"Não confirmada diretamente nesta pesquisa";"Reavaliar se houver prova de bar ou programação pública de festas.";"2026-10-05";"https://www.locaisdobrasil.com.br/encontre/buffet/sao-caetano-do-sul-sp/restaurante-bom-te-ver/66db8d6258c8e2634b99204e";"Ficha correspondente (HTTP 200): https://www.locaisdobrasil.com.br/encontre/buffet/sao-caetano-do-sul-sp/restaurante-bom-te-ver/66db8d6258c8e2634b99204e"
"Casa Velha";"salao-de-festas";"R. Carijós, 103 - Vila Alzira, Santo André - SP, 09180-000";"Santo André";"3.684";"dom: 17:00–23:00; qua: 18:45–00:00; sex: 19:00–00:00";"-23.6713505";"-46.5194945";"fonte secundária; funcionamento atual não confirmado";"";"https://www.locaisdobrasil.com.br/encontre/salao-de-festas/santo-andre-sp/casa-velha/62a1518c6e1550eac4c74130";"Baixa prioridade — sem evidência de rolê";"4";"Não";"Restaurante, buffet ou espaço de eventos";"Não foi localizada evidência suficiente de bar/resenha ou festas abertas ao público. Categoria/nome sugerem alimentação, comércio ou eventos sob contratação; não é exclusão definitiva.";"Triagem conservadora do cadastro";"Não verificado";"Não confirmada diretamente nesta pesquisa";"Reavaliar se houver prova de bar ou programação pública de festas.";"2026-10-05";"https://www.locaisdobrasil.com.br/encontre/salao-de-festas/santo-andre-sp/casa-velha/62a1518c6e1550eac4c74130";"Ficha correspondente (HTTP 200): https://www.locaisdobrasil.com.br/encontre/salao-de-festas/santo-andre-sp/casa-velha/62a1518c6e1550eac4c74130"
"Blackbird Rock & Beer";"bares";"R. Carijós, 131 - Vila Alzira, Santo André - SP, 09180-000";"Santo André";"3.685";"ter, qua, qui, sex, sáb: 16:00–00:00";"-23.6715332";"-46.519549";"fonte secundária; funcionamento atual não confirmado";"";"https://www.locaisdobrasil.com.br/encontre/bares/santo-andre-sp/blackbird-rock-beer/636e4cfcb46ef06da842628a";"Pendente — confirmar operação/agenda";"3";"Não";"Bar cultural/rock";"Descrição publicada pelo responsável no portal cultural confirma bar, cozinha e eventos de rock; texto se refere à pandemia, portanto falta evidência recente de agenda e funcionamento.";"Revisão complementar das fontes indicadas";"Não verificado";"Não confirmada diretamente nesta pesquisa";"Confirmar proposta, operação, acesso e endereço em canal da própria casa.";"2026-10-05";"https://culturaz.santoandre.sp.gov.br/agente/16733/blackbirdrockbeer";"Ficha correspondente (HTTP 200): https://www.locaisdobrasil.com.br/encontre/bares/santo-andre-sp/blackbird-rock-beer/636e4cfcb46ef06da842628a | Sem ficha correspondente (HTTP 404): https://restaurantguru.com.br/blackbird-rock-beer-santo-andre"
"Du J. Drink's";"bares";"Av. Walter Tomé, 297 - Olímpico, São Caetano do Sul - SP, 09570-320";"São Caetano do Sul";"3.689";"dom: 10:00–18:00; ter, qua, qui, sex, sáb: 10:00–23:00";"-23.6287275";"-46.5600113";"fonte secundária; funcionamento atual não confirmado";"";"https://www.locaisdobrasil.com.br/encontre/bares/sao-caetano-do-sul-sp/du-j-drinks/64e3d59fd66ee5f1b71b2ea2";"Potencial — confirmar perfil/operação";"2";"Não";"Possível bar para resenha";"Categoria/nome sugerem bar, mas faltou informação específica e confiável sobre consumo no local, ambiente, proposta ou operação atual.";"Triagem pelo cadastro; sem corroboração específica";"Não verificado";"Não confirmada diretamente nesta pesquisa";"Confirmar proposta, operação, acesso e endereço em canal da própria casa.";"2026-10-05";"https://www.locaisdobrasil.com.br/encontre/bares/sao-caetano-do-sul-sp/du-j-drinks/64e3d59fd66ee5f1b71b2ea2";"Ficha correspondente (HTTP 200): https://www.locaisdobrasil.com.br/encontre/bares/sao-caetano-do-sul-sp/du-j-drinks/64e3d59fd66ee5f1b71b2ea2 | Sem ficha correspondente (HTTP 404): https://restaurantguru.com.br/du-j-drink-s-sao-caetano-do-sul"
"SERV-ÁGUA";"fornecedor-de-bebidas";"R. Antônio Garbeloto, 363 - Barcelona, São Caetano do Sul - SP, 09551-260";"São Caetano do Sul";"3.701";"seg, ter, qua, qui, sex: 08:30–17:30; sáb: 08:30–13:00";"-23.628169";"-46.5533329";"fonte secundária; funcionamento atual não confirmado";"Categoria ampla: inclui distribuidor, depósito e água; confirmar se é adega.";"https://www.locaisdobrasil.com.br/encontre/fornecedor-de-bebidas/sao-caetano-do-sul-sp/serv-agua/652e9b9fa560c09a5b14d824";"Fora do foco atual";"5";"Não";"Fornecedor/serviço, não local de encontro";"Atividade identificada como fornecimento de água, serviço de evento, equipamento ou refrigeração; não há evidência de bar para permanecer.";"Nome/atividade registrada — triagem editorial";"Não verificado";"Não confirmada diretamente nesta pesquisa";"Manter no histórico; não incluir no catálogo atual.";"2026-10-05";"https://www.locaisdobrasil.com.br/encontre/fornecedor-de-bebidas/sao-caetano-do-sul-sp/serv-agua/652e9b9fa560c09a5b14d824";"Ficha correspondente (HTTP 200): https://www.locaisdobrasil.com.br/encontre/fornecedor-de-bebidas/sao-caetano-do-sul-sp/serv-agua/652e9b9fa560c09a5b14d824 | Sem ficha correspondente (HTTP 404): https://restaurantguru.com.br/serv-agua-sao-caetano-do-sul"
"Bar do Mineiro";"bares";"R. Carijós, 191 - Vila Alzira, Santo André - SP, 09180-000";"Santo André";"3.707";"seg, ter, qua, qui, sex, sáb: 09:00–01:00";"-23.6721215";"-46.5195405";"fonte secundária; funcionamento atual não confirmado";"";"https://www.locaisdobrasil.com.br/encontre/bares/santo-andre-sp/bar-do-mineiro/660d1b84a3f2688d6da69127";"Potencial — confirmar perfil/operação";"2";"Não";"Possível bar para resenha";"Categoria/nome sugerem bar, mas faltou informação específica e confiável sobre consumo no local, ambiente, proposta ou operação atual.";"Triagem pelo cadastro; sem corroboração específica";"Não verificado";"Não confirmada diretamente nesta pesquisa";"Confirmar proposta, operação, acesso e endereço em canal da própria casa.";"2026-10-05";"https://www.locaisdobrasil.com.br/encontre/bares/santo-andre-sp/bar-do-mineiro/660d1b84a3f2688d6da69127";"Ficha correspondente (HTTP 200): https://www.locaisdobrasil.com.br/encontre/bares/santo-andre-sp/bar-do-mineiro/660d1b84a3f2688d6da69127 | Sem ficha correspondente (HTTP 200): https://restaurantguru.com.br/Restaurante-Do-Mineiro-Santo-Andre"
"The 26 Club";"casa-noturna";"Av. Estados Unidos, 114 - Parque das Nações, Santo André - SP, 09210-300";"Santo André";"3.715";"Não localizado";"-23.6381765";"-46.5278499";"fonte secundária; funcionamento atual não confirmado";"Categoria do diretório não garante balada; confirmar tipo de atividade.";"https://www.locaisdobrasil.com.br/encontre/casa-noturna/santo-andre-sp/the-26-club/647a6c67424b1ac500a7b4d2";"Pendente — perfil não esclarecido";"3";"Não";"Casa noturna — tipo de acesso/perfil a confirmar";"Categoria de casa noturna é insuficiente para distinguir festas públicas, atendimento reservado ou cadastro incorreto; confirmar proposta e agenda.";"Categoria original apenas";"Não verificado";"Não confirmada diretamente nesta pesquisa";"Confirmar proposta, operação, acesso e endereço em canal da própria casa.";"2026-10-05";"https://www.locaisdobrasil.com.br/encontre/casa-noturna/santo-andre-sp/the-26-club/647a6c67424b1ac500a7b4d2";"Ficha correspondente (HTTP 200): https://www.locaisdobrasil.com.br/encontre/casa-noturna/santo-andre-sp/the-26-club/647a6c67424b1ac500a7b4d2 | Sem ficha correspondente (HTTP 200): https://restaurantguru.com.br/The-26-Club-Santo-Andre"
"Distribuidora Arco Verde";"fornecedor-de-bebidas";"R. Visc. de Inhaúma, 139 - Oswaldo Cruz, São Caetano do Sul - SP, 09571-030";"São Caetano do Sul";"3.715";"seg, ter, qua, qui, sex: 08:30–18:00; sáb: 08:30–17:00";"-23.630023599999998";"-46.5663938";"fonte secundária; funcionamento atual não confirmado";"Categoria ampla: inclui distribuidor, depósito e água; confirmar se é adega.";"https://www.locaisdobrasil.com.br/encontre/fornecedor-de-bebidas/sao-caetano-do-sul-sp/distribuidora-arco-verde/652e9b95a560c09a5b14d81a";"Baixa prioridade — sem evidência de rolê";"4";"Não";"Comércio/distribuição de bebidas";"Não foi localizada evidência suficiente de bar/resenha ou festas abertas ao público. Categoria/nome sugerem alimentação, comércio ou eventos sob contratação; não é exclusão definitiva.";"Triagem conservadora do cadastro";"Não verificado";"Não confirmada diretamente nesta pesquisa";"Reavaliar se houver prova de bar ou programação pública de festas.";"2026-10-05";"https://www.locaisdobrasil.com.br/encontre/fornecedor-de-bebidas/sao-caetano-do-sul-sp/distribuidora-arco-verde/652e9b95a560c09a5b14d81a";"Ficha correspondente (HTTP 200): https://www.locaisdobrasil.com.br/encontre/fornecedor-de-bebidas/sao-caetano-do-sul-sp/distribuidora-arco-verde/652e9b95a560c09a5b14d81a | Sem ficha correspondente (HTTP 404): https://restaurantguru.com.br/distribuidora-arco-verde-sao-caetano-do-sul"
"Bar do Raul";"bares";"R. Marcelino Dantas, 62 - Vila Alzira, Santo André - SP, 09195-350";"Santo André";"3.727";"dom: 09:00–17:00; seg, ter, qua, qui, sex: 09:00–21:00; sáb: 09:00–20:00";"-23.667961299999998";"-46.518121799999996";"fonte secundária; funcionamento atual não confirmado";"";"https://www.locaisdobrasil.com.br/encontre/bares/santo-andre-sp/bar-do-raul/636e4cfdb46ef06da842628b";"Priorizar — perfil corroborado";"1";"Não";"Bar para conversa e bebidas";"Ficha no endereço correspondente apresenta bebidas/petiscos no contexto de bar. Perfil compatível inferido; público universitário e preço acessível não comprovados.";"Perfil descrito em ficha/avaliações secundárias; operação pendente";"Não verificado";"Não confirmada diretamente nesta pesquisa";"Confirmar operação/horários diretamente; conferir endereço, fotos e acesso antes de cadastrar.";"2026-10-05";"https://restaurantguru.com.br/Bar-do-Raul-Santo-Andre";"Ficha correspondente (HTTP 200): https://www.locaisdobrasil.com.br/encontre/bares/santo-andre-sp/bar-do-raul/636e4cfdb46ef06da842628b | Ficha correspondente (HTTP 200): https://restaurantguru.com.br/Bar-do-Raul-Santo-Andre"
"BAR BONSUCESSO";"bares";"R. Oratório, 749 - Bangú, Santo André - SP, 09280-550";"Santo André";"3.734";"dom: 19:00–00:00; seg, ter, qua, qui, sex, sáb: 08:00–00:00";"-23.6415348";"-46.524498";"fonte secundária; funcionamento atual não confirmado";"";"https://www.locaisdobrasil.com.br/encontre/bares/santo-andre-sp/bar-bonsucesso/660d1b40a3f2688d6da69114";"Potencial — confirmar perfil/operação";"2";"Não";"Possível bar para resenha";"Categoria/nome sugerem bar, mas faltou informação específica e confiável sobre consumo no local, ambiente, proposta ou operação atual.";"Triagem pelo cadastro; sem corroboração específica";"Não verificado";"Não confirmada diretamente nesta pesquisa";"Confirmar proposta, operação, acesso e endereço em canal da própria casa.";"2026-10-05";"https://www.locaisdobrasil.com.br/encontre/bares/santo-andre-sp/bar-bonsucesso/660d1b40a3f2688d6da69114";"Ficha correspondente (HTTP 200): https://www.locaisdobrasil.com.br/encontre/bares/santo-andre-sp/bar-bonsucesso/660d1b40a3f2688d6da69114 | Sem ficha correspondente (HTTP 404): https://restaurantguru.com.br/bar-bonsucesso-santo-andre"
"O Quintal Restaurante";"buffet";"Alameda Vieira de Carvalho, 100 - Santa Teresinha, Santo André - SP, 09210-630";"Santo André";"3.743";"seg, ter, qua, qui, sex, sáb: 11:15–14:15";"-23.6346065";"-46.53185130000001";"fonte secundária; funcionamento atual não confirmado";"Confirmar espaço físico para festas; categoria pode incluir restaurante ou serviço de alimentação.";"https://www.locaisdobrasil.com.br/encontre/buffet/santo-andre-sp/o-quintal-restaurante/66dabcce8f35afd718413861";"Baixa prioridade — sem evidência de rolê";"4";"Não";"Restaurante, buffet ou espaço de eventos";"Não foi localizada evidência suficiente de bar/resenha ou festas abertas ao público. Categoria/nome sugerem alimentação, comércio ou eventos sob contratação; não é exclusão definitiva.";"Triagem conservadora do cadastro";"Não verificado";"Não confirmada diretamente nesta pesquisa";"Reavaliar se houver prova de bar ou programação pública de festas.";"2026-10-05";"https://www.locaisdobrasil.com.br/encontre/buffet/santo-andre-sp/o-quintal-restaurante/66dabcce8f35afd718413861";"Ficha correspondente (HTTP 200): https://www.locaisdobrasil.com.br/encontre/buffet/santo-andre-sp/o-quintal-restaurante/66dabcce8f35afd718413861"
"Bar do sabia";"bares";"Av. Itamarati, 351 - Parque Jaçatuba, Santo André - SP, 09290-730";"Santo André";"3.753";"dom: 10:00–00:00; seg, ter: 07:00–02:00; qua, qui: 07:00–03:00; sex: 07:00–03:30; sáb: 07:00–04:00";"-23.647927300000003";"-46.520255";"fonte secundária; funcionamento atual não confirmado";"";"https://www.locaisdobrasil.com.br/encontre/bares/santo-andre-sp/bar-do-sabia/660d1b2da3f2688d6da6910f";"Potencial — confirmar perfil/operação";"2";"Não";"Possível bar para resenha";"Categoria/nome sugerem bar, mas faltou informação específica e confiável sobre consumo no local, ambiente, proposta ou operação atual.";"Triagem pelo cadastro; sem corroboração específica";"Não verificado";"Não confirmada diretamente nesta pesquisa";"Confirmar proposta, operação, acesso e endereço em canal da própria casa.";"2026-10-05";"https://www.locaisdobrasil.com.br/encontre/bares/santo-andre-sp/bar-do-sabia/660d1b2da3f2688d6da6910f";"Ficha correspondente (HTTP 200): https://www.locaisdobrasil.com.br/encontre/bares/santo-andre-sp/bar-do-sabia/660d1b2da3f2688d6da6910f | Sem ficha correspondente (HTTP 200): https://restaurantguru.com.br/Bar-Do-Sabia-Santo-Andre"
"Boa Fonte Distribuidora de Água e Bebidas / (11) 99817-7964 WhatsApp";"fornecedor-de-bebidas";"R. Amazonas, 2209 - Oswaldo Cruz, São Caetano do Sul - SP, 09540-204";"São Caetano do Sul";"3.756";"seg, ter, qua, qui, sex: 09:00–17:30; sáb: 09:00–12:00";"-23.630665";"-46.569207899999995";"fonte secundária; funcionamento atual não confirmado";"Categoria ampla: inclui distribuidor, depósito e água; confirmar se é adega.";"https://www.locaisdobrasil.com.br/encontre/fornecedor-de-bebidas/sao-caetano-do-sul-sp/boa-fonte-distribuidora-de-agua-e-bebidas-11-99817-7964-whatsapp/652e9b93a560c09a5b14d818";"Fora do foco atual";"5";"Não";"Fornecedor/serviço, não local de encontro";"Atividade identificada como fornecimento de água, serviço de evento, equipamento ou refrigeração; não há evidência de bar para permanecer.";"Nome/atividade registrada — triagem editorial";"Não verificado";"Não confirmada diretamente nesta pesquisa";"Manter no histórico; não incluir no catálogo atual.";"2026-10-05";"https://www.locaisdobrasil.com.br/encontre/fornecedor-de-bebidas/sao-caetano-do-sul-sp/boa-fonte-distribuidora-de-agua-e-bebidas-11-99817-7964-whatsapp/652e9b93a560c09a5b14d818";"Ficha correspondente (HTTP 200): https://www.locaisdobrasil.com.br/encontre/fornecedor-de-bebidas/sao-caetano-do-sul-sp/boa-fonte-distribuidora-de-agua-e-bebidas-11-99817-7964-whatsapp/652e9b93a560c09a5b14d818"
"Adega Prime";"fornecedor-de-bebidas";"Av. Pres. Juscelino, 1529 - Piraporinha, Diadema - SP, 09950-810";"Diadema";"3.759";"dom, seg, ter, qua, qui: 10:00–00:00; sex, sáb: 10:00–03:00";"-23.6819034";"-46.5834147";"fonte secundária; funcionamento atual não confirmado";"Categoria ampla: inclui distribuidor, depósito e água; confirmar se é adega.";"https://www.locaisdobrasil.com.br/encontre/fornecedor-de-bebidas/diadema-sp/adega-prime/652eb0d5a560c09a5b14ecf3";"Pendente — consumo no local";"3";"Não";"Adega/bebidas — permanência não confirmada";"Venda/preparo de bebidas não comprova mesas, consumo no local ou ambiente de resenha; verificar antes de incluir.";"Categoria/nome do levantamento";"Não verificado";"Não confirmada diretamente nesta pesquisa";"Confirmar mesas/permanência e consumo no local; não inserir somente por vender bebidas.";"2026-10-05";"https://www.locaisdobrasil.com.br/encontre/fornecedor-de-bebidas/diadema-sp/adega-prime/652eb0d5a560c09a5b14ecf3";"Ficha correspondente (HTTP 200): https://www.locaisdobrasil.com.br/encontre/fornecedor-de-bebidas/diadema-sp/adega-prime/652eb0d5a560c09a5b14ecf3 | Sem ficha correspondente (HTTP 404): https://restaurantguru.com.br/adega-prime-diadema"
"Buffet Laguna";"buffet";"R. Amazonas, 2196 - Oswaldo Cruz, São Caetano do Sul - SP, 09540-204";"São Caetano do Sul";"3.786";"seg, ter, qua, qui, sex, sáb: 09:00–20:00";"-23.630492999999998";"-46.569494";"fonte secundária; funcionamento atual não confirmado";"Confirmar espaço físico para festas; categoria pode incluir restaurante ou serviço de alimentação.";"https://www.locaisdobrasil.com.br/encontre/buffet/sao-caetano-do-sul-sp/buffet-laguna/66da904f8f35afd71840fca0";"Baixa prioridade — sem evidência de rolê";"4";"Não";"Restaurante, buffet ou espaço de eventos";"Não foi localizada evidência suficiente de bar/resenha ou festas abertas ao público. Categoria/nome sugerem alimentação, comércio ou eventos sob contratação; não é exclusão definitiva.";"Triagem conservadora do cadastro";"Não verificado";"Não confirmada diretamente nesta pesquisa";"Reavaliar se houver prova de bar ou programação pública de festas.";"2026-10-05";"https://www.locaisdobrasil.com.br/encontre/buffet/sao-caetano-do-sul-sp/buffet-laguna/66da904f8f35afd71840fca0";"Ficha correspondente (HTTP 200): https://www.locaisdobrasil.com.br/encontre/buffet/sao-caetano-do-sul-sp/buffet-laguna/66da904f8f35afd71840fca0"
"Imperium Café";"casa-noturna";"Av. Redenção, 502 - Jardim do Mar, São Bernardo do Campo - SP, 09725-680";"São Bernardo do Campo";"3.793";"dom, seg, ter, qua: 18:00–04:00; qui, sex, sáb: 18:00–05:00";"-23.695538";"-46.5554814";"fonte secundária; funcionamento atual não confirmado";"Categoria do diretório não garante balada; confirmar tipo de atividade.";"https://www.locaisdobrasil.com.br/encontre/casa-noturna/sao-bernardo-do-campo-sp/imperium-cafe/646766a46f16b70535a5ef99";"Pendente — perfil não esclarecido";"3";"Não";"Casa noturna — tipo de acesso/perfil a confirmar";"Categoria de casa noturna é insuficiente para distinguir festas públicas, atendimento reservado ou cadastro incorreto; confirmar proposta e agenda.";"Ficha correspondente, sem esclarecimento suficiente";"Não verificado";"Não confirmada diretamente nesta pesquisa";"Confirmar proposta, operação, acesso e endereço em canal da própria casa.";"2026-10-05";"https://www.locaisdobrasil.com.br/encontre/casa-noturna/sao-bernardo-do-campo-sp/imperium-cafe/646766a46f16b70535a5ef99 | https://restaurantguru.com.br/Imperium-Cafe-Sao-Bernardo-do-Campo";"Ficha correspondente (HTTP 200): https://www.locaisdobrasil.com.br/encontre/casa-noturna/sao-bernardo-do-campo-sp/imperium-cafe/646766a46f16b70535a5ef99 | Ficha correspondente (HTTP 200): https://restaurantguru.com.br/Imperium-Cafe-Sao-Bernardo-do-Campo"
"Cravo e Canela Lounge Eventos";"salao-de-festas";"Av. Getúlio Vargas, 655 - Baeta Neves, São Bernardo do Campo - SP, 09751-250";"São Bernardo do Campo";"3.793";"sex: 20:00–02:30";"-23.694349600000002";"-46.5441905";"fonte secundária; funcionamento atual não confirmado";"";"https://www.locaisdobrasil.com.br/encontre/salao-de-festas/sao-bernardo-do-campo-sp/cravo-e-canela-lounge-eventos/660be716d622f2b541167f8d";"Baixa prioridade — sem evidência de rolê";"4";"Não";"Restaurante, buffet ou espaço de eventos";"Não foi localizada evidência suficiente de bar/resenha ou festas abertas ao público. Categoria/nome sugerem alimentação, comércio ou eventos sob contratação; não é exclusão definitiva.";"Triagem conservadora do cadastro";"Não verificado";"Não confirmada diretamente nesta pesquisa";"Reavaliar se houver prova de bar ou programação pública de festas.";"2026-10-05";"https://www.locaisdobrasil.com.br/encontre/salao-de-festas/sao-bernardo-do-campo-sp/cravo-e-canela-lounge-eventos/660be716d622f2b541167f8d";"Ficha correspondente (HTTP 200): https://www.locaisdobrasil.com.br/encontre/salao-de-festas/sao-bernardo-do-campo-sp/cravo-e-canela-lounge-eventos/660be716d622f2b541167f8d | Sem ficha correspondente (HTTP 404): https://restaurantguru.com.br/cravo-e-canela-lounge-eventos-sao-bernardo-do-campo"
"Restaurante Nordestão";"buffet";"Av. Lucas Nogueira Garcez, 111 - Jardim do Mar, São Bernardo do Campo - SP, 09750-600";"São Bernardo do Campo";"3.797";"dom, sáb: 11:30–16:00; seg, ter, qua, qui, sex: 11:30–15:00";"-23.6955876";"-46.5531321";"fonte secundária; funcionamento atual não confirmado";"Confirmar espaço físico para festas; categoria pode incluir restaurante ou serviço de alimentação.";"https://www.locaisdobrasil.com.br/encontre/buffet/sao-bernardo-do-campo-sp/restaurante-nordestao/66db0f2e8f35afd718417bd1";"Baixa prioridade — sem evidência de rolê";"4";"Não";"Restaurante, buffet ou espaço de eventos";"Não foi localizada evidência suficiente de bar/resenha ou festas abertas ao público. Categoria/nome sugerem alimentação, comércio ou eventos sob contratação; não é exclusão definitiva.";"Triagem conservadora do cadastro";"Não verificado";"Não confirmada diretamente nesta pesquisa";"Reavaliar se houver prova de bar ou programação pública de festas.";"2026-10-05";"https://www.locaisdobrasil.com.br/encontre/buffet/sao-bernardo-do-campo-sp/restaurante-nordestao/66db0f2e8f35afd718417bd1";"Ficha correspondente (HTTP 200): https://www.locaisdobrasil.com.br/encontre/buffet/sao-bernardo-do-campo-sp/restaurante-nordestao/66db0f2e8f35afd718417bd1"
"Animal Beer";"bares";"R. Carijós, 651 - Vila Alzira, Santo André - SP, 09180-971";"Santo André";"3.811";"dom: 12:00–20:00; qua, qui, sex, sáb: 14:00–22:00";"-23.6762941";"-46.520285900000005";"fonte secundária; funcionamento atual não confirmado";"";"https://www.locaisdobrasil.com.br/encontre/bares/santo-andre-sp/animal-beer/672b6b589f5ed1f39589300f";"Potencial — confirmar perfil/operação";"2";"Não";"Possível bar para resenha";"Categoria/nome sugerem bar, mas faltou informação específica e confiável sobre consumo no local, ambiente, proposta ou operação atual.";"Triagem pelo cadastro; sem corroboração específica";"Não verificado";"Não confirmada diretamente nesta pesquisa";"Confirmar proposta, operação, acesso e endereço em canal da própria casa.";"2026-10-05";"https://www.locaisdobrasil.com.br/encontre/bares/santo-andre-sp/animal-beer/672b6b589f5ed1f39589300f";"Ficha correspondente (HTTP 200): https://www.locaisdobrasil.com.br/encontre/bares/santo-andre-sp/animal-beer/672b6b589f5ed1f39589300f | Sem ficha correspondente (HTTP 200): https://restaurantguru.com.br/Animal-Beer-Santo-Andre"
"House Beer";"bares";"Av. Lucas Nogueira Garcez, 89 - Centro, São Bernardo do Campo - SP, 09750-670";"São Bernardo do Campo";"3.816";"seg, ter, qua, qui, sex: 19:00–00:00; sáb: 00:00–17:00";"-23.6957586";"-46.552993199999996";"fonte secundária; funcionamento atual não confirmado";"";"https://www.locaisdobrasil.com.br/encontre/bares/sao-bernardo-do-campo-sp/house-beer/660c51a9d622f2b54116a284";"Não incluir — indicação de fechamento";"6";"Não";"Operação com indicação de encerramento";"Ficha correspondente ao endereço sinaliza encerramento permanente; horários antigos não comprovam abertura.";"Ficha secundária correspondente";"Não verificado";"Não confirmada diretamente nesta pesquisa";"Não publicar; reavaliar somente com prova de reabertura.";"2026-10-05";"https://restaurantguru.com.br/Mr-Beer-Sao-Bernardo-do-Campo-6";"Ficha correspondente (HTTP 200): https://www.locaisdobrasil.com.br/encontre/bares/sao-bernardo-do-campo-sp/house-beer/660c51a9d622f2b54116a284 | Ficha correspondente (HTTP 200): https://restaurantguru.com.br/Mr-Beer-Sao-Bernardo-do-Campo-6"
"Buteko Zé do Brejo";"bares";"Av. Vital Brasil Filho, 701 - Olímpico, São Caetano do Sul - SP, 09541-130";"São Caetano do Sul";"3.818";"ter, qua, qui, sex: 12:00–22:00; sáb: 12:00–19:00";"-23.628331499999998";"-46.5639238";"fonte secundária; funcionamento atual não confirmado";"";"https://www.locaisdobrasil.com.br/encontre/bares/sao-caetano-do-sul-sp/buteko-ze-do-brejo/660c05c2d622f2b5411689f6";"Priorizar — perfil corroborado";"1";"Não";"Bar para conversa e bebidas";"Ficha no endereço correspondente apresenta bebidas/petiscos no contexto de bar. Perfil compatível inferido; público universitário e preço acessível não comprovados.";"Perfil descrito em ficha/avaliações secundárias; operação pendente";"Não verificado";"Não confirmada diretamente nesta pesquisa";"Confirmar operação/horários diretamente; conferir endereço, fotos e acesso antes de cadastrar.";"2026-10-05";"https://restaurantguru.com.br/Buteko-Ze-do-Brejo-Sao-Caetano-do-Sul";"Ficha correspondente (HTTP 200): https://www.locaisdobrasil.com.br/encontre/bares/sao-caetano-do-sul-sp/buteko-ze-do-brejo/660c05c2d622f2b5411689f6 | Ficha correspondente (HTTP 200): https://restaurantguru.com.br/Buteko-Ze-do-Brejo-Sao-Caetano-do-Sul"
"LEANDRINI ROCK BAR";"bares";"Rua Oswaldo Cruz, 1411 - Santa Paula, São Caetano do Sul - SP, 09540-280";"São Caetano do Sul";"3.831";"dom: 12:00–19:00; qua, qui: 17:00–01:00; sex: 17:00–02:00; sáb: 12:00–02:00";"-23.629298900000002";"-46.5675424";"fonte secundária; funcionamento atual não confirmado";"";"https://www.locaisdobrasil.com.br/encontre/bares/sao-caetano-do-sul-sp/leandrini-rock-bar/660f6f97a451b0ad1fb9c3dc";"Priorizar — perfil corroborado";"1";"Não";"Bar com música ao vivo";"Ficha no endereço correspondente apresenta música ao vivo, bebidas/petiscos no contexto de bar. Perfil compatível inferido; público universitário e preço acessível não comprovados.";"Perfil descrito em ficha/avaliações secundárias; operação pendente";"Não verificado";"Não confirmada diretamente nesta pesquisa";"Confirmar operação/horários diretamente; conferir endereço, fotos e acesso antes de cadastrar.";"2026-10-05";"https://restaurantguru.com.br/LEANDRINI-ROCK-BAR-Sao-Caetano-do-Sul";"Ficha correspondente (HTTP 200): https://www.locaisdobrasil.com.br/encontre/bares/sao-caetano-do-sul-sp/leandrini-rock-bar/660f6f97a451b0ad1fb9c3dc | Ficha correspondente (HTTP 200): https://restaurantguru.com.br/LEANDRINI-ROCK-BAR-Sao-Caetano-do-Sul"
"Restaurante Comida di Buteco Finezza";"buffet";"Centro Comercial - R. M.m.d.c., Loja 05 - Paulicéia, São Bernardo do Campo - SP, 09690-000";"São Bernardo do Campo";"3.856";"seg, ter, qua, qui, sex, sáb: 11:30–15:00";"-23.671697299999998";"-46.590186499999994";"fonte secundária; funcionamento atual não confirmado";"Confirmar espaço físico para festas; categoria pode incluir restaurante ou serviço de alimentação.";"https://www.locaisdobrasil.com.br/encontre/buffet/sao-bernardo-do-campo-sp/restaurante-comida-di-buteco-finezza/66de7591a0d134ad69f9e2ff";"Baixa prioridade — sem evidência de rolê";"4";"Não";"Restaurante, buffet ou espaço de eventos";"Não foi localizada evidência suficiente de bar/resenha ou festas abertas ao público. Categoria/nome sugerem alimentação, comércio ou eventos sob contratação; não é exclusão definitiva.";"Triagem conservadora do cadastro";"Não verificado";"Não confirmada diretamente nesta pesquisa";"Reavaliar se houver prova de bar ou programação pública de festas.";"2026-10-05";"https://www.locaisdobrasil.com.br/encontre/buffet/sao-bernardo-do-campo-sp/restaurante-comida-di-buteco-finezza/66de7591a0d134ad69f9e2ff";"Ficha correspondente (HTTP 200): https://www.locaisdobrasil.com.br/encontre/buffet/sao-bernardo-do-campo-sp/restaurante-comida-di-buteco-finezza/66de7591a0d134ad69f9e2ff"
"Restaurante Nova Veneza";"buffet";"Av. Dom Pedro II, 3603 - Campestre, Santo André - SP, 09080-111";"Santo André";"3.879";"seg, ter, qua, qui, sex: 11:30–14:30";"-23.6270855";"-46.547488799999996";"fonte secundária; funcionamento atual não confirmado";"Confirmar espaço físico para festas; categoria pode incluir restaurante ou serviço de alimentação.";"https://www.locaisdobrasil.com.br/encontre/buffet/santo-andre-sp/restaurante-nova-veneza/66db8cab58c8e2634b991f68";"Baixa prioridade — sem evidência de rolê";"4";"Não";"Restaurante, buffet ou espaço de eventos";"Não foi localizada evidência suficiente de bar/resenha ou festas abertas ao público. Categoria/nome sugerem alimentação, comércio ou eventos sob contratação; não é exclusão definitiva.";"Triagem conservadora do cadastro";"Não verificado";"Não confirmada diretamente nesta pesquisa";"Reavaliar se houver prova de bar ou programação pública de festas.";"2026-10-05";"https://www.locaisdobrasil.com.br/encontre/buffet/santo-andre-sp/restaurante-nova-veneza/66db8cab58c8e2634b991f68";"Ficha correspondente (HTTP 200): https://www.locaisdobrasil.com.br/encontre/buffet/santo-andre-sp/restaurante-nova-veneza/66db8cab58c8e2634b991f68"
"Bar do Japa";"bares";"R. Juquiá, 1408 - Vila Eldizia, Santo André - SP, 09181-720";"Santo André";"3.879";"dom: 08:30–16:00; seg, ter, qua, qui: 13:00–22:00; sex, sáb: 13:00–23:00";"-23.6822067";"-46.523403900000005";"fonte secundária; funcionamento atual não confirmado";"";"https://www.locaisdobrasil.com.br/encontre/bares/santo-andre-sp/bar-do-japa/660d1b1da3f2688d6da6910a";"Priorizar — perfil corroborado";"1";"Não";"Bar/karaokê";"Ficha no endereço correspondente apresenta karaokê, sinuca/bilhar, bebidas/petiscos no contexto de bar. Perfil compatível inferido; público universitário e preço acessível não comprovados.";"Perfil descrito em ficha/avaliações secundárias; operação pendente";"Não verificado";"Não confirmada diretamente nesta pesquisa";"Confirmar operação/horários diretamente; conferir endereço, fotos e acesso antes de cadastrar.";"2026-10-05";"https://restaurantguru.com.br/Bar-do-japa-Santo-Andre";"Ficha correspondente (HTTP 200): https://www.locaisdobrasil.com.br/encontre/bares/santo-andre-sp/bar-do-japa/660d1b1da3f2688d6da6910a | Ficha correspondente (HTTP 200): https://restaurantguru.com.br/Bar-do-japa-Santo-Andre"
"Japa Rolling Club";"bares";"Av. Industrial, 3413 - Jardim, Santo André - SP, 09521-300";"Santo André";"3.883";"ter, qua, qui: 18:00–00:00; sex, sáb: 18:00–02:00";"-23.627164399999998";"-46.5467691";"fonte secundária; funcionamento atual não confirmado";"";"https://www.locaisdobrasil.com.br/encontre/bares/santo-andre-sp/japa-rolling-club/660d1b55a3f2688d6da6911a";"Potencial — confirmar perfil/operação";"2";"Não";"Possível bar para resenha";"Categoria/nome sugerem bar, mas faltou informação específica e confiável sobre consumo no local, ambiente, proposta ou operação atual.";"Triagem pelo cadastro; sem corroboração específica";"Não verificado";"Não confirmada diretamente nesta pesquisa";"Confirmar proposta, operação, acesso e endereço em canal da própria casa.";"2026-10-05";"https://www.locaisdobrasil.com.br/encontre/bares/santo-andre-sp/japa-rolling-club/660d1b55a3f2688d6da6911a";"Ficha correspondente (HTTP 200): https://www.locaisdobrasil.com.br/encontre/bares/santo-andre-sp/japa-rolling-club/660d1b55a3f2688d6da6911a | Sem ficha correspondente (HTTP 404): https://restaurantguru.com.br/japa-rolling-club-santo-andre"
"Restaurante Caramelo";"buffet";"R. Taipas, 441 - Santa Maria, São Caetano do Sul - SP, 09560-200";"São Caetano do Sul";"3.895";"seg, ter, qua, qui, sex, sáb: 10:30–15:00";"-23.6264345";"-46.5530423";"fonte secundária; funcionamento atual não confirmado";"Confirmar espaço físico para festas; categoria pode incluir restaurante ou serviço de alimentação.";"https://www.locaisdobrasil.com.br/encontre/buffet/sao-caetano-do-sul-sp/restaurante-caramelo/66da901d8f35afd71840fc3d";"Baixa prioridade — sem evidência de rolê";"4";"Não";"Restaurante, buffet ou espaço de eventos";"Não foi localizada evidência suficiente de bar/resenha ou festas abertas ao público. Categoria/nome sugerem alimentação, comércio ou eventos sob contratação; não é exclusão definitiva.";"Triagem conservadora do cadastro";"Não verificado";"Não confirmada diretamente nesta pesquisa";"Reavaliar se houver prova de bar ou programação pública de festas.";"2026-10-05";"https://www.locaisdobrasil.com.br/encontre/buffet/sao-caetano-do-sul-sp/restaurante-caramelo/66da901d8f35afd71840fc3d";"Ficha correspondente (HTTP 200): https://www.locaisdobrasil.com.br/encontre/buffet/sao-caetano-do-sul-sp/restaurante-caramelo/66da901d8f35afd71840fc3d"
"São Caetano Águas";"fornecedor-de-bebidas";"R. Eng. Rebouças, 1059 - Oswaldo Cruz, São Caetano do Sul - SP, 09540-000";"São Caetano do Sul";"3.904";"seg, ter, qua, qui, sex: 08:00–18:00; sáb: 08:00–14:00";"-23.6280362";"-46.5657912";"fonte secundária; funcionamento atual não confirmado";"Categoria ampla: inclui distribuidor, depósito e água; confirmar se é adega.";"https://www.locaisdobrasil.com.br/encontre/fornecedor-de-bebidas/sao-caetano-do-sul-sp/sao-caetano-aguas/652e9b9aa560c09a5b14d81f";"Fora do foco atual";"5";"Não";"Fornecedor/serviço, não local de encontro";"Atividade identificada como fornecimento de água, serviço de evento, equipamento ou refrigeração; não há evidência de bar para permanecer.";"Nome/atividade registrada — triagem editorial";"Não verificado";"Não confirmada diretamente nesta pesquisa";"Manter no histórico; não incluir no catálogo atual.";"2026-10-05";"https://www.locaisdobrasil.com.br/encontre/fornecedor-de-bebidas/sao-caetano-do-sul-sp/sao-caetano-aguas/652e9b9aa560c09a5b14d81f";"Ficha correspondente (HTTP 200): https://www.locaisdobrasil.com.br/encontre/fornecedor-de-bebidas/sao-caetano-do-sul-sp/sao-caetano-aguas/652e9b9aa560c09a5b14d81f"
"Bar do Alex";"bares";"Av. Tijucussú, 494 - Olímpico, São Caetano do Sul - SP, 09540-700";"São Caetano do Sul";"3.924";"dom: 10:00–15:00; ter, qua, qui, sex: 10:00–22:30; sáb: 10:00–20:30";"-23.6268463";"-46.5615769";"fonte secundária; funcionamento atual não confirmado";"";"https://www.locaisdobrasil.com.br/encontre/bares/sao-caetano-do-sul-sp/bar-do-alex/660f6f5ca451b0ad1fb9c3be";"Potencial — confirmar perfil/operação";"2";"Não";"Possível bar para resenha";"Categoria/nome sugerem bar, mas faltou informação específica e confiável sobre consumo no local, ambiente, proposta ou operação atual.";"Triagem pelo cadastro; sem corroboração específica";"Não verificado";"Não confirmada diretamente nesta pesquisa";"Confirmar proposta, operação, acesso e endereço em canal da própria casa.";"2026-10-05";"https://www.locaisdobrasil.com.br/encontre/bares/sao-caetano-do-sul-sp/bar-do-alex/660f6f5ca451b0ad1fb9c3be";"Ficha correspondente (HTTP 200): https://www.locaisdobrasil.com.br/encontre/bares/sao-caetano-do-sul-sp/bar-do-alex/660f6f5ca451b0ad1fb9c3be | Sem ficha correspondente (HTTP 200): https://restaurantguru.com.br/Bar-do-Alex-Sao-Caetano-do-Sul"
"Botecaria Tô Chegando";"bares";"R. Eng. Armando de Arruda Pereira, 1286 - Cerâmica, São Caetano do Sul - SP, 09581-170";"São Caetano do Sul";"3.926";"Não localizado";"-23.6334621";"-46.5775197";"fonte secundária; funcionamento atual não confirmado";"";"https://www.locaisdobrasil.com.br/encontre/bares/sao-caetano-do-sul-sp/botecaria-to-chegando/660f6fc9a451b0ad1fb9c3f5";"Potencial — confirmar perfil/operação";"2";"Não";"Possível bar para resenha";"Categoria/nome sugerem bar, mas faltou informação específica e confiável sobre consumo no local, ambiente, proposta ou operação atual.";"Triagem pelo cadastro; sem corroboração específica";"Não verificado";"Não confirmada diretamente nesta pesquisa";"Confirmar proposta, operação, acesso e endereço em canal da própria casa.";"2026-10-05";"https://www.locaisdobrasil.com.br/encontre/bares/sao-caetano-do-sul-sp/botecaria-to-chegando/660f6fc9a451b0ad1fb9c3f5";"Ficha correspondente (HTTP 200): https://www.locaisdobrasil.com.br/encontre/bares/sao-caetano-do-sul-sp/botecaria-to-chegando/660f6fc9a451b0ad1fb9c3f5 | Sem ficha correspondente (HTTP 200): https://restaurantguru.com.br/Botecaria-To-Chegando-Sao-Caetano-do-Sul"
"Bar e restaurante da preta";"bares";"Av. Pres. Juscelino, 1319 - Piraporinha, Diadema - SP, 09950-785";"Diadema";"3.928";"dom, seg, ter, qua, qui, sex, sáb: 08:00–23:00";"-23.682288";"-46.5851657";"fonte secundária; funcionamento atual não confirmado";"";"https://www.locaisdobrasil.com.br/encontre/bares/diadema-sp/bar-e-restaurante-da-preta/660c3b5dd622f2b541169b73";"Priorizar — perfil corroborado";"1";"Não";"Bar para conversa e bebidas";"Ficha no endereço correspondente apresenta bebidas/petiscos no contexto de bar. Perfil compatível inferido; público universitário e preço acessível não comprovados.";"Perfil descrito em ficha/avaliações secundárias; operação pendente";"Não verificado";"Não confirmada diretamente nesta pesquisa";"Confirmar operação/horários diretamente; conferir endereço, fotos e acesso antes de cadastrar.";"2026-10-05";"https://restaurantguru.com.br/Bar-e-restaurante-da-preta-Diadema";"Ficha correspondente (HTTP 200): https://www.locaisdobrasil.com.br/encontre/bares/diadema-sp/bar-e-restaurante-da-preta/660c3b5dd622f2b541169b73 | Ficha correspondente (HTTP 200): https://restaurantguru.com.br/Bar-e-restaurante-da-preta-Diadema"
"Quintal Drinks";"fornecedor-de-bebidas";"R. Recife, 185 - Jardim Gagliardi, São Bernardo do Campo - SP, 09890-110";"São Bernardo do Campo";"3.937";"dom, sáb: 10:00–01:00; seg, ter, qua, qui, sex: 11:00–01:00";"-23.6940582";"-46.569081499999996";"fonte secundária; funcionamento atual não confirmado";"Categoria ampla: inclui distribuidor, depósito e água; confirmar se é adega.";"https://www.locaisdobrasil.com.br/encontre/fornecedor-de-bebidas/sao-bernardo-do-campo-sp/quintal-drinks/652eb21ca560c09a5b14ee2c";"Pendente — consumo no local";"3";"Não";"Adega/bebidas — permanência não confirmada";"Venda/preparo de bebidas não comprova mesas, consumo no local ou ambiente de resenha; verificar antes de incluir.";"Ficha correspondente, consumo não esclarecido";"Não verificado";"Não confirmada diretamente nesta pesquisa";"Confirmar mesas/permanência e consumo no local; não inserir somente por vender bebidas.";"2026-10-05";"https://www.locaisdobrasil.com.br/encontre/fornecedor-de-bebidas/sao-bernardo-do-campo-sp/quintal-drinks/652eb21ca560c09a5b14ee2c | https://restaurantguru.com.br/Quintal-Drinks-Sao-Bernardo-do-Campo";"Ficha correspondente (HTTP 200): https://www.locaisdobrasil.com.br/encontre/fornecedor-de-bebidas/sao-bernardo-do-campo-sp/quintal-drinks/652eb21ca560c09a5b14ee2c | Ficha correspondente (HTTP 200): https://restaurantguru.com.br/Quintal-Drinks-Sao-Bernardo-do-Campo"
"Boteco da Marcinha";"bares";"R. Japão, 209 - Parque das Nações, Santo André - SP, 09240-170";"Santo André";"3.938";"dom: 13:00–20:00; seg, ter, qua, qui, sex: 15:00–23:00; sáb: 12:30–23:00";"-23.6365269";"-46.5265576";"fonte secundária; funcionamento atual não confirmado";"";"https://www.locaisdobrasil.com.br/encontre/bares/santo-andre-sp/boteco-da-marcinha/660d1b23a3f2688d6da6910c";"Priorizar — perfil corroborado";"1";"Não";"Bar para conversa e bebidas";"Ficha no endereço correspondente apresenta bebidas/petiscos no contexto de bar. Perfil compatível inferido; público universitário e preço acessível não comprovados.";"Perfil descrito em ficha/avaliações secundárias; operação pendente";"Não verificado";"Não confirmada diretamente nesta pesquisa";"Confirmar operação/horários diretamente; conferir endereço, fotos e acesso antes de cadastrar.";"2026-10-05";"https://restaurantguru.com.br/Boteco-Da-Marcinha-Santo-Andre";"Ficha correspondente (HTTP 200): https://www.locaisdobrasil.com.br/encontre/bares/santo-andre-sp/boteco-da-marcinha/660d1b23a3f2688d6da6910c | Ficha correspondente (HTTP 200): https://restaurantguru.com.br/Boteco-Da-Marcinha-Santo-Andre"
"Terraço Araguaia";"salao-de-festas";"Rua Araguaia, 233 - piso superior - Vila Curuca, Santo André - SP, 09291-230";"Santo André";"3.939";"Não localizado";"-23.6438125";"-46.520483299999995";"fonte secundária; funcionamento atual não confirmado";"";"https://www.locaisdobrasil.com.br/encontre/salao-de-festas/santo-andre-sp/terraco-araguaia/62a1514c6e1550eac4c740fa";"Baixa prioridade — sem evidência de rolê";"4";"Não";"Restaurante, buffet ou espaço de eventos";"Não foi localizada evidência suficiente de bar/resenha ou festas abertas ao público. Categoria/nome sugerem alimentação, comércio ou eventos sob contratação; não é exclusão definitiva.";"Triagem conservadora do cadastro";"Não verificado";"Não confirmada diretamente nesta pesquisa";"Reavaliar se houver prova de bar ou programação pública de festas.";"2026-10-05";"https://www.locaisdobrasil.com.br/encontre/salao-de-festas/santo-andre-sp/terraco-araguaia/62a1514c6e1550eac4c740fa";"Ficha correspondente (HTTP 200): https://www.locaisdobrasil.com.br/encontre/salao-de-festas/santo-andre-sp/terraco-araguaia/62a1514c6e1550eac4c740fa"
"BEST MARKET COMERCIO DE BEBIDAS";"fornecedor-de-bebidas";"Av. Queirós dos Santos, 1981F - Centro, Santo André - SP, 09015-310";"Santo André";"3.949";"Não localizado";"-23.6641013";"-46.515351599999995";"fonte secundária; funcionamento atual não confirmado";"Categoria ampla: inclui distribuidor, depósito e água; confirmar se é adega.";"https://www.locaisdobrasil.com.br/encontre/fornecedor-de-bebidas/santo-andre-sp/best-market-comercio-de-bebidas/653ba80b5134829987a00122";"Pendente — consumo no local";"3";"Não";"Adega/bebidas — permanência não confirmada";"Venda/preparo de bebidas não comprova mesas, consumo no local ou ambiente de resenha; verificar antes de incluir.";"Categoria/nome do levantamento";"Não verificado";"Não confirmada diretamente nesta pesquisa";"Confirmar mesas/permanência e consumo no local; não inserir somente por vender bebidas.";"2026-10-05";"https://www.locaisdobrasil.com.br/encontre/fornecedor-de-bebidas/santo-andre-sp/best-market-comercio-de-bebidas/653ba80b5134829987a00122";"Ficha correspondente (HTTP 200): https://www.locaisdobrasil.com.br/encontre/fornecedor-de-bebidas/santo-andre-sp/best-market-comercio-de-bebidas/653ba80b5134829987a00122 | Sem ficha correspondente (HTTP 404): https://restaurantguru.com.br/best-market-comercio-de-bebidas-santo-andre"
"Bar do Piauí";"bares";"Av. Pres. Juscelino, 1257 - Piraporinha, Diadema - SP, 09550-370";"Diadema";"3.973";"seg: 11:00–16:00; ter, qua: 11:00–20:00; qui, sex, sáb: 11:00–20:00";"-23.682345899999998";"-46.585660499999996";"fonte secundária; funcionamento atual não confirmado";"";"https://www.locaisdobrasil.com.br/encontre/bares/diadema-sp/bar-do-piaui/660c3affd622f2b541169b54";"Potencial — confirmar perfil/operação";"2";"Não";"Possível bar para resenha";"Categoria/nome sugerem bar, mas faltou informação específica e confiável sobre consumo no local, ambiente, proposta ou operação atual.";"Triagem pelo cadastro; sem corroboração específica";"Não verificado";"Não confirmada diretamente nesta pesquisa";"Confirmar proposta, operação, acesso e endereço em canal da própria casa.";"2026-10-05";"https://www.locaisdobrasil.com.br/encontre/bares/diadema-sp/bar-do-piaui/660c3affd622f2b541169b54";"Ficha correspondente (HTTP 200): https://www.locaisdobrasil.com.br/encontre/bares/diadema-sp/bar-do-piaui/660c3affd622f2b541169b54 | Sem ficha correspondente (HTTP 200): https://restaurantguru.com.br/Bar-do-Piaui-Diadema"
"Buffet Pritha''s Chef a Dois.";"buffet";"R. Londrina, 205 - Vila Bela Vista, Santo André - SP, 09181-160";"Santo André";"3.977";"dom, ter, qua, qui, sex, sáb: 09:00–18:00";"-23.684926200000003";"-46.52456";"fonte secundária; funcionamento atual não confirmado";"Confirmar espaço físico para festas; categoria pode incluir restaurante ou serviço de alimentação.";"https://www.locaisdobrasil.com.br/encontre/buffet/santo-andre-sp/buffet-prithas-chef-a-dois/66dba2cb58c8e2634b9939a2";"Baixa prioridade — sem evidência de rolê";"4";"Não";"Restaurante, buffet ou espaço de eventos";"Não foi localizada evidência suficiente de bar/resenha ou festas abertas ao público. Categoria/nome sugerem alimentação, comércio ou eventos sob contratação; não é exclusão definitiva.";"Triagem conservadora do cadastro";"Não verificado";"Não confirmada diretamente nesta pesquisa";"Reavaliar se houver prova de bar ou programação pública de festas.";"2026-10-05";"https://www.locaisdobrasil.com.br/encontre/buffet/santo-andre-sp/buffet-prithas-chef-a-dois/66dba2cb58c8e2634b9939a2";"Ficha correspondente (HTTP 200): https://www.locaisdobrasil.com.br/encontre/buffet/santo-andre-sp/buffet-prithas-chef-a-dois/66dba2cb58c8e2634b9939a2"
"Sirigas Bar";"bares";"R. Joana Angélica, 151 - Barcelona, São Caetano do Sul - SP, 09551-050";"São Caetano do Sul";"3.988";"seg, ter, qua, qui, sex, sáb: 17:00–23:00";"-23.6259774";"-46.5482436";"fonte secundária; funcionamento atual não confirmado";"";"https://www.locaisdobrasil.com.br/encontre/bares/sao-caetano-do-sul-sp/sirigas-bar/660f6f70a451b0ad1fb9c3c8";"Priorizar — perfil corroborado";"1";"Não";"Bar para conversa e bebidas";"Ficha no endereço correspondente apresenta bebidas/petiscos no contexto de bar. Perfil compatível inferido; público universitário e preço acessível não comprovados.";"Perfil descrito em ficha/avaliações secundárias; operação pendente";"Não verificado";"Não confirmada diretamente nesta pesquisa";"Confirmar operação/horários diretamente; conferir endereço, fotos e acesso antes de cadastrar.";"2026-10-05";"https://restaurantguru.com.br/Siriguela-Sao-Caetano-do-Sul";"Ficha correspondente (HTTP 200): https://www.locaisdobrasil.com.br/encontre/bares/sao-caetano-do-sul-sp/sirigas-bar/660f6f70a451b0ad1fb9c3c8 | Ficha correspondente (HTTP 200): https://restaurantguru.com.br/Siriguela-Sao-Caetano-do-Sul"
"Bar Do Carlos";"bares";"Av. Dr. Augusto de Toledo, 1538 - Santa Paula, São Caetano do Sul - SP, 09540-080";"São Caetano do Sul";"3.999";"dom: 08:00–12:00; ter, qui, sex, sáb: 08:00–18:00; qua: 09:00–18:00";"-23.62747";"-46.5668821";"fonte secundária; funcionamento atual não confirmado";"";"https://www.locaisdobrasil.com.br/encontre/bares/sao-caetano-do-sul-sp/bar-do-carlos/660f6f8ba451b0ad1fb9c3d6";"Potencial — confirmar perfil/operação";"2";"Não";"Possível bar para resenha";"Categoria/nome sugerem bar, mas faltou informação específica e confiável sobre consumo no local, ambiente, proposta ou operação atual.";"Ficha correspondente sem detalhes de perfil suficientes";"Não verificado";"Não confirmada diretamente nesta pesquisa";"Confirmar proposta, operação, acesso e endereço em canal da própria casa.";"2026-10-05";"https://www.locaisdobrasil.com.br/encontre/bares/sao-caetano-do-sul-sp/bar-do-carlos/660f6f8ba451b0ad1fb9c3d6 | https://restaurantguru.com.br/Bar-Do-Carlos-Sao-Caetano-do-Sul";"Ficha correspondente (HTTP 200): https://www.locaisdobrasil.com.br/encontre/bares/sao-caetano-do-sul-sp/bar-do-carlos/660f6f8ba451b0ad1fb9c3d6 | Ficha correspondente (HTTP 200): https://restaurantguru.com.br/Bar-Do-Carlos-Sao-Caetano-do-Sul"
"Kid Buum";"salao-de-festas";"Av. Dom Pedro I, 126 - Vila America, Santo André - SP, 09110-000";"Santo André";"4.002";"dom, sáb: 08:00–00:00; seg, ter, qua, qui, sex: 10:00–16:00";"-23.665669400000002";"-46.515001";"fonte secundária; funcionamento atual não confirmado";"";"https://www.locaisdobrasil.com.br/encontre/salao-de-festas/santo-andre-sp/kid-buum/62a150db6e1550eac4c7409c";"Fora do foco atual";"5";"Não";"Festas infantis";"Identificação explícita de buffet/festa infantil; fora do foco de rolê entre universitários adultos.";"Nome/atividade registrada";"Não verificado";"Não confirmada diretamente nesta pesquisa";"Manter no histórico; não incluir no catálogo atual.";"2026-10-05";"https://www.locaisdobrasil.com.br/encontre/salao-de-festas/santo-andre-sp/kid-buum/62a150db6e1550eac4c7409c";"Ficha correspondente (HTTP 200): https://www.locaisdobrasil.com.br/encontre/salao-de-festas/santo-andre-sp/kid-buum/62a150db6e1550eac4c7409c"
"Allegro Buffet";"buffet";"R. Alegre, 1127 - Santa Paula, São Caetano do Sul - SP, 09521-300";"São Caetano do Sul";"4.005";"ter: 09:00–18:00; qua, qui, sex, sáb: 09:00–19:00";"-23.6257009";"-46.5492485";"fonte secundária; funcionamento atual não confirmado";"Confirmar espaço físico para festas; categoria pode incluir restaurante ou serviço de alimentação.";"https://www.locaisdobrasil.com.br/encontre/buffet/sao-caetano-do-sul-sp/allegro-buffet/6712f16f82dd77c30e494920";"Baixa prioridade — sem evidência de rolê";"4";"Não";"Restaurante, buffet ou espaço de eventos";"Não foi localizada evidência suficiente de bar/resenha ou festas abertas ao público. Categoria/nome sugerem alimentação, comércio ou eventos sob contratação; não é exclusão definitiva.";"Triagem conservadora do cadastro";"Não verificado";"Não confirmada diretamente nesta pesquisa";"Reavaliar se houver prova de bar ou programação pública de festas.";"2026-10-05";"https://www.locaisdobrasil.com.br/encontre/buffet/sao-caetano-do-sul-sp/allegro-buffet/6712f16f82dd77c30e494920";"Ficha correspondente (HTTP 200): https://www.locaisdobrasil.com.br/encontre/buffet/sao-caetano-do-sul-sp/allegro-buffet/6712f16f82dd77c30e494920"
"Adega do Marcão São Caetano";"fornecedor-de-bebidas";"Av. Vital Brasil Filho, 498 - Oswaldo Cruz, São Caetano do Sul - SP, 09541-130";"São Caetano do Sul";"4.019";"dom: 11:30–18:00; ter, qua: 18:00–22:00; qui: 12:00–18:00; sex: 18:00–00:00; sáb: 13:00–00:00";"-23.6265139";"-46.5641331";"fonte secundária; funcionamento atual não confirmado";"Categoria ampla: inclui distribuidor, depósito e água; confirmar se é adega.";"https://www.locaisdobrasil.com.br/encontre/fornecedor-de-bebidas/sao-caetano-do-sul-sp/adega-do-marcao-sao-caetano/652e9b97a560c09a5b14d81c";"Pendente — consumo no local";"3";"Não";"Adega/bebidas — permanência não confirmada";"Venda/preparo de bebidas não comprova mesas, consumo no local ou ambiente de resenha; verificar antes de incluir.";"Categoria/nome do levantamento";"Não verificado";"Não confirmada diretamente nesta pesquisa";"Confirmar mesas/permanência e consumo no local; não inserir somente por vender bebidas.";"2026-10-05";"https://www.locaisdobrasil.com.br/encontre/fornecedor-de-bebidas/sao-caetano-do-sul-sp/adega-do-marcao-sao-caetano/652e9b97a560c09a5b14d81c";"Ficha correspondente (HTTP 200): https://www.locaisdobrasil.com.br/encontre/fornecedor-de-bebidas/sao-caetano-do-sul-sp/adega-do-marcao-sao-caetano/652e9b97a560c09a5b14d81c | Sem ficha correspondente (HTTP 404): https://restaurantguru.com.br/adega-do-marcao-sao-caetano-sao-caetano-do-sul"
"Adega Fortes";"fornecedor-de-bebidas";"Av. Dr. Augusto de Toledo, 1511 - Santa Paula, São Caetano do Sul - SP, 09540-080";"São Caetano do Sul";"4.02";"dom: 10:00–15:00; ter, qua: 12:00–20:00; qui, sex: 14:00–22:00; sáb: 12:00–22:00";"-23.6272239";"-46.5667294";"fonte secundária; funcionamento atual não confirmado";"Categoria ampla: inclui distribuidor, depósito e água; confirmar se é adega.";"https://www.locaisdobrasil.com.br/encontre/fornecedor-de-bebidas/sao-caetano-do-sul-sp/adega-fortes/652e9b99a560c09a5b14d81e";"Pendente — consumo no local";"3";"Não";"Adega/bebidas — permanência não confirmada";"Venda/preparo de bebidas não comprova mesas, consumo no local ou ambiente de resenha; verificar antes de incluir.";"Categoria/nome do levantamento";"Não verificado";"Não confirmada diretamente nesta pesquisa";"Confirmar mesas/permanência e consumo no local; não inserir somente por vender bebidas.";"2026-10-05";"https://www.locaisdobrasil.com.br/encontre/fornecedor-de-bebidas/sao-caetano-do-sul-sp/adega-fortes/652e9b99a560c09a5b14d81e";"Ficha correspondente (HTTP 200): https://www.locaisdobrasil.com.br/encontre/fornecedor-de-bebidas/sao-caetano-do-sul-sp/adega-fortes/652e9b99a560c09a5b14d81e | Sem ficha correspondente (HTTP 404): https://restaurantguru.com.br/adega-fortes-sao-caetano-do-sul"
"QG Lounge Bar";"bares";"R. Joana Angélica, 85 - Santa Paula, São Caetano do Sul - SP, 09551-050";"São Caetano do Sul";"4.02";"dom, sáb: 15:00–23:00; seg, ter, qua, qui, sex: 17:00–23:00";"-23.6257397";"-46.547841999999996";"fonte secundária; funcionamento atual não confirmado";"";"https://www.locaisdobrasil.com.br/encontre/bares/sao-caetano-do-sul-sp/qg-lounge-bar/660f6f81a451b0ad1fb9c3d1";"Priorizar — perfil corroborado";"1";"Não";"Bar para conversa e bebidas";"Ficha no endereço correspondente apresenta bebidas/petiscos no contexto de bar. Perfil compatível inferido; público universitário e preço acessível não comprovados.";"Perfil descrito em ficha/avaliações secundárias; operação pendente";"Não verificado";"Não confirmada diretamente nesta pesquisa";"Confirmar operação/horários diretamente; conferir endereço, fotos e acesso antes de cadastrar.";"2026-10-05";"https://restaurantguru.com.br/QG-Lounge-Bar-Sao-Caetano-do-Sul";"Ficha correspondente (HTTP 200): https://www.locaisdobrasil.com.br/encontre/bares/sao-caetano-do-sul-sp/qg-lounge-bar/660f6f81a451b0ad1fb9c3d1 | Ficha correspondente (HTTP 200): https://restaurantguru.com.br/QG-Lounge-Bar-Sao-Caetano-do-Sul"
"MV Aguas";"fornecedor-de-bebidas";"R. Carijós, 1408 - Vila Eldizia, Santo André - SP, 09180-001";"Santo André";"4.034";"seg, ter, qua, qui: 09:00–17:30; sex: 09:00–17:00; sáb: 09:00–14:00";"-23.682941099999997";"-46.5221078";"fonte secundária; funcionamento atual não confirmado";"Categoria ampla: inclui distribuidor, depósito e água; confirmar se é adega.";"https://www.locaisdobrasil.com.br/encontre/fornecedor-de-bebidas/santo-andre-sp/mv-aguas/653ba81e5134829987a00138";"Fora do foco atual";"5";"Não";"Fornecedor/serviço, não local de encontro";"Atividade identificada como fornecimento de água, serviço de evento, equipamento ou refrigeração; não há evidência de bar para permanecer.";"Nome/atividade registrada — triagem editorial";"Não verificado";"Não confirmada diretamente nesta pesquisa";"Manter no histórico; não incluir no catálogo atual.";"2026-10-05";"https://www.locaisdobrasil.com.br/encontre/fornecedor-de-bebidas/santo-andre-sp/mv-aguas/653ba81e5134829987a00138";"Ficha correspondente (HTTP 200): https://www.locaisdobrasil.com.br/encontre/fornecedor-de-bebidas/santo-andre-sp/mv-aguas/653ba81e5134829987a00138"
"Dubai Night Club";"casa-noturna";"Av. Pres. Juscelino, 1181 - Piraporinha, Diadema - SP, 09950-810";"Diadema";"4.035";"Não localizado";"-23.6824804";"-46.586304299999995";"fonte secundária; funcionamento atual não confirmado";"Categoria do diretório não garante balada; confirmar tipo de atividade.";"https://www.locaisdobrasil.com.br/encontre/casa-noturna/diadema-sp/dubai-night-club/646776486f16b70535a603c5";"Pendente — perfil não esclarecido";"3";"Não";"Casa noturna — tipo de acesso/perfil a confirmar";"Categoria de casa noturna é insuficiente para distinguir festas públicas, atendimento reservado ou cadastro incorreto; confirmar proposta e agenda.";"Categoria original apenas";"Não verificado";"Não confirmada diretamente nesta pesquisa";"Confirmar proposta, operação, acesso e endereço em canal da própria casa.";"2026-10-05";"https://www.locaisdobrasil.com.br/encontre/casa-noturna/diadema-sp/dubai-night-club/646776486f16b70535a603c5";"Ficha correspondente (HTTP 200): https://www.locaisdobrasil.com.br/encontre/casa-noturna/diadema-sp/dubai-night-club/646776486f16b70535a603c5 | Sem ficha correspondente (HTTP 200): https://restaurantguru.com.br/Dubai-Night-Club-Diadema"
"Skina Bar";"bares";"R. Américo Guazeli, 195 - Silveira, Santo André - SP, 09195-400";"Santo André";"4.037";"dom, sáb: 09:00–20:00; ter, qua, qui, sex: 09:00–23:00";"-23.671008699999998";"-46.5157824";"fonte secundária; funcionamento atual não confirmado";"";"https://www.locaisdobrasil.com.br/encontre/bares/santo-andre-sp/skina-bar/636e4c78b46ef06da8426219";"Priorizar — perfil corroborado";"1";"Não";"Bar com música ao vivo";"Ficha no endereço correspondente apresenta música ao vivo, bebidas/petiscos no contexto de bar. Perfil compatível inferido; público universitário e preço acessível não comprovados.";"Perfil descrito em ficha/avaliações secundárias; operação pendente";"Não verificado";"Não confirmada diretamente nesta pesquisa";"Confirmar operação/horários diretamente; conferir endereço, fotos e acesso antes de cadastrar.";"2026-10-05";"https://restaurantguru.com.br/Skina-Bar-Santo-Andre";"Ficha correspondente (HTTP 200): https://www.locaisdobrasil.com.br/encontre/bares/santo-andre-sp/skina-bar/636e4c78b46ef06da8426219 | Ficha correspondente (HTTP 200): https://restaurantguru.com.br/Skina-Bar-Santo-Andre"
"Bar Carioca e Müller";"bares";"R. Oriente, 610 - Barcelona, São Caetano do Sul - SP, 09551-010";"São Caetano do Sul";"4.044";"seg, ter, qua, qui, sex: 08:00–22:00";"-23.6250929";"-46.553065499999995";"fonte secundária; funcionamento atual não confirmado";"";"https://www.locaisdobrasil.com.br/encontre/bares/sao-caetano-do-sul-sp/bar-carioca-e-muller/660f6f74a451b0ad1fb9c3ca";"Potencial — confirmar perfil/operação";"2";"Não";"Possível bar para resenha";"Categoria/nome sugerem bar, mas faltou informação específica e confiável sobre consumo no local, ambiente, proposta ou operação atual.";"Triagem pelo cadastro; sem corroboração específica";"Não verificado";"Não confirmada diretamente nesta pesquisa";"Confirmar proposta, operação, acesso e endereço em canal da própria casa.";"2026-10-05";"https://www.locaisdobrasil.com.br/encontre/bares/sao-caetano-do-sul-sp/bar-carioca-e-muller/660f6f74a451b0ad1fb9c3ca";"Ficha correspondente (HTTP 200): https://www.locaisdobrasil.com.br/encontre/bares/sao-caetano-do-sul-sp/bar-carioca-e-muller/660f6f74a451b0ad1fb9c3ca | Sem ficha correspondente (HTTP 404): https://restaurantguru.com.br/bar-carioca-e-muller-sao-caetano-do-sul"
"KaDe Distribuidora de Bebidas";"fornecedor-de-bebidas";"Av. da Paz, 171 - Campestre, Santo André - SP, 09080-607";"Santo André";"4.066";"dom, ter, qua, qui: 11:00–22:00; sex, sáb: 11:00–00:00";"-23.625746200000002";"-46.5453804";"fonte secundária; funcionamento atual não confirmado";"Categoria ampla: inclui distribuidor, depósito e água; confirmar se é adega.";"https://www.locaisdobrasil.com.br/encontre/fornecedor-de-bebidas/santo-andre-sp/kade-distribuidora-de-bebidas/653ba8025134829987a00117";"Pendente — consumo no local";"3";"Não";"Adega/bebidas — permanência não confirmada";"Venda/preparo de bebidas não comprova mesas, consumo no local ou ambiente de resenha; verificar antes de incluir.";"Categoria/nome do levantamento";"Não verificado";"Não confirmada diretamente nesta pesquisa";"Confirmar mesas/permanência e consumo no local; não inserir somente por vender bebidas.";"2026-10-05";"https://www.locaisdobrasil.com.br/encontre/fornecedor-de-bebidas/santo-andre-sp/kade-distribuidora-de-bebidas/653ba8025134829987a00117";"Ficha correspondente (HTTP 200): https://www.locaisdobrasil.com.br/encontre/fornecedor-de-bebidas/santo-andre-sp/kade-distribuidora-de-bebidas/653ba8025134829987a00117 | Sem ficha correspondente (HTTP 404): https://restaurantguru.com.br/kade-distribuidora-de-bebidas-santo-andre"
"Boate 438 American Bar";"casa-noturna";"Alameda Vieira de Carvalho, 438 - Santa Terezinha, Santo André - SP, 09210-630";"Santo André";"4.074";"dom, seg, ter, qua, qui, sex, sáb: 00:00–00:00";"-23.631836";"-46.530471899999995";"fonte secundária; funcionamento atual não confirmado";"Categoria do diretório não garante balada; confirmar tipo de atividade.";"https://www.locaisdobrasil.com.br/encontre/casa-noturna/santo-andre-sp/boate-438-american-bar/646775e86f16b70535a60347";"Pendente — perfil não esclarecido";"3";"Não";"Casa noturna — tipo de acesso/perfil a confirmar";"Categoria de casa noturna é insuficiente para distinguir festas públicas, atendimento reservado ou cadastro incorreto; confirmar proposta e agenda.";"Ficha correspondente, sem esclarecimento suficiente";"Não verificado";"Não confirmada diretamente nesta pesquisa";"Confirmar proposta, operação, acesso e endereço em canal da própria casa.";"2026-10-05";"https://www.locaisdobrasil.com.br/encontre/casa-noturna/santo-andre-sp/boate-438-american-bar/646775e86f16b70535a60347 | https://restaurantguru.com.br/Boate-438-American-Bar-Santo-Andre";"Ficha correspondente (HTTP 200): https://www.locaisdobrasil.com.br/encontre/casa-noturna/santo-andre-sp/boate-438-american-bar/646775e86f16b70535a60347 | Ficha correspondente (HTTP 200): https://restaurantguru.com.br/Boate-438-American-Bar-Santo-Andre"
"Bar do Roberto";"bares";"R. Luís Silva, 430 - Vila Cecilia Maria, Santo André - SP, 09176-160";"Santo André";"4.111";"dom: 10:00–15:00; ter, qua, qui, sex, sáb: 10:00–20:00";"-23.679920700000004";"-46.5190571";"fonte secundária; funcionamento atual não confirmado";"";"https://www.locaisdobrasil.com.br/encontre/bares/santo-andre-sp/bar-do-roberto/660d1b6da3f2688d6da69121";"Potencial — confirmar perfil/operação";"2";"Não";"Possível bar para resenha";"Categoria/nome sugerem bar, mas faltou informação específica e confiável sobre consumo no local, ambiente, proposta ou operação atual.";"Ficha correspondente sem detalhes de perfil suficientes";"Não verificado";"Não confirmada diretamente nesta pesquisa";"Confirmar proposta, operação, acesso e endereço em canal da própria casa.";"2026-10-05";"https://www.locaisdobrasil.com.br/encontre/bares/santo-andre-sp/bar-do-roberto/660d1b6da3f2688d6da69121 | https://restaurantguru.com.br/Bar-do-Roberto-Santo-Andre";"Ficha correspondente (HTTP 200): https://www.locaisdobrasil.com.br/encontre/bares/santo-andre-sp/bar-do-roberto/660d1b6da3f2688d6da69121 | Ficha correspondente (HTTP 200): https://restaurantguru.com.br/Bar-do-Roberto-Santo-Andre"
"Bar do Chico";"bares";"R. Eng. Rebouças, 473 - Cerâmica, São Caetano do Sul - SP, 09540-000";"São Caetano do Sul";"4.124";"dom, seg, ter, qua, qui, sex, sáb: 09:00–22:00";"-23.628004999999998";"-46.571510499999995";"fonte secundária; funcionamento atual não confirmado";"";"https://www.locaisdobrasil.com.br/encontre/bares/sao-caetano-do-sul-sp/bar-do-chico/660f6f68a451b0ad1fb9c3c4";"Potencial — confirmar perfil/operação";"2";"Não";"Possível bar para resenha";"Categoria/nome sugerem bar, mas faltou informação específica e confiável sobre consumo no local, ambiente, proposta ou operação atual.";"Triagem pelo cadastro; sem corroboração específica";"Não verificado";"Não confirmada diretamente nesta pesquisa";"Confirmar proposta, operação, acesso e endereço em canal da própria casa.";"2026-10-05";"https://www.locaisdobrasil.com.br/encontre/bares/sao-caetano-do-sul-sp/bar-do-chico/660f6f68a451b0ad1fb9c3c4";"Ficha correspondente (HTTP 200): https://www.locaisdobrasil.com.br/encontre/bares/sao-caetano-do-sul-sp/bar-do-chico/660f6f68a451b0ad1fb9c3c4 | Sem ficha correspondente (HTTP 200): https://restaurantguru.com.br/Bar-Do-Chico-Sao-Caetano-do-Sul"
"Bar do Cabral";"bares";"R. Martim Afonso de Souza, 120 - Vila Pires, Santo André - SP, 09195-230";"Santo André";"4.125";"dom: 10:00–15:00; seg, ter, qua, qui, sex: 09:00–22:00; sáb: 09:00–20:00";"-23.674043899999997";"-46.5159205";"fonte secundária; funcionamento atual não confirmado";"";"https://www.locaisdobrasil.com.br/encontre/bares/santo-andre-sp/bar-do-cabral/636e4cefb46ef06da842627f";"Potencial — confirmar perfil/operação";"2";"Não";"Possível bar para resenha";"Categoria/nome sugerem bar, mas faltou informação específica e confiável sobre consumo no local, ambiente, proposta ou operação atual.";"Triagem pelo cadastro; sem corroboração específica";"Não verificado";"Não confirmada diretamente nesta pesquisa";"Confirmar proposta, operação, acesso e endereço em canal da própria casa.";"2026-10-05";"https://www.locaisdobrasil.com.br/encontre/bares/santo-andre-sp/bar-do-cabral/636e4cefb46ef06da842627f";"Ficha correspondente (HTTP 200): https://www.locaisdobrasil.com.br/encontre/bares/santo-andre-sp/bar-do-cabral/636e4cefb46ef06da842627f | Sem ficha correspondente (HTTP 200): https://restaurantguru.com.br/Bar-e-Lanchonete-Cabral-Santo-Andre"
"Salão de festas brinca kids";"salao-de-festas";"R. Carijós, 1577 - Jardim Guilhermina, Santo André - SP, 09180-001";"Santo André";"4.126";"seg: 09:00–20:00";"-23.684145899999997";"-46.5219728";"fonte secundária; funcionamento atual não confirmado";"";"https://www.locaisdobrasil.com.br/encontre/salao-de-festas/santo-andre-sp/salao-de-festas-brinca-kids/62a151596e1550eac4c74105";"Fora do foco atual";"5";"Não";"Festas infantis";"Identificação explícita de buffet/festa infantil; fora do foco de rolê entre universitários adultos.";"Nome/atividade registrada";"Não verificado";"Não confirmada diretamente nesta pesquisa";"Manter no histórico; não incluir no catálogo atual.";"2026-10-05";"https://www.locaisdobrasil.com.br/encontre/salao-de-festas/santo-andre-sp/salao-de-festas-brinca-kids/62a151596e1550eac4c74105";"Ficha correspondente (HTTP 200): https://www.locaisdobrasil.com.br/encontre/salao-de-festas/santo-andre-sp/salao-de-festas-brinca-kids/62a151596e1550eac4c74105"
"Bar e Mercearia Arujá";"bares";"R. Arujá, 593 - Vila Curuçá, Santo André - SP, 09291-250";"Santo André";"4.127";"dom, seg, ter, qua, qui, sex: 07:00–21:00; sáb: 07:00–20:00";"-23.6435598";"-46.518518";"fonte secundária; funcionamento atual não confirmado";"";"https://www.locaisdobrasil.com.br/encontre/bares/santo-andre-sp/bar-e-mercearia-aruja/68b4c1bf2648b322fc607c3d";"Priorizar — perfil corroborado";"1";"Não";"Bar/karaokê";"Ficha no endereço correspondente apresenta karaokê, bebidas/petiscos no contexto de bar. Perfil compatível inferido; público universitário e preço acessível não comprovados.";"Perfil descrito em ficha/avaliações secundárias; operação pendente";"Não verificado";"Não confirmada diretamente nesta pesquisa";"Confirmar operação/horários diretamente; conferir endereço, fotos e acesso antes de cadastrar.";"2026-10-05";"https://restaurantguru.com.br/Bar-e-Mercearia-Aruja-Santo-Andre";"Ficha correspondente (HTTP 200): https://www.locaisdobrasil.com.br/encontre/bares/santo-andre-sp/bar-e-mercearia-aruja/68b4c1bf2648b322fc607c3d | Ficha correspondente (HTTP 200): https://restaurantguru.com.br/Bar-e-Mercearia-Aruja-Santo-Andre"
"Bar do Lindão";"bares";"Av. Lemos Monteiro, 534 - Olímpico, São Caetano do Sul - SP, 09540-500";"São Caetano do Sul";"4.128";"Não localizado";"-23.6245886";"-46.558841199999996";"fonte secundária; funcionamento atual não confirmado";"";"https://www.locaisdobrasil.com.br/encontre/bares/sao-caetano-do-sul-sp/bar-do-lindao/660f6fafa451b0ad1fb9c3e8";"Priorizar — perfil corroborado";"1";"Não";"Bar para conversa e bebidas";"Ficha no endereço correspondente apresenta bebidas/petiscos no contexto de bar. Perfil compatível inferido; público universitário e preço acessível não comprovados.";"Perfil descrito em ficha/avaliações secundárias; operação pendente";"Não verificado";"Não confirmada diretamente nesta pesquisa";"Confirmar operação/horários diretamente; conferir endereço, fotos e acesso antes de cadastrar.";"2026-10-05";"https://restaurantguru.com.br/Bar-do-Lindao-Sao-Caetano-do-Sul";"Ficha correspondente (HTTP 200): https://www.locaisdobrasil.com.br/encontre/bares/sao-caetano-do-sul-sp/bar-do-lindao/660f6fafa451b0ad1fb9c3e8 | Ficha correspondente (HTTP 200): https://restaurantguru.com.br/Bar-do-Lindao-Sao-Caetano-do-Sul"
"buffet de futebol";"buffet";"R. Espírito Santo, 1411 - Cerâmica, São Caetano do Sul - SP, 09530-701";"São Caetano do Sul";"4.136";"dom, seg, ter, qua, qui, sex, sáb: 08:00–18:00";"-23.6287243";"-46.57331430000001";"fonte secundária; funcionamento atual não confirmado";"Confirmar espaço físico para festas; categoria pode incluir restaurante ou serviço de alimentação.";"https://www.locaisdobrasil.com.br/encontre/buffet/sao-caetano-do-sul-sp/buffet-de-futebol/66daf45d8f35afd7184168a3";"Baixa prioridade — sem evidência de rolê";"4";"Não";"Restaurante, buffet ou espaço de eventos";"Não foi localizada evidência suficiente de bar/resenha ou festas abertas ao público. Categoria/nome sugerem alimentação, comércio ou eventos sob contratação; não é exclusão definitiva.";"Triagem conservadora do cadastro";"Não verificado";"Não confirmada diretamente nesta pesquisa";"Reavaliar se houver prova de bar ou programação pública de festas.";"2026-10-05";"https://www.locaisdobrasil.com.br/encontre/buffet/sao-caetano-do-sul-sp/buffet-de-futebol/66daf45d8f35afd7184168a3";"Ficha correspondente (HTTP 200): https://www.locaisdobrasil.com.br/encontre/buffet/sao-caetano-do-sul-sp/buffet-de-futebol/66daf45d8f35afd7184168a3"
"BUFFET ESCUDEZ EVENTOS";"salao-de-festas";"Av. Sen. Fláquer, 62 - Vila Euclides, São Bernardo do Campo - SP, 09725-440";"São Bernardo do Campo";"4.144";"seg, ter, qua, qui, sex: 15:00–19:30";"-23.6983461";"-46.5597634";"fonte secundária; funcionamento atual não confirmado";"";"https://www.locaisdobrasil.com.br/encontre/salao-de-festas/sao-bernardo-do-campo-sp/buffet-escudez-eventos/6286e3f3911b8129b7e80dcd";"Baixa prioridade — sem evidência de rolê";"4";"Não";"Restaurante, buffet ou espaço de eventos";"Não foi localizada evidência suficiente de bar/resenha ou festas abertas ao público. Categoria/nome sugerem alimentação, comércio ou eventos sob contratação; não é exclusão definitiva.";"Triagem conservadora do cadastro";"Não verificado";"Não confirmada diretamente nesta pesquisa";"Reavaliar se houver prova de bar ou programação pública de festas.";"2026-10-05";"https://www.locaisdobrasil.com.br/encontre/salao-de-festas/sao-bernardo-do-campo-sp/buffet-escudez-eventos/6286e3f3911b8129b7e80dcd";"Ficha correspondente (HTTP 200): https://www.locaisdobrasil.com.br/encontre/salao-de-festas/sao-bernardo-do-campo-sp/buffet-escudez-eventos/6286e3f3911b8129b7e80dcd"
"Lanchonete Nova Pantera";"buffet";"R. Domingos João Balotim, 52 - Centro, São Bernardo do Campo - SP, 09720-035";"São Bernardo do Campo";"4.16";"seg, ter, qua, qui, sex, sáb: 06:00–23:00";"-23.698844599999997";"-46.5527796";"fonte secundária; funcionamento atual não confirmado";"Confirmar espaço físico para festas; categoria pode incluir restaurante ou serviço de alimentação.";"https://www.locaisdobrasil.com.br/encontre/buffet/sao-bernardo-do-campo-sp/lanchonete-nova-pantera/66daede48f35afd7184163be";"Baixa prioridade — sem evidência de rolê";"4";"Não";"Restaurante, buffet ou espaço de eventos";"Não foi localizada evidência suficiente de bar/resenha ou festas abertas ao público. Categoria/nome sugerem alimentação, comércio ou eventos sob contratação; não é exclusão definitiva.";"Triagem conservadora do cadastro";"Não verificado";"Não confirmada diretamente nesta pesquisa";"Reavaliar se houver prova de bar ou programação pública de festas.";"2026-10-05";"https://www.locaisdobrasil.com.br/encontre/buffet/sao-bernardo-do-campo-sp/lanchonete-nova-pantera/66daede48f35afd7184163be";"Ficha correspondente (HTTP 200): https://www.locaisdobrasil.com.br/encontre/buffet/sao-bernardo-do-campo-sp/lanchonete-nova-pantera/66daede48f35afd7184163be"
"Bar V8 Rock N Roll";"bares";"R. Penalva, 194 - Vila Bela Vista, Santo André - SP, 09181-150";"Santo André";"4.201";"dom: 10:30–16:00; seg: 11:00–17:00; ter, qua, qui: 11:00–20:00; sex, sáb: 11:00–22:00";"-23.6882269";"-46.5249242";"fonte secundária; funcionamento atual não confirmado";"";"https://www.locaisdobrasil.com.br/encontre/bares/santo-andre-sp/bar-v8-rock-n-roll/660d1b31a3f2688d6da69110";"Não incluir — indicação de fechamento";"6";"Não";"Operação com indicação de encerramento";"Ficha correspondente ao endereço sinaliza encerramento permanente; horários antigos não comprovam abertura.";"Ficha secundária correspondente";"Não verificado";"Não confirmada diretamente nesta pesquisa";"Não publicar; reavaliar somente com prova de reabertura.";"2026-10-05";"https://restaurantguru.com.br/Bar-V8-Rock-n-roll-Santo-Andre";"Ficha correspondente (HTTP 200): https://www.locaisdobrasil.com.br/encontre/bares/santo-andre-sp/bar-v8-rock-n-roll/660d1b31a3f2688d6da69110 | Ficha correspondente (HTTP 200): https://restaurantguru.com.br/Bar-V8-Rock-n-roll-Santo-Andre"
"Ventura Festas";"salao-de-festas";"R. Aluísio Coimbra, 101 - Jardim Moncoes, Santo André - SP, 09180-310";"Santo André";"4.21";"Não localizado";"-23.691478099999998";"-46.528832";"fonte secundária; funcionamento atual não confirmado";"";"https://www.locaisdobrasil.com.br/encontre/salao-de-festas/santo-andre-sp/ventura-festas/62a151496e1550eac4c740f8";"Baixa prioridade — sem evidência de rolê";"4";"Não";"Restaurante, buffet ou espaço de eventos";"Não foi localizada evidência suficiente de bar/resenha ou festas abertas ao público. Categoria/nome sugerem alimentação, comércio ou eventos sob contratação; não é exclusão definitiva.";"Triagem conservadora do cadastro";"Não verificado";"Não confirmada diretamente nesta pesquisa";"Reavaliar se houver prova de bar ou programação pública de festas.";"2026-10-05";"https://www.locaisdobrasil.com.br/encontre/salao-de-festas/santo-andre-sp/ventura-festas/62a151496e1550eac4c740f8";"Ficha correspondente (HTTP 200): https://www.locaisdobrasil.com.br/encontre/salao-de-festas/santo-andre-sp/ventura-festas/62a151496e1550eac4c740f8"
"Bar do Cocada";"bares";"R. Tapajós, 674 - Barcelona, São Caetano do Sul - SP, 09551-230";"São Caetano do Sul";"4.211";"dom: 09:00–15:00; seg, ter, qua, qui, sex, sáb: 09:00–21:00";"-23.623582";"-46.553491099999995";"fonte secundária; funcionamento atual não confirmado";"";"https://www.locaisdobrasil.com.br/encontre/bares/sao-caetano-do-sul-sp/bar-do-cocada/660f6f84a451b0ad1fb9c3d2";"Potencial — confirmar perfil/operação";"2";"Não";"Possível bar para resenha";"Categoria/nome sugerem bar, mas faltou informação específica e confiável sobre consumo no local, ambiente, proposta ou operação atual.";"Ficha correspondente sem detalhes de perfil suficientes";"Não verificado";"Não confirmada diretamente nesta pesquisa";"Confirmar proposta, operação, acesso e endereço em canal da própria casa.";"2026-10-05";"https://www.locaisdobrasil.com.br/encontre/bares/sao-caetano-do-sul-sp/bar-do-cocada/660f6f84a451b0ad1fb9c3d2 | https://restaurantguru.com.br/Bar-do-Cocada-Sao-Caetano-do-Sul";"Ficha correspondente (HTTP 200): https://www.locaisdobrasil.com.br/encontre/bares/sao-caetano-do-sul-sp/bar-do-cocada/660f6f84a451b0ad1fb9c3d2 | Ficha correspondente (HTTP 200): https://restaurantguru.com.br/Bar-do-Cocada-Sao-Caetano-do-Sul"
"Brasilis Bar & Lounge";"bares";"Av. Vital Brasil Filho, 291 - Osvaldo Cruz, São Caetano do Sul - SP, 09541-130";"São Caetano do Sul";"4.212";"dom, sáb: 11:00–00:00; seg, ter, qua, qui, sex: 16:00–00:00";"-23.6246731";"-46.563943699999996";"fonte secundária; funcionamento atual não confirmado";"";"https://www.locaisdobrasil.com.br/encontre/bares/sao-caetano-do-sul-sp/brasilis-bar-lounge/660f6f8fa451b0ad1fb9c3d8";"Potencial — confirmar perfil/operação";"2";"Não";"Possível bar para resenha";"Categoria/nome sugerem bar, mas faltou informação específica e confiável sobre consumo no local, ambiente, proposta ou operação atual.";"Triagem pelo cadastro; sem corroboração específica";"Não verificado";"Não confirmada diretamente nesta pesquisa";"Confirmar proposta, operação, acesso e endereço em canal da própria casa.";"2026-10-05";"https://www.locaisdobrasil.com.br/encontre/bares/sao-caetano-do-sul-sp/brasilis-bar-lounge/660f6f8fa451b0ad1fb9c3d8";"Ficha correspondente (HTTP 200): https://www.locaisdobrasil.com.br/encontre/bares/sao-caetano-do-sul-sp/brasilis-bar-lounge/660f6f8fa451b0ad1fb9c3d8 | Sem ficha correspondente (HTTP 404): https://restaurantguru.com.br/brasilis-bar-lounge-sao-caetano-do-sul"
"Terraço.abc";"bares";"R. José Pelosini, 40 - Jardim Olavo Bilac, São Bernardo do Campo - SP, 09720-040";"São Bernardo do Campo";"4.215";"Não localizado";"-23.6993291";"-46.552447199999996";"fonte secundária; funcionamento atual não confirmado";"";"https://www.locaisdobrasil.com.br/encontre/bares/sao-bernardo-do-campo-sp/terracoabc/66c7a83ff99178ff57474385";"Potencial — confirmar perfil/operação";"2";"Não";"Possível bar para resenha";"Categoria/nome sugerem bar, mas faltou informação específica e confiável sobre consumo no local, ambiente, proposta ou operação atual.";"Triagem pelo cadastro; sem corroboração específica";"Não verificado";"Não confirmada diretamente nesta pesquisa";"Confirmar proposta, operação, acesso e endereço em canal da própria casa.";"2026-10-05";"https://www.locaisdobrasil.com.br/encontre/bares/sao-bernardo-do-campo-sp/terracoabc/66c7a83ff99178ff57474385";"Ficha correspondente (HTTP 200): https://www.locaisdobrasil.com.br/encontre/bares/sao-bernardo-do-campo-sp/terracoabc/66c7a83ff99178ff57474385 | Sem ficha correspondente (HTTP 200): https://restaurantguru.com.br/Terraco-Abc-Sao-Bernardo-do-Campo"
"Blue Bartenders";"bares";"R. Antônio Mônaco, 126 - Jardim Las Vegas, Santo André - SP, 09182-080";"Santo André";"4.218";"seg, ter, qua, qui, sex, sáb: 13:00–22:00";"-23.6931521";"-46.5312783";"fonte secundária; funcionamento atual não confirmado";"";"https://www.locaisdobrasil.com.br/encontre/bares/santo-andre-sp/blue-bartenders/660d1b8ba3f2688d6da69129";"Fora do foco atual";"5";"Não";"Fornecedor/serviço, não local de encontro";"Atividade identificada como fornecimento de água, serviço de evento, equipamento ou refrigeração; não há evidência de bar para permanecer.";"Nome/atividade registrada — triagem editorial";"Não verificado";"Não confirmada diretamente nesta pesquisa";"Manter no histórico; não incluir no catálogo atual.";"2026-10-05";"https://www.locaisdobrasil.com.br/encontre/bares/santo-andre-sp/blue-bartenders/660d1b8ba3f2688d6da69129 | https://restaurantguru.com.br/Blue-Bartenders-Santo-Andre";"Ficha correspondente (HTTP 200): https://www.locaisdobrasil.com.br/encontre/bares/santo-andre-sp/blue-bartenders/660d1b8ba3f2688d6da69129 | Ficha correspondente (HTTP 200): https://restaurantguru.com.br/Blue-Bartenders-Santo-Andre"
"Bar e Restaurante Bolacha Filho";"bares";"Av. Utinga, 392 - Vila Metalurgica, Santo André - SP, 09220-610";"Santo André";"4.226";"seg, ter, qua, qui, sex, sáb: 11:00–22:00";"-23.6284667";"-46.5334022";"fonte secundária; funcionamento atual não confirmado";"";"https://www.locaisdobrasil.com.br/encontre/bares/santo-andre-sp/bar-e-restaurante-bolacha-filho/660d1b05a3f2688d6da69103";"Potencial — confirmar perfil/operação";"2";"Não";"Possível bar para resenha";"Categoria/nome sugerem bar, mas faltou informação específica e confiável sobre consumo no local, ambiente, proposta ou operação atual.";"Triagem pelo cadastro; sem corroboração específica";"Não verificado";"Não confirmada diretamente nesta pesquisa";"Confirmar proposta, operação, acesso e endereço em canal da própria casa.";"2026-10-05";"https://www.locaisdobrasil.com.br/encontre/bares/santo-andre-sp/bar-e-restaurante-bolacha-filho/660d1b05a3f2688d6da69103";"Ficha correspondente (HTTP 200): https://www.locaisdobrasil.com.br/encontre/bares/santo-andre-sp/bar-e-restaurante-bolacha-filho/660d1b05a3f2688d6da69103 | Sem ficha correspondente (HTTP 404): https://restaurantguru.com.br/bar-e-restaurante-bolacha-filho-santo-andre"
"DE BAR EM BAR";"bares";"R. Bélgica, 557 - Parque das Nações, Santo André - SP, 09210-030";"Santo André";"4.243";"Não localizado";"-23.6344913";"-46.524546";"fonte secundária; funcionamento atual não confirmado";"";"https://www.locaisdobrasil.com.br/encontre/bares/santo-andre-sp/de-bar-em-bar/660d1b63a3f2688d6da6911e";"Potencial — confirmar perfil/operação";"2";"Não";"Possível bar para resenha";"Categoria/nome sugerem bar, mas faltou informação específica e confiável sobre consumo no local, ambiente, proposta ou operação atual.";"Triagem pelo cadastro; sem corroboração específica";"Não verificado";"Não confirmada diretamente nesta pesquisa";"Confirmar proposta, operação, acesso e endereço em canal da própria casa.";"2026-10-05";"https://www.locaisdobrasil.com.br/encontre/bares/santo-andre-sp/de-bar-em-bar/660d1b63a3f2688d6da6911e";"Ficha correspondente (HTTP 200): https://www.locaisdobrasil.com.br/encontre/bares/santo-andre-sp/de-bar-em-bar/660d1b63a3f2688d6da6911e | Sem ficha correspondente (HTTP 200): https://restaurantguru.com.br/DE-BAR-EM-BAR-Santo-Andre"
"Compadres De Raul Motoclube";"bares";"R. Maria de Fátima, 504 - Baeta Neves, São Bernardo do Campo - SP, 09760-480";"São Bernardo do Campo";"4.25";"Não localizado";"-23.6979589";"-46.5416727";"fonte secundária; funcionamento atual não confirmado";"";"https://www.locaisdobrasil.com.br/encontre/bares/sao-bernardo-do-campo-sp/compadres-de-raul-motoclube/66c75080f99178ff57473953";"Potencial — confirmar perfil/operação";"2";"Não";"Possível bar para resenha";"Categoria/nome sugerem bar, mas faltou informação específica e confiável sobre consumo no local, ambiente, proposta ou operação atual.";"Ficha correspondente sem detalhes de perfil suficientes";"Não verificado";"Não confirmada diretamente nesta pesquisa";"Confirmar proposta, operação, acesso e endereço em canal da própria casa.";"2026-10-05";"https://www.locaisdobrasil.com.br/encontre/bares/sao-bernardo-do-campo-sp/compadres-de-raul-motoclube/66c75080f99178ff57473953 | https://restaurantguru.com.br/Compadres-De-Raul-Motoclube-Sao-Bernardo-do-Campo";"Ficha correspondente (HTTP 200): https://www.locaisdobrasil.com.br/encontre/bares/sao-bernardo-do-campo-sp/compadres-de-raul-motoclube/66c75080f99178ff57473953 | Ficha correspondente (HTTP 200): https://restaurantguru.com.br/Compadres-De-Raul-Motoclube-Sao-Bernardo-do-Campo"
"Badalaçao Bar";"bares";"R. dos Vianas, 486 - Baeta Neves, São Bernardo do Campo - SP, 09760-000";"São Bernardo do Campo";"4.265";"dom, seg, ter, qua, qui, sex, sáb: 07:20–23:30";"-23.6993549";"-46.5476462";"fonte secundária; funcionamento atual não confirmado";"";"https://www.locaisdobrasil.com.br/encontre/bares/sao-bernardo-do-campo-sp/badalacao-bar/660c521cd622f2b54116a2a9";"Potencial — confirmar perfil/operação";"2";"Não";"Possível bar para resenha";"Categoria/nome sugerem bar, mas faltou informação específica e confiável sobre consumo no local, ambiente, proposta ou operação atual.";"Ficha correspondente sem detalhes de perfil suficientes";"Não verificado";"Não confirmada diretamente nesta pesquisa";"Confirmar proposta, operação, acesso e endereço em canal da própria casa.";"2026-10-05";"https://www.locaisdobrasil.com.br/encontre/bares/sao-bernardo-do-campo-sp/badalacao-bar/660c521cd622f2b54116a2a9 | https://restaurantguru.com.br/Badalacao-Bar-Sao-Bernardo-do-Campo";"Ficha correspondente (HTTP 200): https://www.locaisdobrasil.com.br/encontre/bares/sao-bernardo-do-campo-sp/badalacao-bar/660c521cd622f2b54116a2a9 | Ficha correspondente (HTTP 200): https://restaurantguru.com.br/Badalacao-Bar-Sao-Bernardo-do-Campo"
"Athenas Night Club";"casa-noturna";"Av. Pery Ronchetti, 110 - Nova Petrópolis, São Bernardo do Campo - SP, 09771-001";"São Bernardo do Campo";"4.281";"dom, seg, ter, qua, qui, sáb: 18:00–04:00; sex: 18:00–05:00";"-23.6998423";"-46.550877899999996";"fonte secundária; funcionamento atual não confirmado";"Categoria do diretório não garante balada; confirmar tipo de atividade.";"https://www.locaisdobrasil.com.br/encontre/casa-noturna/sao-bernardo-do-campo-sp/athenas-night-club/646766a16f16b70535a5ef95";"Pendente — perfil não esclarecido";"3";"Não";"Casa noturna — tipo de acesso/perfil a confirmar";"Categoria de casa noturna é insuficiente para distinguir festas públicas, atendimento reservado ou cadastro incorreto; confirmar proposta e agenda.";"Categoria original apenas";"Não verificado";"Não confirmada diretamente nesta pesquisa";"Confirmar proposta, operação, acesso e endereço em canal da própria casa.";"2026-10-05";"https://www.locaisdobrasil.com.br/encontre/casa-noturna/sao-bernardo-do-campo-sp/athenas-night-club/646766a16f16b70535a5ef95";"Ficha correspondente (HTTP 200): https://www.locaisdobrasil.com.br/encontre/casa-noturna/sao-bernardo-do-campo-sp/athenas-night-club/646766a16f16b70535a5ef95 | Sem ficha correspondente (HTTP 404): https://restaurantguru.com.br/athenas-night-club-sao-bernardo-do-campo"
"Lounge Bar";"bares";"Av. Pres. Kennedy, 1292 - Santa Paula, São Caetano do Sul - SP, 09560-010";"São Caetano do Sul";"4.282";"dom, qui: 17:00–00:00; ter, qua: 17:00–23:00; sex, sáb: 17:00–02:00";"-23.6230762";"-46.5575486";"fonte secundária; funcionamento atual não confirmado";"";"https://www.locaisdobrasil.com.br/encontre/bares/sao-caetano-do-sul-sp/lounge-bar/660cedf4a3f2688d6da68397";"Priorizar — perfil corroborado";"1";"Não";"Bar com música ao vivo";"Ficha no endereço correspondente apresenta música ao vivo, bebidas/petiscos no contexto de bar. Perfil compatível inferido; público universitário e preço acessível não comprovados.";"Perfil descrito em ficha/avaliações secundárias; operação pendente";"Não verificado";"Não confirmada diretamente nesta pesquisa";"Confirmar operação/horários diretamente; conferir endereço, fotos e acesso antes de cadastrar.";"2026-10-05";"https://restaurantguru.com.br/Lounge-Bar-Sao-Caetano-do-Sul";"Ficha correspondente (HTTP 200): https://www.locaisdobrasil.com.br/encontre/bares/sao-caetano-do-sul-sp/lounge-bar/660cedf4a3f2688d6da68397 | Ficha correspondente (HTTP 200): https://restaurantguru.com.br/Lounge-Bar-Sao-Caetano-do-Sul"
"Sedução Café Night Club";"bares";"R. Leonardo Locosseli - Baeta Neves, São Bernardo do Campo - SP, 09771-180";"São Bernardo do Campo";"4.283";"dom, seg, ter, qua, qui: 18:00–04:00; sex, sáb: 18:00–05:00";"-23.6998993";"-46.5514744";"fonte secundária; funcionamento atual não confirmado";"";"https://www.locaisdobrasil.com.br/encontre/bares/sao-bernardo-do-campo-sp/seducao-cafe-night-club/660bbd1fd622f2b5411670fb";"Potencial — confirmar perfil/operação";"2";"Não";"Possível bar para resenha";"Categoria/nome sugerem bar, mas faltou informação específica e confiável sobre consumo no local, ambiente, proposta ou operação atual.";"Triagem pelo cadastro; sem corroboração específica";"Não verificado";"Não confirmada diretamente nesta pesquisa";"Confirmar proposta, operação, acesso e endereço em canal da própria casa.";"2026-10-05";"https://www.locaisdobrasil.com.br/encontre/bares/sao-bernardo-do-campo-sp/seducao-cafe-night-club/660bbd1fd622f2b5411670fb";"Ficha correspondente (HTTP 200): https://www.locaisdobrasil.com.br/encontre/bares/sao-bernardo-do-campo-sp/seducao-cafe-night-club/660bbd1fd622f2b5411670fb | Sem ficha correspondente (HTTP 404): https://restaurantguru.com.br/seducao-cafe-night-club-sao-bernardo-do-campo"
"Bar do Paraná";"bares";"R. Coroados, 434 - Vila Pires, Santo André - SP, 09195-410";"Santo André";"4.285";"dom, seg, ter, qua, qui, sex, sáb: 08:00–22:00";"-23.6749874";"-46.5146303";"fonte secundária; funcionamento atual não confirmado";"";"https://www.locaisdobrasil.com.br/encontre/bares/santo-andre-sp/bar-do-parana/636e4cf5b46ef06da8426284";"Potencial — confirmar perfil/operação";"2";"Não";"Possível bar para resenha";"Categoria/nome sugerem bar, mas faltou informação específica e confiável sobre consumo no local, ambiente, proposta ou operação atual.";"Triagem pelo cadastro; sem corroboração específica";"Não verificado";"Não confirmada diretamente nesta pesquisa";"Confirmar proposta, operação, acesso e endereço em canal da própria casa.";"2026-10-05";"https://www.locaisdobrasil.com.br/encontre/bares/santo-andre-sp/bar-do-parana/636e4cf5b46ef06da8426284";"Ficha correspondente (HTTP 200): https://www.locaisdobrasil.com.br/encontre/bares/santo-andre-sp/bar-do-parana/636e4cf5b46ef06da8426284 | Sem ficha correspondente (HTTP 200): https://restaurantguru.com.br/Bar-do-Parana-Sao-Caetano-do-Sul"
"Kodema";"bares";"Av. Fagundes de Oliveira, 203 - Piraporinha, Diadema - SP, 09950-300";"Diadema";"4.29";"dom, seg, ter, qua, qui, sex, sáb: 00:00–23:59";"-23.690151399999998";"-46.582166699999995";"fonte secundária; funcionamento atual não confirmado";"";"https://www.locaisdobrasil.com.br/encontre/bares/diadema-sp/kodema/660ba825d622f2b54116698b";"Potencial — confirmar perfil/operação";"2";"Não";"Possível bar para resenha";"Categoria/nome sugerem bar, mas faltou informação específica e confiável sobre consumo no local, ambiente, proposta ou operação atual.";"Triagem pelo cadastro; sem corroboração específica";"Não verificado";"Não confirmada diretamente nesta pesquisa";"Confirmar proposta, operação, acesso e endereço em canal da própria casa.";"2026-10-05";"https://www.locaisdobrasil.com.br/encontre/bares/diadema-sp/kodema/660ba825d622f2b54116698b";"Ficha correspondente (HTTP 200): https://www.locaisdobrasil.com.br/encontre/bares/diadema-sp/kodema/660ba825d622f2b54116698b | Sem ficha correspondente (HTTP 200): https://restaurantguru.com.br/Kodema-Diadema"
"Restaurante Sabor das Nações";"buffet";"R. Bélgica, 661 - Parque das Nações, Santo André - SP, 09210-030";"Santo André";"4.303";"dom, seg, ter, qua, qui, sex: 11:00–22:00; sáb: 11:00–21:00";"-23.6346228";"-46.523570799999995";"fonte secundária; funcionamento atual não confirmado";"Confirmar espaço físico para festas; categoria pode incluir restaurante ou serviço de alimentação.";"https://www.locaisdobrasil.com.br/encontre/buffet/santo-andre-sp/restaurante-sabor-das-nacoes/66db8ca358c8e2634b991f5c";"Baixa prioridade — sem evidência de rolê";"4";"Não";"Restaurante, buffet ou espaço de eventos";"Não foi localizada evidência suficiente de bar/resenha ou festas abertas ao público. Categoria/nome sugerem alimentação, comércio ou eventos sob contratação; não é exclusão definitiva.";"Triagem conservadora do cadastro";"Não verificado";"Não confirmada diretamente nesta pesquisa";"Reavaliar se houver prova de bar ou programação pública de festas.";"2026-10-05";"https://www.locaisdobrasil.com.br/encontre/buffet/santo-andre-sp/restaurante-sabor-das-nacoes/66db8ca358c8e2634b991f5c";"Ficha correspondente (HTTP 200): https://www.locaisdobrasil.com.br/encontre/buffet/santo-andre-sp/restaurante-sabor-das-nacoes/66db8ca358c8e2634b991f5c"
"Samyr Buffet";"buffet";"Espaço Goias_Rua Oriente 173 Espaço Oriente_Rua Oriente 406 - Barcelona, São Caetano do Sul - SP, 09551-010";"São Caetano do Sul";"4.306";"ter, qua, qui: 10:00–18:00; sex, sáb: 10:00–15:00";"-23.622982699999998";"-46.5491757";"fonte secundária; funcionamento atual não confirmado";"Confirmar espaço físico para festas; categoria pode incluir restaurante ou serviço de alimentação.";"https://www.locaisdobrasil.com.br/encontre/buffet/sao-caetano-do-sul-sp/samyr-buffet/66da904f8f35afd71840fc9f";"Baixa prioridade — sem evidência de rolê";"4";"Não";"Restaurante, buffet ou espaço de eventos";"Não foi localizada evidência suficiente de bar/resenha ou festas abertas ao público. Categoria/nome sugerem alimentação, comércio ou eventos sob contratação; não é exclusão definitiva.";"Triagem conservadora do cadastro";"Não verificado";"Não confirmada diretamente nesta pesquisa";"Reavaliar se houver prova de bar ou programação pública de festas.";"2026-10-05";"https://www.locaisdobrasil.com.br/encontre/buffet/sao-caetano-do-sul-sp/samyr-buffet/66da904f8f35afd71840fc9f";"Ficha correspondente (HTTP 200): https://www.locaisdobrasil.com.br/encontre/buffet/sao-caetano-do-sul-sp/samyr-buffet/66da904f8f35afd71840fc9f"
"Bar Ale Motos";"bares";"Conj. 09895-540, Rua Cincinato Braga, 672 - Planalto, São Bernardo do Campo - SP, 09890-300";"São Bernardo do Campo";"4.316";"dom, sex, sáb: 14:00–22:00; ter, qua, qui: 18:00–00:00";"-23.6975856";"-46.5694844";"fonte secundária; funcionamento atual não confirmado";"";"https://www.locaisdobrasil.com.br/encontre/bares/sao-bernardo-do-campo-sp/bar-ale-motos/660b732ad622f2b54116516d";"Priorizar — perfil corroborado";"1";"Não";"Bar com música ao vivo";"Ficha no endereço correspondente apresenta música ao vivo, sinuca/bilhar. Perfil compatível inferido; público universitário e preço acessível não comprovados.";"Perfil descrito em ficha/avaliações secundárias; operação pendente";"Não verificado";"Não confirmada diretamente nesta pesquisa";"Confirmar operação/horários diretamente; conferir endereço, fotos e acesso antes de cadastrar.";"2026-10-05";"https://restaurantguru.com.br/Bar-Ale-Motos-Sao-Bernardo-do-Campo";"Ficha correspondente (HTTP 200): https://www.locaisdobrasil.com.br/encontre/bares/sao-bernardo-do-campo-sp/bar-ale-motos/660b732ad622f2b54116516d | Ficha correspondente (HTTP 200): https://restaurantguru.com.br/Bar-Ale-Motos-Sao-Bernardo-do-Campo"
"Hora extra_bar";"salao-de-festas";"R. dos Tabajaras, 152 - Piraporinha, Diadema - SP, 09951-430";"Diadema";"4.317";"dom, seg, ter, qua, qui, sex, sáb: 10:00–23:00";"-23.6896269";"-46.583186";"fonte secundária; funcionamento atual não confirmado";"";"https://www.locaisdobrasil.com.br/encontre/salao-de-festas/diadema-sp/hora-extrabar/660be173d622f2b541167da4";"Baixa prioridade — sem evidência de rolê";"4";"Não";"Restaurante, buffet ou espaço de eventos";"Não foi localizada evidência suficiente de bar/resenha ou festas abertas ao público. Categoria/nome sugerem alimentação, comércio ou eventos sob contratação; não é exclusão definitiva.";"Triagem conservadora do cadastro";"Não verificado";"Não confirmada diretamente nesta pesquisa";"Reavaliar se houver prova de bar ou programação pública de festas.";"2026-10-05";"https://www.locaisdobrasil.com.br/encontre/salao-de-festas/diadema-sp/hora-extrabar/660be173d622f2b541167da4";"Ficha correspondente (HTTP 200): https://www.locaisdobrasil.com.br/encontre/salao-de-festas/diadema-sp/hora-extrabar/660be173d622f2b541167da4 | Sem ficha correspondente (HTTP 200): https://restaurantguru.com.br/Hora-Extra-Bar-Diadema"
"Pacajus";"buffet";"R. dos Tabajaras, 147 - Piraporinha, Diadema - SP, 09951-430";"Diadema";"4.317";"dom, seg, ter, qua, qui, sex, sáb: 07:00–22:00";"-23.6894988";"-46.583333599999996";"fonte secundária; funcionamento atual não confirmado";"Confirmar espaço físico para festas; categoria pode incluir restaurante ou serviço de alimentação.";"https://www.locaisdobrasil.com.br/encontre/buffet/diadema-sp/pacajus/66db8db058c8e2634b9920be";"Baixa prioridade — sem evidência de rolê";"4";"Não";"Restaurante, buffet ou espaço de eventos";"Não foi localizada evidência suficiente de bar/resenha ou festas abertas ao público. Categoria/nome sugerem alimentação, comércio ou eventos sob contratação; não é exclusão definitiva.";"Triagem conservadora do cadastro";"Não verificado";"Não confirmada diretamente nesta pesquisa";"Reavaliar se houver prova de bar ou programação pública de festas.";"2026-10-05";"https://www.locaisdobrasil.com.br/encontre/buffet/diadema-sp/pacajus/66db8db058c8e2634b9920be";"Ficha correspondente (HTTP 200): https://www.locaisdobrasil.com.br/encontre/buffet/diadema-sp/pacajus/66db8db058c8e2634b9920be"
"Salão Jac Artt’s";"salao-de-festas";"R. Dona Nina Zanotto, 686 - Jardim Milena, Santo André - SP, 09182-410";"Santo André";"4.332";"dom, seg, ter, qua, qui, sex, sáb: 08:00–23:00";"-23.693488499999997";"-46.529825599999995";"fonte secundária; funcionamento atual não confirmado";"";"https://www.locaisdobrasil.com.br/encontre/salao-de-festas/santo-andre-sp/salao-jac-artts/6286e466911b8129b7e80e08";"Baixa prioridade — sem evidência de rolê";"4";"Não";"Restaurante, buffet ou espaço de eventos";"Não foi localizada evidência suficiente de bar/resenha ou festas abertas ao público. Categoria/nome sugerem alimentação, comércio ou eventos sob contratação; não é exclusão definitiva.";"Triagem conservadora do cadastro";"Não verificado";"Não confirmada diretamente nesta pesquisa";"Reavaliar se houver prova de bar ou programação pública de festas.";"2026-10-05";"https://www.locaisdobrasil.com.br/encontre/salao-de-festas/santo-andre-sp/salao-jac-artts/6286e466911b8129b7e80e08";"Ficha correspondente (HTTP 200): https://www.locaisdobrasil.com.br/encontre/salao-de-festas/santo-andre-sp/salao-jac-artts/6286e466911b8129b7e80e08"
"Caldeirão";"buffet";"R. Bartirá, 57 - Piraporinha, Diadema - SP, 09951-480";"Diadema";"4.342";"dom, ter, qua, qui, sex, sáb: 09:00–23:00";"-23.6912423";"-46.5815762";"fonte secundária; funcionamento atual não confirmado";"Confirmar espaço físico para festas; categoria pode incluir restaurante ou serviço de alimentação.";"https://www.locaisdobrasil.com.br/encontre/buffet/diadema-sp/caldeirao/66de75aca0d134ad69f9e320";"Baixa prioridade — sem evidência de rolê";"4";"Não";"Restaurante, buffet ou espaço de eventos";"Não foi localizada evidência suficiente de bar/resenha ou festas abertas ao público. Categoria/nome sugerem alimentação, comércio ou eventos sob contratação; não é exclusão definitiva.";"Triagem conservadora do cadastro";"Não verificado";"Não confirmada diretamente nesta pesquisa";"Reavaliar se houver prova de bar ou programação pública de festas.";"2026-10-05";"https://www.locaisdobrasil.com.br/encontre/buffet/diadema-sp/caldeirao/66de75aca0d134ad69f9e320";"Ficha correspondente (HTTP 200): https://www.locaisdobrasil.com.br/encontre/buffet/diadema-sp/caldeirao/66de75aca0d134ad69f9e320"
"CR comércio de água mineral";"fornecedor-de-bebidas";"R. Otávio Cândido, 93 - Jardim Las Vegas, Santo André - SP, 09182-710";"Santo André";"4.35";"seg, ter, qua, qui, sex: 08:30–18:00; sáb: 08:30–15:00";"-23.693486999999998";"-46.529497";"fonte secundária; funcionamento atual não confirmado";"Categoria ampla: inclui distribuidor, depósito e água; confirmar se é adega.";"https://www.locaisdobrasil.com.br/encontre/fornecedor-de-bebidas/santo-andre-sp/cr-comercio-de-agua-mineral/653ba82b5134829987a00146";"Fora do foco atual";"5";"Não";"Fornecedor/serviço, não local de encontro";"Atividade identificada como fornecimento de água, serviço de evento, equipamento ou refrigeração; não há evidência de bar para permanecer.";"Nome/atividade registrada — triagem editorial";"Não verificado";"Não confirmada diretamente nesta pesquisa";"Manter no histórico; não incluir no catálogo atual.";"2026-10-05";"https://www.locaisdobrasil.com.br/encontre/fornecedor-de-bebidas/santo-andre-sp/cr-comercio-de-agua-mineral/653ba82b5134829987a00146";"Ficha correspondente (HTTP 200): https://www.locaisdobrasil.com.br/encontre/fornecedor-de-bebidas/santo-andre-sp/cr-comercio-de-agua-mineral/653ba82b5134829987a00146"
"Bar e Lanchonete Altas Horas";"bares";"Av. Brasília, 709 - Vila Bela Vista, Santo André - SP, 09180-460";"Santo André";"4.352";"dom: 07:00–18:00; seg, ter, qua, qui, sex, sáb: 07:00–01:00";"-23.6924864";"-46.5279835";"fonte secundária; funcionamento atual não confirmado";"";"https://www.locaisdobrasil.com.br/encontre/bares/santo-andre-sp/bar-e-lanchonete-altas-horas/660d1baba3f2688d6da69132";"Potencial — confirmar perfil/operação";"2";"Não";"Possível bar para resenha";"Categoria/nome sugerem bar, mas faltou informação específica e confiável sobre consumo no local, ambiente, proposta ou operação atual.";"Ficha correspondente sem detalhes de perfil suficientes";"Não verificado";"Não confirmada diretamente nesta pesquisa";"Confirmar proposta, operação, acesso e endereço em canal da própria casa.";"2026-10-05";"https://www.locaisdobrasil.com.br/encontre/bares/santo-andre-sp/bar-e-lanchonete-altas-horas/660d1baba3f2688d6da69132 | https://restaurantguru.com.br/Bar-e-Lanchonete-Altas-Horas-Santo-Andre";"Ficha correspondente (HTTP 200): https://www.locaisdobrasil.com.br/encontre/bares/santo-andre-sp/bar-e-lanchonete-altas-horas/660d1baba3f2688d6da69132 | Ficha correspondente (HTTP 200): https://restaurantguru.com.br/Bar-e-Lanchonete-Altas-Horas-Santo-Andre"
"Restaurante Nova Opção";"buffet";"R. São Paulo, 2496 - Santa Paula, São Caetano do Sul - SP, 09541-100";"São Caetano do Sul";"4.37";"seg, ter, qua, qui, sex, sáb: 11:00–15:00";"-23.622231799999998";"-46.556716699999996";"fonte secundária; funcionamento atual não confirmado";"Confirmar espaço físico para festas; categoria pode incluir restaurante ou serviço de alimentação.";"https://www.locaisdobrasil.com.br/encontre/buffet/sao-caetano-do-sul-sp/restaurante-nova-opcao/66da901a8f35afd71840fc38";"Baixa prioridade — sem evidência de rolê";"4";"Não";"Restaurante, buffet ou espaço de eventos";"Não foi localizada evidência suficiente de bar/resenha ou festas abertas ao público. Categoria/nome sugerem alimentação, comércio ou eventos sob contratação; não é exclusão definitiva.";"Triagem conservadora do cadastro";"Não verificado";"Não confirmada diretamente nesta pesquisa";"Reavaliar se houver prova de bar ou programação pública de festas.";"2026-10-05";"https://www.locaisdobrasil.com.br/encontre/buffet/sao-caetano-do-sul-sp/restaurante-nova-opcao/66da901a8f35afd71840fc38";"Ficha correspondente (HTTP 200): https://www.locaisdobrasil.com.br/encontre/buffet/sao-caetano-do-sul-sp/restaurante-nova-opcao/66da901a8f35afd71840fc38"
"Bardu’s Bar e Restaurante";"bares";"R. Capeberibe, 646 - Barcelona, São Caetano do Sul - SP, 09551-210";"São Caetano do Sul";"4.373";"seg, ter, qua, qui: 08:00–19:00; sex: 08:00–22:00; sáb: 09:00–15:00";"-23.6221188";"-46.5540596";"fonte secundária; funcionamento atual não confirmado";"";"https://www.locaisdobrasil.com.br/encontre/bares/sao-caetano-do-sul-sp/bardus-bar-e-restaurante/660f6f5aa451b0ad1fb9c3bd";"Potencial — confirmar perfil/operação";"2";"Não";"Possível bar para resenha";"Categoria/nome sugerem bar, mas faltou informação específica e confiável sobre consumo no local, ambiente, proposta ou operação atual.";"Triagem pelo cadastro; sem corroboração específica";"Não verificado";"Não confirmada diretamente nesta pesquisa";"Confirmar proposta, operação, acesso e endereço em canal da própria casa.";"2026-10-05";"https://www.locaisdobrasil.com.br/encontre/bares/sao-caetano-do-sul-sp/bardus-bar-e-restaurante/660f6f5aa451b0ad1fb9c3bd";"Ficha correspondente (HTTP 200): https://www.locaisdobrasil.com.br/encontre/bares/sao-caetano-do-sul-sp/bardus-bar-e-restaurante/660f6f5aa451b0ad1fb9c3bd | Sem ficha correspondente (HTTP 404): https://restaurantguru.com.br/bardu-s-bar-e-restaurante-sao-caetano-do-sul"
"Bar do Tiao";"bares";"R. Francisco Ferreira, 345 - Vila Linda, Santo André - SP, 09175-640";"Santo André";"4.375";"seg, ter, qua, qui, sex: 08:00–21:00; sáb: 09:00–21:00";"-23.6842526";"-46.5190127";"fonte secundária; funcionamento atual não confirmado";"";"https://www.locaisdobrasil.com.br/encontre/bares/santo-andre-sp/bar-do-tiao/636e4d07b46ef06da8426294";"Potencial — confirmar perfil/operação";"2";"Não";"Possível bar para resenha";"Categoria/nome sugerem bar, mas faltou informação específica e confiável sobre consumo no local, ambiente, proposta ou operação atual.";"Triagem pelo cadastro; sem corroboração específica";"Não verificado";"Não confirmada diretamente nesta pesquisa";"Confirmar proposta, operação, acesso e endereço em canal da própria casa.";"2026-10-05";"https://www.locaisdobrasil.com.br/encontre/bares/santo-andre-sp/bar-do-tiao/636e4d07b46ef06da8426294";"Ficha correspondente (HTTP 200): https://www.locaisdobrasil.com.br/encontre/bares/santo-andre-sp/bar-do-tiao/636e4d07b46ef06da8426294 | Sem ficha correspondente (HTTP 200): https://restaurantguru.com.br/Bar-do-Tiao-Santo-Andre"
"Bar da Isabel";"bares";"R. Rio de Janeiro, 775 - Osvaldo Cruz, São Caetano do Sul - SP, 09540-400";"São Caetano do Sul";"4.38";"dom: 10:00–19:00; seg, ter, qua, qui, sex, sáb: 08:00–22:00";"-23.6228926";"-46.5628056";"fonte secundária; funcionamento atual não confirmado";"";"https://www.locaisdobrasil.com.br/encontre/bares/sao-caetano-do-sul-sp/bar-da-isabel/660f6fbda451b0ad1fb9c3ef";"Potencial — confirmar perfil/operação";"2";"Não";"Possível bar para resenha";"Categoria/nome sugerem bar, mas faltou informação específica e confiável sobre consumo no local, ambiente, proposta ou operação atual.";"Ficha correspondente sem detalhes de perfil suficientes";"Não verificado";"Não confirmada diretamente nesta pesquisa";"Confirmar proposta, operação, acesso e endereço em canal da própria casa.";"2026-10-05";"https://www.locaisdobrasil.com.br/encontre/bares/sao-caetano-do-sul-sp/bar-da-isabel/660f6fbda451b0ad1fb9c3ef | https://restaurantguru.com.br/Bar-da-Isabel-Sao-Caetano-do-Sul";"Ficha correspondente (HTTP 200): https://www.locaisdobrasil.com.br/encontre/bares/sao-caetano-do-sul-sp/bar-da-isabel/660f6fbda451b0ad1fb9c3ef | Ficha correspondente (HTTP 200): https://restaurantguru.com.br/Bar-da-Isabel-Sao-Caetano-do-Sul"
"Bar Adamantina''s";"bares";"R. Adamantina, 36 - Vila Bela Vista, Santo André - SP, 09181-000";"Santo André";"4.383";"dom, sáb: 17:00–23:00; ter, qua, qui, sex: 18:00–23:00";"-23.689728";"-46.5240366";"fonte secundária; funcionamento atual não confirmado";"";"https://www.locaisdobrasil.com.br/encontre/bares/santo-andre-sp/bar-adamantinas/660d1bd3a3f2688d6da6913c";"Potencial — confirmar perfil/operação";"2";"Não";"Possível bar para resenha";"Categoria/nome sugerem bar, mas faltou informação específica e confiável sobre consumo no local, ambiente, proposta ou operação atual.";"Triagem pelo cadastro; sem corroboração específica";"Não verificado";"Não confirmada diretamente nesta pesquisa";"Confirmar proposta, operação, acesso e endereço em canal da própria casa.";"2026-10-05";"https://www.locaisdobrasil.com.br/encontre/bares/santo-andre-sp/bar-adamantinas/660d1bd3a3f2688d6da6913c";"Ficha correspondente (HTTP 200): https://www.locaisdobrasil.com.br/encontre/bares/santo-andre-sp/bar-adamantinas/660d1bd3a3f2688d6da6913c | Sem ficha correspondente (HTTP 404): https://restaurantguru.com.br/bar-adamantina-s-santo-andre"
"Rancho Garrafão";"casa-noturna";"R. João Mendes, 176 - Piraporinha, Diadema - SP, 09951-500";"Diadema";"4.394";"dom, qui, sáb: 19:00–01:00";"-23.6906179";"-46.583127999999995";"fonte secundária; funcionamento atual não confirmado";"Categoria do diretório não garante balada; confirmar tipo de atividade.";"https://www.locaisdobrasil.com.br/encontre/casa-noturna/diadema-sp/rancho-garrafao/646768656f16b70535a5f1c5";"Pendente — perfil não esclarecido";"3";"Não";"Casa noturna — tipo de acesso/perfil a confirmar";"Categoria de casa noturna é insuficiente para distinguir festas públicas, atendimento reservado ou cadastro incorreto; confirmar proposta e agenda.";"Ficha correspondente, sem esclarecimento suficiente";"Não verificado";"Não confirmada diretamente nesta pesquisa";"Confirmar proposta, operação, acesso e endereço em canal da própria casa.";"2026-10-05";"https://www.locaisdobrasil.com.br/encontre/casa-noturna/diadema-sp/rancho-garrafao/646768656f16b70535a5f1c5 | https://restaurantguru.com.br/Rancho-Garrafao-Diadema";"Ficha correspondente (HTTP 200): https://www.locaisdobrasil.com.br/encontre/casa-noturna/diadema-sp/rancho-garrafao/646768656f16b70535a5f1c5 | Ficha correspondente (HTTP 200): https://restaurantguru.com.br/Rancho-Garrafao-Diadema"
"Santo Graal Bar";"bares";"Av. Pres. Kennedy, 1103 - Santa Paula, São Caetano do Sul - SP, 09560-010";"São Caetano do Sul";"4.394";"dom: 17:00–00:00; qui, sex: 19:00–04:00; sáb: 12:00–00:00";"-23.621972";"-46.556006";"fonte secundária; funcionamento atual não confirmado";"";"https://www.locaisdobrasil.com.br/encontre/bares/sao-caetano-do-sul-sp/santo-graal-bar/660c415ad622f2b541169d73";"Potencial — confirmar perfil/operação";"2";"Não";"Possível bar para resenha";"Categoria/nome sugerem bar, mas faltou informação específica e confiável sobre consumo no local, ambiente, proposta ou operação atual.";"Triagem pelo cadastro; sem corroboração específica";"Não verificado";"Não confirmada diretamente nesta pesquisa";"Confirmar proposta, operação, acesso e endereço em canal da própria casa.";"2026-10-05";"https://www.locaisdobrasil.com.br/encontre/bares/sao-caetano-do-sul-sp/santo-graal-bar/660c415ad622f2b541169d73";"Ficha correspondente (HTTP 200): https://www.locaisdobrasil.com.br/encontre/bares/sao-caetano-do-sul-sp/santo-graal-bar/660c415ad622f2b541169d73 | Sem ficha correspondente (HTTP 404): https://restaurantguru.com.br/santo-graal-bar-sao-caetano-do-sul"
"Boteco 4 Praças";"bares";"R. Haia, 100-194 - Vila Metalurgica, Santo André - SP, 09220-060";"Santo André";"4.398";"dom, sáb: 11:00–20:00; ter, qua, qui: 15:00–23:00; sex: 11:00–00:00";"-23.6266803";"-46.533447599999995";"fonte secundária; funcionamento atual não confirmado";"";"https://www.locaisdobrasil.com.br/encontre/bares/santo-andre-sp/boteco-4-pracas/660d1aaea3f2688d6da690ea";"Priorizar — perfil corroborado";"1";"Não";"Bar para conversa e bebidas";"Ficha no endereço correspondente apresenta bebidas/petiscos no contexto de bar. Perfil compatível inferido; público universitário e preço acessível não comprovados.";"Perfil descrito em ficha/avaliações secundárias; operação pendente";"Não verificado";"Não confirmada diretamente nesta pesquisa";"Confirmar operação/horários diretamente; conferir endereço, fotos e acesso antes de cadastrar.";"2026-10-05";"https://restaurantguru.com.br/Boteco-4-Pracas-Santo-Andre";"Ficha correspondente (HTTP 200): https://www.locaisdobrasil.com.br/encontre/bares/santo-andre-sp/boteco-4-pracas/660d1aaea3f2688d6da690ea | Ficha correspondente (HTTP 200): https://restaurantguru.com.br/Boteco-4-Pracas-Santo-Andre"
"Lanchonete Nova Flor da Marechal";"buffet";"R. Mal. Deodoro, 345 - Centro, São Bernardo do Campo - SP, 09710-010";"São Bernardo do Campo";"4.403";"seg, ter, qua, qui, sex, sáb: 06:00–22:00";"-23.700986699999998";"-46.5516606";"fonte secundária; funcionamento atual não confirmado";"Confirmar espaço físico para festas; categoria pode incluir restaurante ou serviço de alimentação.";"https://www.locaisdobrasil.com.br/encontre/buffet/sao-bernardo-do-campo-sp/lanchonete-nova-flor-da-marechal/66daedd68f35afd7184163b3";"Baixa prioridade — sem evidência de rolê";"4";"Não";"Restaurante, buffet ou espaço de eventos";"Não foi localizada evidência suficiente de bar/resenha ou festas abertas ao público. Categoria/nome sugerem alimentação, comércio ou eventos sob contratação; não é exclusão definitiva.";"Triagem conservadora do cadastro";"Não verificado";"Não confirmada diretamente nesta pesquisa";"Reavaliar se houver prova de bar ou programação pública de festas.";"2026-10-05";"https://www.locaisdobrasil.com.br/encontre/buffet/sao-bernardo-do-campo-sp/lanchonete-nova-flor-da-marechal/66daedd68f35afd7184163b3";"Ficha correspondente (HTTP 200): https://www.locaisdobrasil.com.br/encontre/buffet/sao-bernardo-do-campo-sp/lanchonete-nova-flor-da-marechal/66daedd68f35afd7184163b3"
"The Hendrix - steak, drink and roast`n roll - Hambúrguer - Chopp";"bares";"R. Olavo Bilac, 421 - Jardim Olavo Bilac, São Bernardo do Campo - SP, 09725-570";"São Bernardo do Campo";"4.404";"dom, ter, qua, qui, sex, sáb: 17:00–22:00";"-23.7009913";"-46.556492899999995";"fonte secundária; funcionamento atual não confirmado";"";"https://www.locaisdobrasil.com.br/encontre/bares/sao-bernardo-do-campo-sp/the-hendrix-steak-drink-and-roastn-roll-hamburguer-chopp/66c7e86cf99178ff574744d7";"Potencial — confirmar perfil/operação";"2";"Não";"Possível bar para resenha";"Categoria/nome sugerem bar, mas faltou informação específica e confiável sobre consumo no local, ambiente, proposta ou operação atual.";"Triagem pelo cadastro; sem corroboração específica";"Não verificado";"Não confirmada diretamente nesta pesquisa";"Confirmar proposta, operação, acesso e endereço em canal da própria casa.";"2026-10-05";"https://www.locaisdobrasil.com.br/encontre/bares/sao-bernardo-do-campo-sp/the-hendrix-steak-drink-and-roastn-roll-hamburguer-chopp/66c7e86cf99178ff574744d7";"Ficha correspondente (HTTP 200): https://www.locaisdobrasil.com.br/encontre/bares/sao-bernardo-do-campo-sp/the-hendrix-steak-drink-and-roastn-roll-hamburguer-chopp/66c7e86cf99178ff574744d7 | Sem ficha correspondente (HTTP 404): https://restaurantguru.com.br/the-hendrix-steak-drink-and-roast-n-roll-hamburguer-chopp-sao-bernardo-do-campo"
"Nações Eventos";"salao-de-festas";"R. Lituânia, 418 - Parque das Nações, Santo André - SP, 09280-260";"Santo André";"4.407";"dom, seg, ter, qua, qui, sex, sáb: 08:00–23:00";"-23.641164699999997";"-46.5168476";"fonte secundária; funcionamento atual não confirmado";"";"https://www.locaisdobrasil.com.br/encontre/salao-de-festas/santo-andre-sp/nacoes-eventos/660beb54d622f2b5411680fb";"Baixa prioridade — sem evidência de rolê";"4";"Não";"Restaurante, buffet ou espaço de eventos";"Não foi localizada evidência suficiente de bar/resenha ou festas abertas ao público. Categoria/nome sugerem alimentação, comércio ou eventos sob contratação; não é exclusão definitiva.";"Triagem conservadora do cadastro";"Não verificado";"Não confirmada diretamente nesta pesquisa";"Reavaliar se houver prova de bar ou programação pública de festas.";"2026-10-05";"https://www.locaisdobrasil.com.br/encontre/salao-de-festas/santo-andre-sp/nacoes-eventos/660beb54d622f2b5411680fb";"Ficha correspondente (HTTP 200): https://www.locaisdobrasil.com.br/encontre/salao-de-festas/santo-andre-sp/nacoes-eventos/660beb54d622f2b5411680fb"
"Espaço Ameixeiras 1232";"salao-de-festas";"Av. das Ameixeiras, 1122-1250 - Taboão, Diadema - SP, 09940-400";"Diadema";"4.411";"Não localizado";"-23.664113099999998";"-46.597228";"fonte secundária; funcionamento atual não confirmado";"";"https://www.locaisdobrasil.com.br/encontre/salao-de-festas/diadema-sp/espaco-ameixeiras-1232/62868cf3911b8129b7e7e0c7";"Baixa prioridade — sem evidência de rolê";"4";"Não";"Restaurante, buffet ou espaço de eventos";"Não foi localizada evidência suficiente de bar/resenha ou festas abertas ao público. Categoria/nome sugerem alimentação, comércio ou eventos sob contratação; não é exclusão definitiva.";"Triagem conservadora do cadastro";"Não verificado";"Não confirmada diretamente nesta pesquisa";"Reavaliar se houver prova de bar ou programação pública de festas.";"2026-10-05";"https://www.locaisdobrasil.com.br/encontre/salao-de-festas/diadema-sp/espaco-ameixeiras-1232/62868cf3911b8129b7e7e0c7";"Ficha correspondente (HTTP 200): https://www.locaisdobrasil.com.br/encontre/salao-de-festas/diadema-sp/espaco-ameixeiras-1232/62868cf3911b8129b7e7e0c7"
"Botequim OMA";"bares";"R. João Mendes, 153 - Piraporinha, Diadema - SP, 09951-500";"Diadema";"4.417";"dom, qui, sex, sáb: 13:00–23:00";"-23.690879499999998";"-46.5831519";"fonte secundária; funcionamento atual não confirmado";"";"https://www.locaisdobrasil.com.br/encontre/bares/diadema-sp/botequim-oma/660c3b7dd622f2b541169b7d";"Potencial — confirmar perfil/operação";"2";"Não";"Possível bar para resenha";"Categoria/nome sugerem bar, mas faltou informação específica e confiável sobre consumo no local, ambiente, proposta ou operação atual.";"Triagem pelo cadastro; sem corroboração específica";"Não verificado";"Não confirmada diretamente nesta pesquisa";"Confirmar proposta, operação, acesso e endereço em canal da própria casa.";"2026-10-05";"https://www.locaisdobrasil.com.br/encontre/bares/diadema-sp/botequim-oma/660c3b7dd622f2b541169b7d";"Ficha correspondente (HTTP 200): https://www.locaisdobrasil.com.br/encontre/bares/diadema-sp/botequim-oma/660c3b7dd622f2b541169b7d | Sem ficha correspondente (HTTP 200): https://restaurantguru.com.br/Botequim-OMA-Diadema"
"Adega São Caetano";"fornecedor-de-bebidas";"R. São Paulo, 2234 - Santa Paula, São Caetano do Sul - SP, 09541-100";"São Caetano do Sul";"4.419";"dom: 11:00–22:30; seg, ter: 17:30–22:00; qua: 14:30–23:30; qui: 17:00–23:30; sex: 16:00–02:00; sáb: 10:30–02:40";"-23.622028";"-46.5595413";"fonte secundária; funcionamento atual não confirmado";"Categoria ampla: inclui distribuidor, depósito e água; confirmar se é adega.";"https://www.locaisdobrasil.com.br/encontre/fornecedor-de-bebidas/sao-caetano-do-sul-sp/adega-sao-caetano/652e9b92a560c09a5b14d817";"Pendente — consumo no local";"3";"Não";"Adega/bebidas — permanência não confirmada";"Venda/preparo de bebidas não comprova mesas, consumo no local ou ambiente de resenha; verificar antes de incluir.";"Categoria/nome do levantamento";"Não verificado";"Não confirmada diretamente nesta pesquisa";"Confirmar mesas/permanência e consumo no local; não inserir somente por vender bebidas.";"2026-10-05";"https://www.locaisdobrasil.com.br/encontre/fornecedor-de-bebidas/sao-caetano-do-sul-sp/adega-sao-caetano/652e9b92a560c09a5b14d817";"Ficha correspondente (HTTP 200): https://www.locaisdobrasil.com.br/encontre/fornecedor-de-bebidas/sao-caetano-do-sul-sp/adega-sao-caetano/652e9b92a560c09a5b14d817 | Sem ficha correspondente (HTTP 200): https://restaurantguru.com.br/Adega-Sao-Caetano-Sao-Caetano-do-Sul"
"Princesa do Piraporinha";"buffet";"R. João Mendes, 30 - Piraporinha, Diadema - SP, 09951-500";"Diadema";"4.421";"dom, seg, ter, qua, qui, sex, sáb: 07:00–01:00";"-23.6915819";"-46.5823421";"fonte secundária; funcionamento atual não confirmado";"Confirmar espaço físico para festas; categoria pode incluir restaurante ou serviço de alimentação.";"https://www.locaisdobrasil.com.br/encontre/buffet/diadema-sp/princesa-do-piraporinha/66daf4858f35afd7184168c2";"Baixa prioridade — sem evidência de rolê";"4";"Não";"Restaurante, buffet ou espaço de eventos";"Não foi localizada evidência suficiente de bar/resenha ou festas abertas ao público. Categoria/nome sugerem alimentação, comércio ou eventos sob contratação; não é exclusão definitiva.";"Triagem conservadora do cadastro";"Não verificado";"Não confirmada diretamente nesta pesquisa";"Reavaliar se houver prova de bar ou programação pública de festas.";"2026-10-05";"https://www.locaisdobrasil.com.br/encontre/buffet/diadema-sp/princesa-do-piraporinha/66daf4858f35afd7184168c2";"Ficha correspondente (HTTP 200): https://www.locaisdobrasil.com.br/encontre/buffet/diadema-sp/princesa-do-piraporinha/66daf4858f35afd7184168c2"
"Fonte das Nações Distribuidora de Água Mineral";"fornecedor-de-bebidas";"R. Espanha, 1088 - Sala 2 - Parque das Nações, Santo André - SP, 09210-010";"Santo André";"4.428";"seg, ter, qua, qui, sex: 08:30–17:30; sáb: 08:30–13:30";"-23.637399499999997";"-46.5193726";"fonte secundária; funcionamento atual não confirmado";"Categoria ampla: inclui distribuidor, depósito e água; confirmar se é adega.";"https://www.locaisdobrasil.com.br/encontre/fornecedor-de-bebidas/santo-andre-sp/fonte-das-nacoes-distribuidora-de-agua-mineral/653ba8175134829987a0012f";"Fora do foco atual";"5";"Não";"Fornecedor/serviço, não local de encontro";"Atividade identificada como fornecimento de água, serviço de evento, equipamento ou refrigeração; não há evidência de bar para permanecer.";"Nome/atividade registrada — triagem editorial";"Não verificado";"Não confirmada diretamente nesta pesquisa";"Manter no histórico; não incluir no catálogo atual.";"2026-10-05";"https://www.locaisdobrasil.com.br/encontre/fornecedor-de-bebidas/santo-andre-sp/fonte-das-nacoes-distribuidora-de-agua-mineral/653ba8175134829987a0012f";"Ficha correspondente (HTTP 200): https://www.locaisdobrasil.com.br/encontre/fornecedor-de-bebidas/santo-andre-sp/fonte-das-nacoes-distribuidora-de-agua-mineral/653ba8175134829987a0012f"
"Restaurante Pimenta De Cheiro";"buffet";"R. Luís Silva, 27 - Vila Cecilia Maria, Santo André - SP, 09176-160";"Santo André";"4.433";"seg, ter, qua, qui, sex, sáb: 07:00–18:00";"-23.679480899999998";"-46.515196200000005";"fonte secundária; funcionamento atual não confirmado";"Confirmar espaço físico para festas; categoria pode incluir restaurante ou serviço de alimentação.";"https://www.locaisdobrasil.com.br/encontre/buffet/santo-andre-sp/restaurante-pimenta-de-cheiro/66db8ca958c8e2634b991f64";"Baixa prioridade — sem evidência de rolê";"4";"Não";"Restaurante, buffet ou espaço de eventos";"Não foi localizada evidência suficiente de bar/resenha ou festas abertas ao público. Categoria/nome sugerem alimentação, comércio ou eventos sob contratação; não é exclusão definitiva.";"Triagem conservadora do cadastro";"Não verificado";"Não confirmada diretamente nesta pesquisa";"Reavaliar se houver prova de bar ou programação pública de festas.";"2026-10-05";"https://www.locaisdobrasil.com.br/encontre/buffet/santo-andre-sp/restaurante-pimenta-de-cheiro/66db8ca958c8e2634b991f64";"Ficha correspondente (HTTP 200): https://www.locaisdobrasil.com.br/encontre/buffet/santo-andre-sp/restaurante-pimenta-de-cheiro/66db8ca958c8e2634b991f64"
"Bar Da Praça";"bares";"Praça Bom Jesus de Piraporinha, 137 - Piraporinha, Diadema - SP, 09951-550";"Diadema";"4.447";"dom: 07:00–23:00; seg, ter, qua, qui: 06:00–22:00; sex: 06:00–23:00; sáb: 06:30–23:00";"-23.6917735";"-46.582486599999996";"fonte secundária; funcionamento atual não confirmado";"";"https://www.locaisdobrasil.com.br/encontre/bares/diadema-sp/bar-da-praca/660be184d622f2b541167daa";"Potencial — confirmar perfil/operação";"2";"Não";"Possível bar para resenha";"Categoria/nome sugerem bar, mas faltou informação específica e confiável sobre consumo no local, ambiente, proposta ou operação atual.";"Ficha correspondente sem detalhes de perfil suficientes";"Não verificado";"Não confirmada diretamente nesta pesquisa";"Confirmar proposta, operação, acesso e endereço em canal da própria casa.";"2026-10-05";"https://www.locaisdobrasil.com.br/encontre/bares/diadema-sp/bar-da-praca/660be184d622f2b541167daa | https://restaurantguru.com.br/Bar-Da-Praca-Diadema";"Ficha correspondente (HTTP 200): https://www.locaisdobrasil.com.br/encontre/bares/diadema-sp/bar-da-praca/660be184d622f2b541167daa | Ficha correspondente (HTTP 200): https://restaurantguru.com.br/Bar-Da-Praca-Diadema"
"Santa Filomena - Bar, Restaurante & Lanches";"bares";"R. Ernesta Pelosini, 43 - Centro, São Bernardo do Campo - SP, 09771-220";"São Bernardo do Campo";"4.453";"Não localizado";"-23.7014152";"-46.5512253";"fonte secundária; funcionamento atual não confirmado";"";"https://www.locaisdobrasil.com.br/encontre/bares/sao-bernardo-do-campo-sp/santa-filomena-bar-restaurante-lanches/660c4f8ad622f2b54116a1d1";"Potencial — confirmar perfil/operação";"2";"Não";"Possível bar para resenha";"Categoria/nome sugerem bar, mas faltou informação específica e confiável sobre consumo no local, ambiente, proposta ou operação atual.";"Triagem pelo cadastro; sem corroboração específica";"Não verificado";"Não confirmada diretamente nesta pesquisa";"Confirmar proposta, operação, acesso e endereço em canal da própria casa.";"2026-10-05";"https://www.locaisdobrasil.com.br/encontre/bares/sao-bernardo-do-campo-sp/santa-filomena-bar-restaurante-lanches/660c4f8ad622f2b54116a1d1";"Ficha correspondente (HTTP 200): https://www.locaisdobrasil.com.br/encontre/bares/sao-bernardo-do-campo-sp/santa-filomena-bar-restaurante-lanches/660c4f8ad622f2b54116a1d1 | Sem ficha correspondente (HTTP 404): https://restaurantguru.com.br/santa-filomena-bar-restaurante-lanches-sao-bernardo-do-campo"
"Dantas Bar";"bares";"R. Dionísio Cavalcante de Souza, 26 - Vila das Paineiras, São Bernardo do Campo - SP, 09725-531";"São Bernardo do Campo";"4.455";"dom, seg, ter, qua, qui, sex, sáb: 10:00–23:00";"-23.701363399999998";"-46.557803299999996";"fonte secundária; funcionamento atual não confirmado";"";"https://www.locaisdobrasil.com.br/encontre/bares/sao-bernardo-do-campo-sp/dantas-bar/660cedd6a3f2688d6da6838f";"Potencial — confirmar perfil/operação";"2";"Não";"Possível bar para resenha";"Categoria/nome sugerem bar, mas faltou informação específica e confiável sobre consumo no local, ambiente, proposta ou operação atual.";"Ficha correspondente sem detalhes de perfil suficientes";"Não verificado";"Não confirmada diretamente nesta pesquisa";"Confirmar proposta, operação, acesso e endereço em canal da própria casa.";"2026-10-05";"https://www.locaisdobrasil.com.br/encontre/bares/sao-bernardo-do-campo-sp/dantas-bar/660cedd6a3f2688d6da6838f | https://restaurantguru.com.br/Dantas-Bar-Sao-Bernardo-do-Campo";"Ficha correspondente (HTTP 200): https://www.locaisdobrasil.com.br/encontre/bares/sao-bernardo-do-campo-sp/dantas-bar/660cedd6a3f2688d6da6838f | Ficha correspondente (HTTP 200): https://restaurantguru.com.br/Dantas-Bar-Sao-Bernardo-do-Campo"
"Bar Do Deley";"bares";"R. Francisco Mendes Pereira, 149 - Vila Euclides, São Bernardo do Campo - SP, 09725-525";"São Bernardo do Campo";"4.459";"dom, seg: 11:30–22:00; ter, qua, sex: 11:00–22:00; qui, sáb: 10:00–23:00";"-23.7013383";"-46.5585506";"fonte secundária; funcionamento atual não confirmado";"";"https://www.locaisdobrasil.com.br/encontre/bares/sao-bernardo-do-campo-sp/bar-do-deley/66c7a83bf99178ff57474378";"Potencial — confirmar perfil/operação";"2";"Não";"Possível bar para resenha";"Categoria/nome sugerem bar, mas faltou informação específica e confiável sobre consumo no local, ambiente, proposta ou operação atual.";"Triagem pelo cadastro; sem corroboração específica";"Não verificado";"Não confirmada diretamente nesta pesquisa";"Confirmar proposta, operação, acesso e endereço em canal da própria casa.";"2026-10-05";"https://www.locaisdobrasil.com.br/encontre/bares/sao-bernardo-do-campo-sp/bar-do-deley/66c7a83bf99178ff57474378";"Ficha correspondente (HTTP 200): https://www.locaisdobrasil.com.br/encontre/bares/sao-bernardo-do-campo-sp/bar-do-deley/66c7a83bf99178ff57474378 | Sem ficha correspondente (HTTP 200): https://restaurantguru.com.br/Bar-Do-Deley-Sao-Bernardo-do-Campo"
"Mestre-Cervejeiro.com";"bares";"R. São Paulo, 1942 - Santa Paula, São Caetano do Sul - SP, 09541-100";"São Caetano do Sul";"4.464";"ter, qua, qui: 16:00–00:00; sex: 13:00–00:00; sáb: 11:00–00:00";"-23.622038";"-46.5623848";"fonte secundária; funcionamento atual não confirmado";"";"https://www.locaisdobrasil.com.br/encontre/bares/sao-caetano-do-sul-sp/mestre-cervejeirocom/660f6fcfa451b0ad1fb9c3f8";"Potencial — confirmar perfil/operação";"2";"Não";"Possível bar para resenha";"Categoria/nome sugerem bar, mas faltou informação específica e confiável sobre consumo no local, ambiente, proposta ou operação atual.";"Triagem pelo cadastro; sem corroboração específica";"Não verificado";"Não confirmada diretamente nesta pesquisa";"Confirmar proposta, operação, acesso e endereço em canal da própria casa.";"2026-10-05";"https://www.locaisdobrasil.com.br/encontre/bares/sao-caetano-do-sul-sp/mestre-cervejeirocom/660f6fcfa451b0ad1fb9c3f8";"Ficha correspondente (HTTP 200): https://www.locaisdobrasil.com.br/encontre/bares/sao-caetano-do-sul-sp/mestre-cervejeirocom/660f6fcfa451b0ad1fb9c3f8 | Sem ficha correspondente (HTTP 404): https://restaurantguru.com.br/mestre-cervejeiro-com-sao-caetano-do-sul"
"Outro bar";"bares";"R. Otávio Cândido - Jardim Las Vegas, Santo André - SP, 09182-710";"Santo André";"4.468";"dom, ter, qua, qui, sex, sáb: 11:00–00:00";"-23.6946958";"-46.529375599999995";"fonte secundária; funcionamento atual não confirmado";"";"https://www.locaisdobrasil.com.br/encontre/bares/santo-andre-sp/outro-bar/660d1acca3f2688d6da690f3";"Potencial — confirmar perfil/operação";"2";"Não";"Possível bar para resenha";"Categoria/nome sugerem bar, mas faltou informação específica e confiável sobre consumo no local, ambiente, proposta ou operação atual.";"Triagem pelo cadastro; sem corroboração específica";"Não verificado";"Não confirmada diretamente nesta pesquisa";"Confirmar proposta, operação, acesso e endereço em canal da própria casa.";"2026-10-05";"https://www.locaisdobrasil.com.br/encontre/bares/santo-andre-sp/outro-bar/660d1acca3f2688d6da690f3";"Ficha correspondente (HTTP 200): https://www.locaisdobrasil.com.br/encontre/bares/santo-andre-sp/outro-bar/660d1acca3f2688d6da690f3 | Sem ficha correspondente (HTTP 200): https://restaurantguru.com.br/Outro-bar-Santo-Andre"
"Restaurante Delícias dos Vianas";"buffet";"R. dos Vianas, 1043 - Baeta Neves, São Bernardo do Campo - SP, 09760-510";"São Bernardo do Campo";"4.473";"seg, ter, qua, qui, sex, sáb: 11:00–14:45";"-23.7002974";"-46.5426345";"fonte secundária; funcionamento atual não confirmado";"Confirmar espaço físico para festas; categoria pode incluir restaurante ou serviço de alimentação.";"https://www.locaisdobrasil.com.br/encontre/buffet/sao-bernardo-do-campo-sp/restaurante-delicias-dos-vianas/66daede88f35afd7184163c2";"Baixa prioridade — sem evidência de rolê";"4";"Não";"Restaurante, buffet ou espaço de eventos";"Não foi localizada evidência suficiente de bar/resenha ou festas abertas ao público. Categoria/nome sugerem alimentação, comércio ou eventos sob contratação; não é exclusão definitiva.";"Triagem conservadora do cadastro";"Não verificado";"Não confirmada diretamente nesta pesquisa";"Reavaliar se houver prova de bar ou programação pública de festas.";"2026-10-05";"https://www.locaisdobrasil.com.br/encontre/buffet/sao-bernardo-do-campo-sp/restaurante-delicias-dos-vianas/66daede88f35afd7184163c2";"Ficha correspondente (HTTP 200): https://www.locaisdobrasil.com.br/encontre/buffet/sao-bernardo-do-campo-sp/restaurante-delicias-dos-vianas/66daede88f35afd7184163c2"
"Bar do Paraná";"bares";"Rua Max Mangels Senior, 458 - Planalto, São Bernardo do Campo - SP, 09895-510";"São Bernardo do Campo";"4.483";"dom: 10:00–16:00; seg, ter, qua, qui, sex, sáb: 11:00–22:00";"-23.6990916";"-46.569792199999995";"fonte secundária; funcionamento atual não confirmado";"";"https://www.locaisdobrasil.com.br/encontre/bares/sao-bernardo-do-campo-sp/bar-do-parana/634efb21bd08cbb564412f3c";"Priorizar — perfil corroborado";"1";"Não";"Bar para resenha e jogos";"Ficha no endereço correspondente apresenta sinuca/bilhar. Perfil compatível inferido; público universitário e preço acessível não comprovados.";"Perfil descrito em ficha/avaliações secundárias; operação pendente";"Não verificado";"Não confirmada diretamente nesta pesquisa";"Confirmar operação/horários diretamente; conferir endereço, fotos e acesso antes de cadastrar.";"2026-10-05";"https://restaurantguru.com.br/Parana-Bar-Sao-Bernardo-do-Campo";"Ficha correspondente (HTTP 200): https://www.locaisdobrasil.com.br/encontre/bares/sao-bernardo-do-campo-sp/bar-do-parana/634efb21bd08cbb564412f3c | Ficha correspondente (HTTP 200): https://restaurantguru.com.br/Parana-Bar-Sao-Bernardo-do-Campo"
"Salão de festas Adoleta 3";"salao-de-festas";"Av. Brasília, 363 - Vila Bela Vista, Santo André - SP, 09180-260";"Santo André";"4.484";"seg, ter, qua, qui, sex: 08:00–19:00; sáb: 08:00–13:00";"-23.691567199999998";"-46.524732199999995";"fonte secundária; funcionamento atual não confirmado";"";"https://www.locaisdobrasil.com.br/encontre/salao-de-festas/santo-andre-sp/salao-de-festas-adoleta-3/62a1515f6e1550eac4c7410a";"Fora do foco atual";"5";"Não";"Festas infantis";"Identificação explícita de buffet/festa infantil; fora do foco de rolê entre universitários adultos.";"Nome/atividade registrada";"Não verificado";"Não confirmada diretamente nesta pesquisa";"Manter no histórico; não incluir no catálogo atual.";"2026-10-05";"https://www.locaisdobrasil.com.br/encontre/salao-de-festas/santo-andre-sp/salao-de-festas-adoleta-3/62a1515f6e1550eac4c7410a";"Ficha correspondente (HTTP 200): https://www.locaisdobrasil.com.br/encontre/salao-de-festas/santo-andre-sp/salao-de-festas-adoleta-3/62a1515f6e1550eac4c7410a"
"Bar Da Marcia";"bares";"Av. da Paz, 825 - Vila Metalurgica, Santo André - SP, 09220-310";"Santo André";"4.484";"dom: 00:00–05:00; seg, ter, qua, qui: 08:00–00:00; sex: 08:00–05:00";"-23.6232267";"-46.5399943";"fonte secundária; funcionamento atual não confirmado";"";"https://www.locaisdobrasil.com.br/encontre/bares/santo-andre-sp/bar-da-marcia/636e4cfab46ef06da8426289";"Potencial — confirmar perfil/operação";"2";"Não";"Possível bar para resenha";"Categoria/nome sugerem bar, mas faltou informação específica e confiável sobre consumo no local, ambiente, proposta ou operação atual.";"Triagem pelo cadastro; sem corroboração específica";"Não verificado";"Não confirmada diretamente nesta pesquisa";"Confirmar proposta, operação, acesso e endereço em canal da própria casa.";"2026-10-05";"https://www.locaisdobrasil.com.br/encontre/bares/santo-andre-sp/bar-da-marcia/636e4cfab46ef06da8426289";"Ficha correspondente (HTTP 200): https://www.locaisdobrasil.com.br/encontre/bares/santo-andre-sp/bar-da-marcia/636e4cfab46ef06da8426289 | Sem ficha correspondente (HTTP 200): https://restaurantguru.com.br/Bar-Da-Marcia-Santo-Andre"
"Pérola da Nova Petropolis";"buffet";"Av. Wallace Simonsen, 80 - Nova Petrópolis, São Bernardo do Campo - SP, 09771-210";"São Bernardo do Campo";"4.485";"seg, ter, qua, qui, sex: 07:00–20:30; sáb: 08:00–16:00";"-23.7014279";"-46.5481948";"fonte secundária; funcionamento atual não confirmado";"Confirmar espaço físico para festas; categoria pode incluir restaurante ou serviço de alimentação.";"https://www.locaisdobrasil.com.br/encontre/buffet/sao-bernardo-do-campo-sp/perola-da-nova-petropolis/66daeddb8f35afd7184163b7";"Baixa prioridade — sem evidência de rolê";"4";"Não";"Restaurante, buffet ou espaço de eventos";"Não foi localizada evidência suficiente de bar/resenha ou festas abertas ao público. Categoria/nome sugerem alimentação, comércio ou eventos sob contratação; não é exclusão definitiva.";"Triagem conservadora do cadastro";"Não verificado";"Não confirmada diretamente nesta pesquisa";"Reavaliar se houver prova de bar ou programação pública de festas.";"2026-10-05";"https://www.locaisdobrasil.com.br/encontre/buffet/sao-bernardo-do-campo-sp/perola-da-nova-petropolis/66daeddb8f35afd7184163b7";"Ficha correspondente (HTTP 200): https://www.locaisdobrasil.com.br/encontre/buffet/sao-bernardo-do-campo-sp/perola-da-nova-petropolis/66daeddb8f35afd7184163b7"
"Bar do 21";"bares";"Rua José Benedetti, 654 - Santo Antônio, São Caetano do Sul - SP, 09531-000";"São Caetano do Sul";"4.486";"Não localizado";"-23.6240181";"-46.5704436";"fonte secundária; funcionamento atual não confirmado";"";"https://www.locaisdobrasil.com.br/encontre/bares/sao-caetano-do-sul-sp/bar-do-21/660f6f7ca451b0ad1fb9c3ce";"Priorizar — perfil corroborado";"1";"Não";"Bar para resenha e jogos";"Ficha no endereço correspondente apresenta sinuca/bilhar. Perfil compatível inferido; público universitário e preço acessível não comprovados.";"Perfil descrito em ficha/avaliações secundárias; operação pendente";"Não verificado";"Não confirmada diretamente nesta pesquisa";"Confirmar operação/horários diretamente; conferir endereço, fotos e acesso antes de cadastrar.";"2026-10-05";"https://restaurantguru.com.br/Bar-do-21-Sao-Caetano-do-Sul";"Ficha correspondente (HTTP 200): https://www.locaisdobrasil.com.br/encontre/bares/sao-caetano-do-sul-sp/bar-do-21/660f6f7ca451b0ad1fb9c3ce | Ficha correspondente (HTTP 200): https://restaurantguru.com.br/Bar-do-21-Sao-Caetano-do-Sul"
"Bom Apetite Restaurante";"buffet";"R. Espanha, 1178 - Parque das Nações, Santo André - SP, 09210-010";"Santo André";"4.494";"seg, ter, qua, qui, sex, sáb: 11:00–15:00";"-23.6374723";"-46.5184989";"fonte secundária; funcionamento atual não confirmado";"Confirmar espaço físico para festas; categoria pode incluir restaurante ou serviço de alimentação.";"https://www.locaisdobrasil.com.br/encontre/buffet/santo-andre-sp/bom-apetite-restaurante/66db8cad58c8e2634b991f6b";"Baixa prioridade — sem evidência de rolê";"4";"Não";"Restaurante, buffet ou espaço de eventos";"Não foi localizada evidência suficiente de bar/resenha ou festas abertas ao público. Categoria/nome sugerem alimentação, comércio ou eventos sob contratação; não é exclusão definitiva.";"Triagem conservadora do cadastro";"Não verificado";"Não confirmada diretamente nesta pesquisa";"Reavaliar se houver prova de bar ou programação pública de festas.";"2026-10-05";"https://www.locaisdobrasil.com.br/encontre/buffet/santo-andre-sp/bom-apetite-restaurante/66db8cad58c8e2634b991f6b";"Ficha correspondente (HTTP 200): https://www.locaisdobrasil.com.br/encontre/buffet/santo-andre-sp/bom-apetite-restaurante/66db8cad58c8e2634b991f6b"
"Izuka bar & espeto";"bares";"Av. do Taboão, 2524 - Suísso, São Bernardo do Campo - SP, 09655-000";"São Bernardo do Campo";"4.495";"dom: 10:00–20:00; ter, qua, qui, sex: 17:00–23:00; sáb: 14:00–23:00";"-23.6586736";"-46.598048399999996";"fonte secundária; funcionamento atual não confirmado";"";"https://www.locaisdobrasil.com.br/encontre/bares/sao-bernardo-do-campo-sp/izuka-bar-espeto/66c7a83bf99178ff5747437a";"Potencial — confirmar perfil/operação";"2";"Não";"Possível bar para resenha";"Categoria/nome sugerem bar, mas faltou informação específica e confiável sobre consumo no local, ambiente, proposta ou operação atual.";"Triagem pelo cadastro; sem corroboração específica";"Não verificado";"Não confirmada diretamente nesta pesquisa";"Confirmar proposta, operação, acesso e endereço em canal da própria casa.";"2026-10-05";"https://www.locaisdobrasil.com.br/encontre/bares/sao-bernardo-do-campo-sp/izuka-bar-espeto/66c7a83bf99178ff5747437a";"Ficha correspondente (HTTP 200): https://www.locaisdobrasil.com.br/encontre/bares/sao-bernardo-do-campo-sp/izuka-bar-espeto/66c7a83bf99178ff5747437a | Sem ficha correspondente (HTTP 404): https://restaurantguru.com.br/izuka-bar-espeto-sao-bernardo-do-campo"
"Alvorada's Bar";"bares";"Av. Brasília, 291 - Vila Bela Vista, Santo André - SP, 09180-260";"Santo André";"4.495";"dom: 10:00–18:00; seg, ter, qua, qui, sex, sáb: 08:00–21:00";"-23.6912292";"-46.5241749";"fonte secundária; funcionamento atual não confirmado";"";"https://www.locaisdobrasil.com.br/encontre/bares/santo-andre-sp/alvoradas-bar/636e4cffb46ef06da842628d";"Potencial — confirmar perfil/operação";"2";"Não";"Possível bar para resenha";"Categoria/nome sugerem bar, mas faltou informação específica e confiável sobre consumo no local, ambiente, proposta ou operação atual.";"Triagem pelo cadastro; sem corroboração específica";"Não verificado";"Não confirmada diretamente nesta pesquisa";"Confirmar proposta, operação, acesso e endereço em canal da própria casa.";"2026-10-05";"https://www.locaisdobrasil.com.br/encontre/bares/santo-andre-sp/alvoradas-bar/636e4cffb46ef06da842628d";"Ficha correspondente (HTTP 200): https://www.locaisdobrasil.com.br/encontre/bares/santo-andre-sp/alvoradas-bar/636e4cffb46ef06da842628d | Sem ficha correspondente (HTTP 404): https://restaurantguru.com.br/alvorada-s-bar-santo-andre"
"Chocoshow Cascatas de Chocolate e Cabine de Fotos";"buffet";"Rua Guilherme Tell, 133 - Suísso, São Bernardo do Campo - SP, 09663-010";"São Bernardo do Campo";"4.501";"seg, ter, qua, qui, sex: 10:00–17:00";"-23.6569248";"-46.5979403";"fonte secundária; funcionamento atual não confirmado";"Confirmar espaço físico para festas; categoria pode incluir restaurante ou serviço de alimentação.";"https://www.locaisdobrasil.com.br/encontre/buffet/sao-bernardo-do-campo-sp/chocoshow-cascatas-de-chocolate-e-cabine-de-fotos/66db950a58c8e2634b992a1f";"Fora do foco atual";"5";"Não";"Fornecedor/serviço, não local de encontro";"Atividade identificada como fornecimento de água, serviço de evento, equipamento ou refrigeração; não há evidência de bar para permanecer.";"Nome/atividade registrada — triagem editorial";"Não verificado";"Não confirmada diretamente nesta pesquisa";"Manter no histórico; não incluir no catálogo atual.";"2026-10-05";"https://www.locaisdobrasil.com.br/encontre/buffet/sao-bernardo-do-campo-sp/chocoshow-cascatas-de-chocolate-e-cabine-de-fotos/66db950a58c8e2634b992a1f";"Ficha correspondente (HTTP 200): https://www.locaisdobrasil.com.br/encontre/buffet/sao-bernardo-do-campo-sp/chocoshow-cascatas-de-chocolate-e-cabine-de-fotos/66db950a58c8e2634b992a1f"
"Restaurante Lá Donna";"buffet";"R. Carijós, 2182 - Vila Linda, Santo André - SP, 09180-000";"Santo André";"4.503";"seg, ter, qua, qui, sex, sáb: 11:00–14:30";"-23.689556099999997";"-46.522191500000005";"fonte secundária; funcionamento atual não confirmado";"Confirmar espaço físico para festas; categoria pode incluir restaurante ou serviço de alimentação.";"https://www.locaisdobrasil.com.br/encontre/buffet/santo-andre-sp/restaurante-la-donna/66db8ca058c8e2634b991f57";"Baixa prioridade — sem evidência de rolê";"4";"Não";"Restaurante, buffet ou espaço de eventos";"Não foi localizada evidência suficiente de bar/resenha ou festas abertas ao público. Categoria/nome sugerem alimentação, comércio ou eventos sob contratação; não é exclusão definitiva.";"Triagem conservadora do cadastro";"Não verificado";"Não confirmada diretamente nesta pesquisa";"Reavaliar se houver prova de bar ou programação pública de festas.";"2026-10-05";"https://www.locaisdobrasil.com.br/encontre/buffet/santo-andre-sp/restaurante-la-donna/66db8ca058c8e2634b991f57";"Ficha correspondente (HTTP 200): https://www.locaisdobrasil.com.br/encontre/buffet/santo-andre-sp/restaurante-la-donna/66db8ca058c8e2634b991f57"
"Buffet Caramelle";"salao-de-festas";"R. Amazonas, 1405 - Gonzaga, São Caetano do Sul - SP, 09540-202";"São Caetano do Sul";"4.506";"dom, seg, ter, qua, qui, sex, sáb: 00:00–23:59";"-23.6234188";"-46.56930560000001";"fonte secundária; funcionamento atual não confirmado";"";"https://www.locaisdobrasil.com.br/encontre/salao-de-festas/sao-caetano-do-sul-sp/buffet-caramelle/64d17449fe77cec8b0a103a2";"Baixa prioridade — sem evidência de rolê";"4";"Não";"Restaurante, buffet ou espaço de eventos";"Não foi localizada evidência suficiente de bar/resenha ou festas abertas ao público. Categoria/nome sugerem alimentação, comércio ou eventos sob contratação; não é exclusão definitiva.";"Triagem conservadora do cadastro";"Não verificado";"Não confirmada diretamente nesta pesquisa";"Reavaliar se houver prova de bar ou programação pública de festas.";"2026-10-05";"https://www.locaisdobrasil.com.br/encontre/salao-de-festas/sao-caetano-do-sul-sp/buffet-caramelle/64d17449fe77cec8b0a103a2";"Ficha correspondente (HTTP 200): https://www.locaisdobrasil.com.br/encontre/salao-de-festas/sao-caetano-do-sul-sp/buffet-caramelle/64d17449fe77cec8b0a103a2"
"Garrafaria Paulista";"bares";"R. Martim Francisco, 563 - Santa Paula, São Caetano do Sul - SP, 09541-330";"São Caetano do Sul";"4.511";"dom: 12:00–18:00; qua, qui, sex: 17:00–23:00; sáb: 12:00–23:00";"-23.6214394";"-46.561322399999995";"fonte secundária; funcionamento atual não confirmado";"";"https://www.locaisdobrasil.com.br/encontre/bares/sao-caetano-do-sul-sp/garrafaria-paulista/64e3d5a2d66ee5f1b71b2ea5";"Potencial — confirmar perfil/operação";"2";"Não";"Possível bar para resenha";"Categoria/nome sugerem bar, mas faltou informação específica e confiável sobre consumo no local, ambiente, proposta ou operação atual.";"Triagem pelo cadastro; sem corroboração específica";"Não verificado";"Não confirmada diretamente nesta pesquisa";"Confirmar proposta, operação, acesso e endereço em canal da própria casa.";"2026-10-05";"https://www.locaisdobrasil.com.br/encontre/bares/sao-caetano-do-sul-sp/garrafaria-paulista/64e3d5a2d66ee5f1b71b2ea5";"Ficha correspondente (HTTP 200): https://www.locaisdobrasil.com.br/encontre/bares/sao-caetano-do-sul-sp/garrafaria-paulista/64e3d5a2d66ee5f1b71b2ea5 | Sem ficha correspondente (HTTP 200): https://restaurantguru.com.br/Garrafaria-Paulista-Sao-Caetano-do-Sul"
"Espacio Prieto";"salao-de-festas";"R. Amazonas, 1405 - Gonzaga, São Caetano do Sul - SP, 09540-202";"São Caetano do Sul";"4.513";"Não localizado";"-23.6233537";"-46.569306399999995";"fonte secundária; funcionamento atual não confirmado";"";"https://www.locaisdobrasil.com.br/encontre/salao-de-festas/sao-caetano-do-sul-sp/espacio-prieto/64d17455fe77cec8b0a103ad";"Baixa prioridade — sem evidência de rolê";"4";"Não";"Restaurante, buffet ou espaço de eventos";"Não foi localizada evidência suficiente de bar/resenha ou festas abertas ao público. Categoria/nome sugerem alimentação, comércio ou eventos sob contratação; não é exclusão definitiva.";"Triagem conservadora do cadastro";"Não verificado";"Não confirmada diretamente nesta pesquisa";"Reavaliar se houver prova de bar ou programação pública de festas.";"2026-10-05";"https://www.locaisdobrasil.com.br/encontre/salao-de-festas/sao-caetano-do-sul-sp/espacio-prieto/64d17455fe77cec8b0a103ad";"Ficha correspondente (HTTP 200): https://www.locaisdobrasil.com.br/encontre/salao-de-festas/sao-caetano-do-sul-sp/espacio-prieto/64d17455fe77cec8b0a103ad"
"Mariah Pub";"bares";"R. Vinte e Quatro de Maio - Vila America, Santo André - SP, 09110-305";"Santo André";"4.52";"dom: 00:00–05:00; seg, ter, qua: 19:00–02:00; qui, sex: 23:00–05:00; sáb: 23:00–00:00";"-23.6687481";"-46.5103624";"fonte secundária; funcionamento atual não confirmado";"";"https://www.locaisdobrasil.com.br/encontre/bares/santo-andre-sp/mariah-pub/660d1ab8a3f2688d6da690ed";"Potencial — confirmar perfil/operação";"2";"Não";"Possível bar musical/pub";"Categoria/nome sugerem bar, mas faltou informação específica e confiável sobre consumo no local, ambiente, proposta ou operação atual.";"Ficha correspondente sem detalhes de perfil suficientes";"Não verificado";"Não confirmada diretamente nesta pesquisa";"Confirmar proposta, operação, acesso e endereço em canal da própria casa.";"2026-10-05";"https://www.locaisdobrasil.com.br/encontre/bares/santo-andre-sp/mariah-pub/660d1ab8a3f2688d6da690ed | https://restaurantguru.com.br/Mariah-Pub-Santo-Andre";"Ficha correspondente (HTTP 200): https://www.locaisdobrasil.com.br/encontre/bares/santo-andre-sp/mariah-pub/660d1ab8a3f2688d6da690ed | Ficha correspondente (HTTP 200): https://restaurantguru.com.br/Mariah-Pub-Santo-Andre"
"Buffet Toca";"salao-de-festas";"R. São Paulo, 1779/1781 - Santa Paula, São Caetano do Sul - SP, 09541-100";"São Caetano do Sul";"4.523";"seg: 09:00–16:00; ter, qua, qui, sex: 09:00–18:00; sáb: 11:00–18:00";"-23.621837799999998";"-46.5640967";"fonte secundária; funcionamento atual não confirmado";"";"https://www.locaisdobrasil.com.br/encontre/salao-de-festas/sao-caetano-do-sul-sp/buffet-toca/64d13f5bfe77cec8b0a0d163";"Baixa prioridade — sem evidência de rolê";"4";"Não";"Restaurante, buffet ou espaço de eventos";"Não foi localizada evidência suficiente de bar/resenha ou festas abertas ao público. Categoria/nome sugerem alimentação, comércio ou eventos sob contratação; não é exclusão definitiva.";"Triagem conservadora do cadastro";"Não verificado";"Não confirmada diretamente nesta pesquisa";"Reavaliar se houver prova de bar ou programação pública de festas.";"2026-10-05";"https://www.locaisdobrasil.com.br/encontre/salao-de-festas/sao-caetano-do-sul-sp/buffet-toca/64d13f5bfe77cec8b0a0d163";"Ficha correspondente (HTTP 200): https://www.locaisdobrasil.com.br/encontre/salao-de-festas/sao-caetano-do-sul-sp/buffet-toca/64d13f5bfe77cec8b0a0d163"
"Bar do Chico";"bares";"R. Maranhão, 1527 - Santa Paula, São Caetano do Sul - SP, 09560-050";"São Caetano do Sul";"4.53";"dom: 08:00–15:00; seg, ter, qua, qui: 08:00–20:00; sex: 08:00–21:00; sáb: 08:00–19:00";"-23.620892800000004";"-46.558216699999996";"fonte secundária; funcionamento atual não confirmado";"";"https://www.locaisdobrasil.com.br/encontre/bares/sao-caetano-do-sul-sp/bar-do-chico/660f6f7aa451b0ad1fb9c3cd";"Priorizar — perfil corroborado";"1";"Não";"Bar para conversa e bebidas";"Ficha no endereço correspondente apresenta bebidas/petiscos no contexto de bar. Perfil compatível inferido; público universitário e preço acessível não comprovados.";"Perfil descrito em ficha/avaliações secundárias; operação pendente";"Não verificado";"Não confirmada diretamente nesta pesquisa";"Confirmar operação/horários diretamente; conferir endereço, fotos e acesso antes de cadastrar.";"2026-10-05";"https://restaurantguru.com.br/Bar-Do-Chico-Sao-Caetano-do-Sul";"Ficha correspondente (HTTP 200): https://www.locaisdobrasil.com.br/encontre/bares/sao-caetano-do-sul-sp/bar-do-chico/660f6f7aa451b0ad1fb9c3cd | Ficha correspondente (HTTP 200): https://restaurantguru.com.br/Bar-Do-Chico-Sao-Caetano-do-Sul"
"Bar do Mineiro";"bares";"Av. Andrade Neves, 968 - Vila Helena, Santo André - SP, 09175-360";"Santo André";"4.536";"dom, seg, ter, qua, qui, sex, sáb: 07:00–19:00";"-23.6804743";"-46.5146191";"fonte secundária; funcionamento atual não confirmado";"";"https://www.locaisdobrasil.com.br/encontre/bares/santo-andre-sp/bar-do-mineiro/636e4ceeb46ef06da842627e";"Potencial — confirmar perfil/operação";"2";"Não";"Possível bar para resenha";"Categoria/nome sugerem bar, mas faltou informação específica e confiável sobre consumo no local, ambiente, proposta ou operação atual.";"Triagem pelo cadastro; sem corroboração específica";"Não verificado";"Não confirmada diretamente nesta pesquisa";"Confirmar proposta, operação, acesso e endereço em canal da própria casa.";"2026-10-05";"https://www.locaisdobrasil.com.br/encontre/bares/santo-andre-sp/bar-do-mineiro/636e4ceeb46ef06da842627e";"Ficha correspondente (HTTP 200): https://www.locaisdobrasil.com.br/encontre/bares/santo-andre-sp/bar-do-mineiro/636e4ceeb46ef06da842627e | Sem ficha correspondente (HTTP 200): https://restaurantguru.com.br/Restaurante-Do-Mineiro-Santo-Andre"
"Eleganc Eventos";"buffet";"R. São Paulo, 1669 - Santa Paula, São Caetano do Sul - SP, 09541-100";"São Caetano do Sul";"4.541";"seg, ter, qua, qui, sex: 10:00–17:00; sáb: 10:00–13:00";"-23.621885199999998";"-46.565084999999996";"fonte secundária; funcionamento atual não confirmado";"Confirmar espaço físico para festas; categoria pode incluir restaurante ou serviço de alimentação.";"https://www.locaisdobrasil.com.br/encontre/buffet/sao-caetano-do-sul-sp/eleganc-eventos/66dabb658f35afd7184136f9";"Baixa prioridade — sem evidência de rolê";"4";"Não";"Restaurante, buffet ou espaço de eventos";"Não foi localizada evidência suficiente de bar/resenha ou festas abertas ao público. Categoria/nome sugerem alimentação, comércio ou eventos sob contratação; não é exclusão definitiva.";"Triagem conservadora do cadastro";"Não verificado";"Não confirmada diretamente nesta pesquisa";"Reavaliar se houver prova de bar ou programação pública de festas.";"2026-10-05";"https://www.locaisdobrasil.com.br/encontre/buffet/sao-caetano-do-sul-sp/eleganc-eventos/66dabb658f35afd7184136f9";"Ficha correspondente (HTTP 200): https://www.locaisdobrasil.com.br/encontre/buffet/sao-caetano-do-sul-sp/eleganc-eventos/66dabb658f35afd7184136f9"
"Nosso bar";"bares";"R. Rio de Janeiro, 199 - Osvaldo Cruz, São Caetano do Sul - SP, 09540-400";"São Caetano do Sul";"4.551";"dom: 11:00–23:30; qua: 18:00–02:30; qui: 18:00–01:00; sex: 18:00–02:00; sáb: 11:00–02:30";"-23.622732";"-46.568504999999995";"fonte secundária; funcionamento atual não confirmado";"";"https://www.locaisdobrasil.com.br/encontre/bares/sao-caetano-do-sul-sp/nosso-bar/660f6f8da451b0ad1fb9c3d7";"Potencial — confirmar perfil/operação";"2";"Não";"Possível bar para resenha";"Categoria/nome sugerem bar, mas faltou informação específica e confiável sobre consumo no local, ambiente, proposta ou operação atual.";"Ficha correspondente sem detalhes de perfil suficientes";"Não verificado";"Não confirmada diretamente nesta pesquisa";"Confirmar proposta, operação, acesso e endereço em canal da própria casa.";"2026-10-05";"https://www.locaisdobrasil.com.br/encontre/bares/sao-caetano-do-sul-sp/nosso-bar/660f6f8da451b0ad1fb9c3d7 | https://restaurantguru.com.br/Nosso-bar-Sao-Caetano-do-Sul";"Ficha correspondente (HTTP 200): https://www.locaisdobrasil.com.br/encontre/bares/sao-caetano-do-sul-sp/nosso-bar/660f6f8da451b0ad1fb9c3d7 | Ficha correspondente (HTTP 200): https://restaurantguru.com.br/Nosso-bar-Sao-Caetano-do-Sul"
"Borracha Bar";"bares";"Rua Maria Adelaide Lima, Quelhas, 652 - Jardim Olavo Bilac, São Bernardo do Campo - SP, 09725-610";"São Bernardo do Campo";"4.552";"dom, ter, qua, qui, sex, sáb: 16:00–00:00";"-23.7019563";"-46.560470699999996";"fonte secundária; funcionamento atual não confirmado";"";"https://www.locaisdobrasil.com.br/encontre/bares/sao-bernardo-do-campo-sp/borracha-bar/66c7a840f99178ff57474387";"Potencial — confirmar perfil/operação";"2";"Não";"Possível bar para resenha";"Categoria/nome sugerem bar, mas faltou informação específica e confiável sobre consumo no local, ambiente, proposta ou operação atual.";"Triagem pelo cadastro; sem corroboração específica";"Não verificado";"Não confirmada diretamente nesta pesquisa";"Confirmar proposta, operação, acesso e endereço em canal da própria casa.";"2026-10-05";"https://www.locaisdobrasil.com.br/encontre/bares/sao-bernardo-do-campo-sp/borracha-bar/66c7a840f99178ff57474387";"Ficha correspondente (HTTP 200): https://www.locaisdobrasil.com.br/encontre/bares/sao-bernardo-do-campo-sp/borracha-bar/66c7a840f99178ff57474387 | Sem ficha correspondente (HTTP 404): https://restaurantguru.com.br/borracha-bar-sao-bernardo-do-campo"
"Bar do Marcão";"bares";"Tv. Nova Brasil, 6 - Piraporinha, Diadema - SP, 09950-695";"Diadema";"4.554";"dom: 10:00–22:00; seg: 10:00–16:00; ter, qua, qui, sex, sáb: 10:00–23:00";"-23.6830285";"-46.59203";"fonte secundária; funcionamento atual não confirmado";"";"https://www.locaisdobrasil.com.br/encontre/bares/diadema-sp/bar-do-marcao/660c3b1ed622f2b541169b5e";"Potencial — confirmar perfil/operação";"2";"Não";"Possível bar para resenha";"Categoria/nome sugerem bar, mas faltou informação específica e confiável sobre consumo no local, ambiente, proposta ou operação atual.";"Ficha correspondente sem detalhes de perfil suficientes";"Não verificado";"Não confirmada diretamente nesta pesquisa";"Confirmar proposta, operação, acesso e endereço em canal da própria casa.";"2026-10-05";"https://www.locaisdobrasil.com.br/encontre/bares/diadema-sp/bar-do-marcao/660c3b1ed622f2b541169b5e | https://restaurantguru.com.br/Bar-do-Marcao-Diadema";"Ficha correspondente (HTTP 200): https://www.locaisdobrasil.com.br/encontre/bares/diadema-sp/bar-do-marcao/660c3b1ed622f2b541169b5e | Ficha correspondente (HTTP 200): https://restaurantguru.com.br/Bar-do-Marcao-Diadema"
"Carrapateiras";"bares";"R. Amazonas, 1353 - Oswaldo Cruz, São Caetano do Sul - SP, 09540-202";"São Caetano do Sul";"4.566";"seg, ter, qua, qui, sex, sáb: 08:00–23:00";"-23.622868";"-46.569352200000004";"fonte secundária; funcionamento atual não confirmado";"";"https://www.locaisdobrasil.com.br/encontre/bares/sao-caetano-do-sul-sp/carrapateiras/660f6ec7a451b0ad1fb9c372";"Priorizar — perfil corroborado";"1";"Não";"Bar para conversa e bebidas";"Ficha no endereço correspondente apresenta bebidas/petiscos no contexto de bar. Perfil compatível inferido; público universitário e preço acessível não comprovados.";"Perfil descrito em ficha/avaliações secundárias; operação pendente";"Não verificado";"Não confirmada diretamente nesta pesquisa";"Confirmar operação/horários diretamente; conferir endereço, fotos e acesso antes de cadastrar.";"2026-10-05";"https://restaurantguru.com.br/Carrapateiras-Sao-Caetano-do-Sul";"Ficha correspondente (HTTP 200): https://www.locaisdobrasil.com.br/encontre/bares/sao-caetano-do-sul-sp/carrapateiras/660f6ec7a451b0ad1fb9c372 | Ficha correspondente (HTTP 200): https://restaurantguru.com.br/Carrapateiras-Sao-Caetano-do-Sul"
"Nova São Bernardo";"buffet";"R. Mal. Deodoro, 520 - Centro, São Bernardo do Campo - SP, 09710-000";"São Bernardo do Campo";"4.581";"seg, ter, qua, qui, sex, sáb: 07:00–22:00";"-23.7025912";"-46.5517171";"fonte secundária; funcionamento atual não confirmado";"Confirmar espaço físico para festas; categoria pode incluir restaurante ou serviço de alimentação.";"https://www.locaisdobrasil.com.br/encontre/buffet/sao-bernardo-do-campo-sp/nova-sao-bernardo/66daedea8f35afd7184163c3";"Baixa prioridade — sem evidência de rolê";"4";"Não";"Restaurante, buffet ou espaço de eventos";"Não foi localizada evidência suficiente de bar/resenha ou festas abertas ao público. Categoria/nome sugerem alimentação, comércio ou eventos sob contratação; não é exclusão definitiva.";"Triagem conservadora do cadastro";"Não verificado";"Não confirmada diretamente nesta pesquisa";"Reavaliar se houver prova de bar ou programação pública de festas.";"2026-10-05";"https://www.locaisdobrasil.com.br/encontre/buffet/sao-bernardo-do-campo-sp/nova-sao-bernardo/66daedea8f35afd7184163c3";"Ficha correspondente (HTTP 200): https://www.locaisdobrasil.com.br/encontre/buffet/sao-bernardo-do-campo-sp/nova-sao-bernardo/66daedea8f35afd7184163c3"
"Gaetano Gelateria e Comfort Food";"buffet";"R. Maranhão, 1141 - Santa Paula, São Caetano do Sul - SP, 09541-001";"São Caetano do Sul";"4.581";"seg, ter, qua, qui, sex: 11:30–17:30; sáb: 11:30–17:00";"-23.6209249";"-46.562109899999996";"fonte secundária; funcionamento atual não confirmado";"Confirmar espaço físico para festas; categoria pode incluir restaurante ou serviço de alimentação.";"https://www.locaisdobrasil.com.br/encontre/buffet/sao-caetano-do-sul-sp/gaetano-gelateria-e-comfort-food/66db8c9258c8e2634b991f43";"Baixa prioridade — sem evidência de rolê";"4";"Não";"Restaurante, buffet ou espaço de eventos";"Não foi localizada evidência suficiente de bar/resenha ou festas abertas ao público. Categoria/nome sugerem alimentação, comércio ou eventos sob contratação; não é exclusão definitiva.";"Triagem conservadora do cadastro";"Não verificado";"Não confirmada diretamente nesta pesquisa";"Reavaliar se houver prova de bar ou programação pública de festas.";"2026-10-05";"https://www.locaisdobrasil.com.br/encontre/buffet/sao-caetano-do-sul-sp/gaetano-gelateria-e-comfort-food/66db8c9258c8e2634b991f43";"Ficha correspondente (HTTP 200): https://www.locaisdobrasil.com.br/encontre/buffet/sao-caetano-do-sul-sp/gaetano-gelateria-e-comfort-food/66db8c9258c8e2634b991f43"
"Bar do Chico";"bares";"Av. Doná Ida Cerati Magrini, 746 - Piraporinha, Diadema - SP, 09951-260";"Diadema";"4.592";"seg, ter, qua, qui, sex, sáb: 08:00–23:00";"-23.686130499999997";"-46.5901784";"fonte secundária; funcionamento atual não confirmado";"";"https://www.locaisdobrasil.com.br/encontre/bares/diadema-sp/bar-do-chico/634ef542bd08cbb564412ae2";"Priorizar — perfil corroborado";"1";"Não";"Bar para conversa e bebidas";"Ficha no endereço correspondente apresenta bebidas/petiscos no contexto de bar. Perfil compatível inferido; público universitário e preço acessível não comprovados.";"Perfil descrito em ficha/avaliações secundárias; operação pendente";"Não verificado";"Não confirmada diretamente nesta pesquisa";"Confirmar operação/horários diretamente; conferir endereço, fotos e acesso antes de cadastrar.";"2026-10-05";"https://restaurantguru.com.br/Bar-do-Chico-Diadema";"Ficha correspondente (HTTP 200): https://www.locaisdobrasil.com.br/encontre/bares/diadema-sp/bar-do-chico/634ef542bd08cbb564412ae2 | Ficha correspondente (HTTP 200): https://restaurantguru.com.br/Bar-do-Chico-Diadema"
"DOLY MOREIRA ASSESSORIA DE A a Z - PARTYLAND BUFFET";"buffet";"R. Streiff, 26 - Jardim Las Vegas, Santo André - SP, 09751-030";"Santo André";"4.594";"seg, ter, qua, qui, sex, sáb: 09:00–17:00";"-23.6983027";"-46.5336363";"fonte secundária; funcionamento atual não confirmado";"Confirmar espaço físico para festas; categoria pode incluir restaurante ou serviço de alimentação.";"https://www.locaisdobrasil.com.br/encontre/buffet/santo-andre-sp/doly-moreira-assessoria-de-a-a-z-partyland-buffet/66dfa7a9a0d134ad69fa6524";"Baixa prioridade — sem evidência de rolê";"4";"Não";"Restaurante, buffet ou espaço de eventos";"Não foi localizada evidência suficiente de bar/resenha ou festas abertas ao público. Categoria/nome sugerem alimentação, comércio ou eventos sob contratação; não é exclusão definitiva.";"Triagem conservadora do cadastro";"Não verificado";"Não confirmada diretamente nesta pesquisa";"Reavaliar se houver prova de bar ou programação pública de festas.";"2026-10-05";"https://www.locaisdobrasil.com.br/encontre/buffet/santo-andre-sp/doly-moreira-assessoria-de-a-a-z-partyland-buffet/66dfa7a9a0d134ad69fa6524";"Ficha correspondente (HTTP 200): https://www.locaisdobrasil.com.br/encontre/buffet/santo-andre-sp/doly-moreira-assessoria-de-a-a-z-partyland-buffet/66dfa7a9a0d134ad69fa6524"
"Portal Locação de Salão de Festas";"salao-de-festas";"R. Amazonas, 1320 - Oswaldo Cruz, São Caetano do Sul - SP, 09520-060";"São Caetano do Sul";"4.598";"Não localizado";"-23.6225971";"-46.5694728";"fonte secundária; funcionamento atual não confirmado";"";"https://www.locaisdobrasil.com.br/encontre/salao-de-festas/sao-caetano-do-sul-sp/portal-locacao-de-salao-de-festas/64d17457fe77cec8b0a103af";"Baixa prioridade — sem evidência de rolê";"4";"Não";"Restaurante, buffet ou espaço de eventos";"Não foi localizada evidência suficiente de bar/resenha ou festas abertas ao público. Categoria/nome sugerem alimentação, comércio ou eventos sob contratação; não é exclusão definitiva.";"Triagem conservadora do cadastro";"Não verificado";"Não confirmada diretamente nesta pesquisa";"Reavaliar se houver prova de bar ou programação pública de festas.";"2026-10-05";"https://www.locaisdobrasil.com.br/encontre/salao-de-festas/sao-caetano-do-sul-sp/portal-locacao-de-salao-de-festas/64d17457fe77cec8b0a103af";"Ficha correspondente (HTTP 200): https://www.locaisdobrasil.com.br/encontre/salao-de-festas/sao-caetano-do-sul-sp/portal-locacao-de-salao-de-festas/64d17457fe77cec8b0a103af"
"São Luiz Lanchonete e Restaurante LTDA";"bares";"R. Goiás, 252 - Canhema, Diadema - SP, 09941-690";"Diadema";"4.599";"seg, ter, qua, qui, sex: 05:30–17:30; sáb: 07:00–14:00";"-23.6789341";"-46.594940199999996";"fonte secundária; funcionamento atual não confirmado";"";"https://www.locaisdobrasil.com.br/encontre/bares/diadema-sp/sao-luiz-lanchonete-e-restaurante-ltda/660c3b1bd622f2b541169b5d";"Potencial — confirmar perfil/operação";"2";"Não";"Possível bar para resenha";"Categoria/nome sugerem bar, mas faltou informação específica e confiável sobre consumo no local, ambiente, proposta ou operação atual.";"Triagem pelo cadastro; sem corroboração específica";"Não verificado";"Não confirmada diretamente nesta pesquisa";"Confirmar proposta, operação, acesso e endereço em canal da própria casa.";"2026-10-05";"https://www.locaisdobrasil.com.br/encontre/bares/diadema-sp/sao-luiz-lanchonete-e-restaurante-ltda/660c3b1bd622f2b541169b5d";"Ficha correspondente (HTTP 200): https://www.locaisdobrasil.com.br/encontre/bares/diadema-sp/sao-luiz-lanchonete-e-restaurante-ltda/660c3b1bd622f2b541169b5d | Sem ficha correspondente (HTTP 404): https://restaurantguru.com.br/sao-luiz-lanchonete-e-restaurante-ltda-diadema"
"Buffet Castelo Espaço Amazonas";"salao-de-festas";"R. Amazonas, 1320 - Cerâmica, São Caetano do Sul - SP, 09540-201";"São Caetano do Sul";"4.603";"seg, ter, qua, qui, sex: 11:00–19:00; sáb: 11:00–17:00";"-23.6225724";"-46.5695266";"fonte secundária; funcionamento atual não confirmado";"";"https://www.locaisdobrasil.com.br/encontre/salao-de-festas/sao-caetano-do-sul-sp/buffet-castelo-espaco-amazonas/660f6ebfa451b0ad1fb9c36e";"Baixa prioridade — sem evidência de rolê";"4";"Não";"Restaurante, buffet ou espaço de eventos";"Não foi localizada evidência suficiente de bar/resenha ou festas abertas ao público. Categoria/nome sugerem alimentação, comércio ou eventos sob contratação; não é exclusão definitiva.";"Triagem conservadora do cadastro";"Não verificado";"Não confirmada diretamente nesta pesquisa";"Reavaliar se houver prova de bar ou programação pública de festas.";"2026-10-05";"https://www.locaisdobrasil.com.br/encontre/salao-de-festas/sao-caetano-do-sul-sp/buffet-castelo-espaco-amazonas/660f6ebfa451b0ad1fb9c36e";"Ficha correspondente (HTTP 200): https://www.locaisdobrasil.com.br/encontre/salao-de-festas/sao-caetano-do-sul-sp/buffet-castelo-espaco-amazonas/660f6ebfa451b0ad1fb9c36e"
"Nossa Cantina";"buffet";"Av. Imperador Pedro II, 141 - Nova Petrópolis, São Bernardo do Campo - SP, 09770-420";"São Bernardo do Campo";"4.603";"seg, ter, qua, qui, sex: 11:00–15:00";"-23.7026972";"-46.5501905";"fonte secundária; funcionamento atual não confirmado";"Confirmar espaço físico para festas; categoria pode incluir restaurante ou serviço de alimentação.";"https://www.locaisdobrasil.com.br/encontre/buffet/sao-bernardo-do-campo-sp/nossa-cantina/66daedd88f35afd7184163b5";"Baixa prioridade — sem evidência de rolê";"4";"Não";"Restaurante, buffet ou espaço de eventos";"Não foi localizada evidência suficiente de bar/resenha ou festas abertas ao público. Categoria/nome sugerem alimentação, comércio ou eventos sob contratação; não é exclusão definitiva.";"Triagem conservadora do cadastro";"Não verificado";"Não confirmada diretamente nesta pesquisa";"Reavaliar se houver prova de bar ou programação pública de festas.";"2026-10-05";"https://www.locaisdobrasil.com.br/encontre/buffet/sao-bernardo-do-campo-sp/nossa-cantina/66daedd88f35afd7184163b5";"Ficha correspondente (HTTP 200): https://www.locaisdobrasil.com.br/encontre/buffet/sao-bernardo-do-campo-sp/nossa-cantina/66daedd88f35afd7184163b5"
"Mandala Show";"casa-noturna";"Av. Casa Grande, 2571 - Casa Grande, Diadema - SP, 09961-350";"Diadema";"4.609";"dom, seg, sex, sáb: 22:00–05:00";"-23.6922793";"-46.5842726";"fonte secundária; funcionamento atual não confirmado";"Categoria do diretório não garante balada; confirmar tipo de atividade.";"https://www.locaisdobrasil.com.br/encontre/casa-noturna/diadema-sp/mandala-show/646766a26f16b70535a5ef97";"Pendente — perfil não esclarecido";"3";"Não";"Casa noturna — tipo de acesso/perfil a confirmar";"Categoria de casa noturna é insuficiente para distinguir festas públicas, atendimento reservado ou cadastro incorreto; confirmar proposta e agenda.";"Ficha correspondente, sem esclarecimento suficiente";"Não verificado";"Não confirmada diretamente nesta pesquisa";"Confirmar proposta, operação, acesso e endereço em canal da própria casa.";"2026-10-05";"https://www.locaisdobrasil.com.br/encontre/casa-noturna/diadema-sp/mandala-show/646766a26f16b70535a5ef97 | https://restaurantguru.com.br/Mandala-Show-Diadema";"Ficha correspondente (HTTP 200): https://www.locaisdobrasil.com.br/encontre/casa-noturna/diadema-sp/mandala-show/646766a26f16b70535a5ef97 | Ficha correspondente (HTTP 200): https://restaurantguru.com.br/Mandala-Show-Diadema"
"Bar Do Deda";"bares";"Av. Imperador Pedro II, 166 - Nova Petrópolis, São Bernardo do Campo - SP, 09770-420";"São Bernardo do Campo";"4.612";"Não localizado";"-23.7027406";"-46.549769600000005";"fonte secundária; funcionamento atual não confirmado";"";"https://www.locaisdobrasil.com.br/encontre/bares/sao-bernardo-do-campo-sp/bar-do-deda/66c7a83ff99178ff57474384";"Priorizar — perfil corroborado";"1";"Não";"Bar para conversa e bebidas";"Ficha no endereço correspondente apresenta bebidas/petiscos no contexto de bar. Perfil compatível inferido; público universitário e preço acessível não comprovados.";"Perfil descrito em ficha/avaliações secundárias; operação pendente";"Não verificado";"Não confirmada diretamente nesta pesquisa";"Confirmar operação/horários diretamente; conferir endereço, fotos e acesso antes de cadastrar.";"2026-10-05";"https://restaurantguru.com.br/Bar-Do-Deda-Sao-Bernardo-do-Campo";"Ficha correspondente (HTTP 200): https://www.locaisdobrasil.com.br/encontre/bares/sao-bernardo-do-campo-sp/bar-do-deda/66c7a83ff99178ff57474384 | Ficha correspondente (HTTP 200): https://restaurantguru.com.br/Bar-Do-Deda-Sao-Bernardo-do-Campo"
"Fran Bar";"bares";"R. São Paulo, 1357 - Santa Paula, São Caetano do Sul - SP, 09530-211";"São Caetano do Sul";"4.619";"dom, seg, ter, qua, qui, sex, sáb: 11:00–23:00";"-23.6219764";"-46.5681538";"fonte secundária; funcionamento atual não confirmado";"";"https://www.locaisdobrasil.com.br/encontre/bares/sao-caetano-do-sul-sp/fran-bar/660f6f76a451b0ad1fb9c3cb";"Priorizar — perfil corroborado";"1";"Não";"Bar para resenha e jogos";"Ficha no endereço correspondente apresenta sinuca/bilhar, bebidas/petiscos no contexto de bar. Perfil compatível inferido; público universitário e preço acessível não comprovados.";"Perfil descrito em ficha/avaliações secundárias; operação pendente";"Não verificado";"Não confirmada diretamente nesta pesquisa";"Confirmar operação/horários diretamente; conferir endereço, fotos e acesso antes de cadastrar.";"2026-10-05";"https://restaurantguru.com.br/Fran-Bar-Sao-Caetano-do-Sul";"Ficha correspondente (HTTP 200): https://www.locaisdobrasil.com.br/encontre/bares/sao-caetano-do-sul-sp/fran-bar/660f6f76a451b0ad1fb9c3cb | Ficha correspondente (HTTP 200): https://restaurantguru.com.br/Fran-Bar-Sao-Caetano-do-Sul"
"Pianella Restaurante";"buffet";"R. Votorantim, 395 - Barcelona, São Caetano do Sul - SP, 09550-300";"São Caetano do Sul";"4.623";"dom, seg, ter, qua, qui, sex, sáb: 11:00–14:30";"-23.6198822";"-46.5529912";"fonte secundária; funcionamento atual não confirmado";"Confirmar espaço físico para festas; categoria pode incluir restaurante ou serviço de alimentação.";"https://www.locaisdobrasil.com.br/encontre/buffet/sao-caetano-do-sul-sp/pianella-restaurante/66da901d8f35afd71840fc3e";"Baixa prioridade — sem evidência de rolê";"4";"Não";"Restaurante, buffet ou espaço de eventos";"Não foi localizada evidência suficiente de bar/resenha ou festas abertas ao público. Categoria/nome sugerem alimentação, comércio ou eventos sob contratação; não é exclusão definitiva.";"Triagem conservadora do cadastro";"Não verificado";"Não confirmada diretamente nesta pesquisa";"Reavaliar se houver prova de bar ou programação pública de festas.";"2026-10-05";"https://www.locaisdobrasil.com.br/encontre/buffet/sao-caetano-do-sul-sp/pianella-restaurante/66da901d8f35afd71840fc3e";"Ficha correspondente (HTTP 200): https://www.locaisdobrasil.com.br/encontre/buffet/sao-caetano-do-sul-sp/pianella-restaurante/66da901d8f35afd71840fc3e"
"Central Hookah Lounge";"bares";"R. Frutuoso Ferreira Lima, 217 - Centro, São Bernardo do Campo - SP, 09725-522";"São Bernardo do Campo";"4.63";"dom: 18:00–00:00; sex, sáb: 18:00–04:00";"-23.7027604";"-46.5596873";"fonte secundária; funcionamento atual não confirmado";"";"https://www.locaisdobrasil.com.br/encontre/bares/sao-bernardo-do-campo-sp/central-hookah-lounge/61f160d84f4b430e08875d74";"Priorizar — perfil corroborado";"1";"Não";"Bar para conversa e bebidas";"Ficha no endereço correspondente apresenta bebidas/petiscos no contexto de bar. Perfil compatível inferido; público universitário e preço acessível não comprovados.";"Perfil descrito em ficha/avaliações secundárias; operação pendente";"Não verificado";"Não confirmada diretamente nesta pesquisa";"Confirmar operação/horários diretamente; conferir endereço, fotos e acesso antes de cadastrar.";"2026-10-05";"https://restaurantguru.com.br/Central-Hookah-Lounge-Sao-Bernardo-do-Campo";"Ficha correspondente (HTTP 200): https://www.locaisdobrasil.com.br/encontre/bares/sao-bernardo-do-campo-sp/central-hookah-lounge/61f160d84f4b430e08875d74 | Ficha correspondente (HTTP 200): https://restaurantguru.com.br/Central-Hookah-Lounge-Sao-Bernardo-do-Campo"
"Bar das Meninas Tamo Junto e Misturado";"bares";"R. Maria Eulália Barreto, 220 - Jardim Olavo Bilac, São Bernardo do Campo - SP, 09725-810";"São Bernardo do Campo";"4.635";"dom, ter, qua, qui, sex, sáb: 08:00–20:00";"-23.7029145";"-46.5586742";"fonte secundária; funcionamento atual não confirmado";"";"https://www.locaisdobrasil.com.br/encontre/bares/sao-bernardo-do-campo-sp/bar-das-meninas-tamo-junto-e-misturado/660c522cd622f2b54116a2ae";"Potencial — confirmar perfil/operação";"2";"Não";"Possível bar para resenha";"Categoria/nome sugerem bar, mas faltou informação específica e confiável sobre consumo no local, ambiente, proposta ou operação atual.";"Ficha correspondente sem detalhes de perfil suficientes";"Não verificado";"Não confirmada diretamente nesta pesquisa";"Confirmar proposta, operação, acesso e endereço em canal da própria casa.";"2026-10-05";"https://www.locaisdobrasil.com.br/encontre/bares/sao-bernardo-do-campo-sp/bar-das-meninas-tamo-junto-e-misturado/660c522cd622f2b54116a2ae | https://restaurantguru.com.br/Bar-das-Meninas-Tamo-Junto-e-Misturado-Sao-Bernardo-do-Campo";"Ficha correspondente (HTTP 200): https://www.locaisdobrasil.com.br/encontre/bares/sao-bernardo-do-campo-sp/bar-das-meninas-tamo-junto-e-misturado/660c522cd622f2b54116a2ae | Ficha correspondente (HTTP 200): https://restaurantguru.com.br/Bar-das-Meninas-Tamo-Junto-e-Misturado-Sao-Bernardo-do-Campo"
"Boteco Brasileinho";"bares";"R. Laureano, 289 - Vila Camilopolis, Santo André - SP, 09230-610";"Santo André";"4.65";"Não localizado";"-23.6261309";"-46.529570199999995";"fonte secundária; funcionamento atual não confirmado";"";"https://www.locaisdobrasil.com.br/encontre/bares/santo-andre-sp/boteco-brasileinho/636e4c84b46ef06da8426223";"Potencial — confirmar perfil/operação";"2";"Não";"Possível bar para resenha";"Categoria/nome sugerem bar, mas faltou informação específica e confiável sobre consumo no local, ambiente, proposta ou operação atual.";"Triagem pelo cadastro; sem corroboração específica";"Não verificado";"Não confirmada diretamente nesta pesquisa";"Confirmar proposta, operação, acesso e endereço em canal da própria casa.";"2026-10-05";"https://www.locaisdobrasil.com.br/encontre/bares/santo-andre-sp/boteco-brasileinho/636e4c84b46ef06da8426223";"Ficha correspondente (HTTP 200): https://www.locaisdobrasil.com.br/encontre/bares/santo-andre-sp/boteco-brasileinho/636e4c84b46ef06da8426223 | Sem ficha correspondente (HTTP 200): https://restaurantguru.com.br/Boteco-Brasileinho-Santo-Andre"
"The Bar Baresco";"bares";"R. Gen. Osório, 420 - Santa Paula, São Caetano do Sul - SP, 09541-320";"São Caetano do Sul";"4.661";"qua, qui, sex: 17:00–00:00; sáb: 13:00–23:00";"-23.6198512";"-46.5596147";"fonte secundária; funcionamento atual não confirmado";"";"https://www.locaisdobrasil.com.br/encontre/bares/sao-caetano-do-sul-sp/the-bar-baresco/64d14128fe77cec8b0a0d331";"Potencial — confirmar perfil/operação";"2";"Não";"Possível bar para resenha";"Categoria/nome sugerem bar, mas faltou informação específica e confiável sobre consumo no local, ambiente, proposta ou operação atual.";"Triagem pelo cadastro; sem corroboração específica";"Não verificado";"Não confirmada diretamente nesta pesquisa";"Confirmar proposta, operação, acesso e endereço em canal da própria casa.";"2026-10-05";"https://www.locaisdobrasil.com.br/encontre/bares/sao-caetano-do-sul-sp/the-bar-baresco/64d14128fe77cec8b0a0d331";"Ficha correspondente (HTTP 200): https://www.locaisdobrasil.com.br/encontre/bares/sao-caetano-do-sul-sp/the-bar-baresco/64d14128fe77cec8b0a0d331 | Sem ficha correspondente (HTTP 404): https://restaurantguru.com.br/the-bar-baresco-sao-caetano-do-sul"
"Adega da Praça";"bares";"R. Japurá, 195 - Parque João Ramalho, Santo André - SP, 09290-020";"Santo André";"4.668";"dom: 10:00–17:00; ter, qua: 15:00–22:00; qui, sex: 15:00–23:00; sáb: 12:00–23:00";"-23.6497203";"-46.5100099";"fonte secundária; funcionamento atual não confirmado";"";"https://www.locaisdobrasil.com.br/encontre/bares/santo-andre-sp/adega-da-praca/660beb60d622f2b5411680ff";"Pendente — consumo no local";"3";"Não";"Adega/bebidas — permanência não confirmada";"Venda/preparo de bebidas não comprova mesas, consumo no local ou ambiente de resenha; verificar antes de incluir.";"Ficha correspondente, consumo não esclarecido";"Não verificado";"Não confirmada diretamente nesta pesquisa";"Confirmar mesas/permanência e consumo no local; não inserir somente por vender bebidas.";"2026-10-05";"https://www.locaisdobrasil.com.br/encontre/bares/santo-andre-sp/adega-da-praca/660beb60d622f2b5411680ff | https://restaurantguru.com.br/Adega-da-Praca-Santo-Andre";"Ficha correspondente (HTTP 200): https://www.locaisdobrasil.com.br/encontre/bares/santo-andre-sp/adega-da-praca/660beb60d622f2b5411680ff | Ficha correspondente (HTTP 200): https://restaurantguru.com.br/Adega-da-Praca-Santo-Andre"
"Royal Adega e Tabacaria";"fornecedor-de-bebidas";"R. Comendador José Silva Araújo, 9 - Taboão, Diadema - SP, 09940-370";"Diadema";"4.67";"dom: 11:00–21:00; ter, qua, qui: 11:00–23:00; sex, sáb: 11:00–01:30";"-23.663775899999997";"-46.599805499999995";"fonte secundária; funcionamento atual não confirmado";"Categoria ampla: inclui distribuidor, depósito e água; confirmar se é adega.";"https://www.locaisdobrasil.com.br/encontre/fornecedor-de-bebidas/diadema-sp/royal-adega-e-tabacaria/652eb0d8a560c09a5b14ecf6";"Pendente — consumo no local";"3";"Não";"Adega/bebidas — permanência não confirmada";"Venda/preparo de bebidas não comprova mesas, consumo no local ou ambiente de resenha; verificar antes de incluir.";"Categoria/nome do levantamento";"Não verificado";"Não confirmada diretamente nesta pesquisa";"Confirmar mesas/permanência e consumo no local; não inserir somente por vender bebidas.";"2026-10-05";"https://www.locaisdobrasil.com.br/encontre/fornecedor-de-bebidas/diadema-sp/royal-adega-e-tabacaria/652eb0d8a560c09a5b14ecf6";"Ficha correspondente (HTTP 200): https://www.locaisdobrasil.com.br/encontre/fornecedor-de-bebidas/diadema-sp/royal-adega-e-tabacaria/652eb0d8a560c09a5b14ecf6 | Sem ficha correspondente (HTTP 404): https://restaurantguru.com.br/royal-adega-e-tabacaria-diadema"
"Vamo Toma Uma - Beer Experience";"bares";"Rua José Benedetti, 449 - Santo Antônio, São Caetano do Sul - SP, 09531-000";"São Caetano do Sul";"4.675";"dom: 17:00–22:30; ter, qua, qui, sex: 17:00–00:00; sáb: 14:00–00:00";"-23.6221435";"-46.570318799999995";"fonte secundária; funcionamento atual não confirmado";"";"https://www.locaisdobrasil.com.br/encontre/bares/sao-caetano-do-sul-sp/vamo-toma-uma-beer-experience/660f6f95a451b0ad1fb9c3db";"Potencial — confirmar perfil/operação";"2";"Não";"Possível bar para resenha";"Categoria/nome sugerem bar, mas faltou informação específica e confiável sobre consumo no local, ambiente, proposta ou operação atual.";"Triagem pelo cadastro; sem corroboração específica";"Não verificado";"Não confirmada diretamente nesta pesquisa";"Confirmar proposta, operação, acesso e endereço em canal da própria casa.";"2026-10-05";"https://www.locaisdobrasil.com.br/encontre/bares/sao-caetano-do-sul-sp/vamo-toma-uma-beer-experience/660f6f95a451b0ad1fb9c3db";"Ficha correspondente (HTTP 200): https://www.locaisdobrasil.com.br/encontre/bares/sao-caetano-do-sul-sp/vamo-toma-uma-beer-experience/660f6f95a451b0ad1fb9c3db | Sem ficha correspondente (HTTP 404): https://restaurantguru.com.br/vamo-toma-uma-beer-experience-sao-caetano-do-sul"
"Cruzeirense Bar";"bares";"R. Maria Adelaide L. Quelhas, 370 - Centro, São Bernardo do Campo - SP, 09725-610";"São Bernardo do Campo";"4.69";"dom, ter, qua, qui, sex, sáb: 10:00–04:00";"-23.703409699999998";"-46.5586779";"fonte secundária; funcionamento atual não confirmado";"";"https://www.locaisdobrasil.com.br/encontre/bares/sao-bernardo-do-campo-sp/cruzeirense-bar/62db28b9587248af54ff658c";"Priorizar — perfil corroborado";"1";"Não";"Bar para conversa e bebidas";"Ficha no endereço correspondente apresenta bebidas/petiscos no contexto de bar. Perfil compatível inferido; público universitário e preço acessível não comprovados.";"Perfil descrito em ficha/avaliações secundárias; operação pendente";"Não verificado";"Não confirmada diretamente nesta pesquisa";"Confirmar operação/horários diretamente; conferir endereço, fotos e acesso antes de cadastrar.";"2026-10-05";"https://restaurantguru.com.br/Cruzeirense-Bar-Sao-Bernardo-do-Campo";"Ficha correspondente (HTTP 200): https://www.locaisdobrasil.com.br/encontre/bares/sao-bernardo-do-campo-sp/cruzeirense-bar/62db28b9587248af54ff658c | Ficha correspondente (HTTP 200): https://restaurantguru.com.br/Cruzeirense-Bar-Sao-Bernardo-do-Campo"
"Buffet em Domicilio Bonatto";"buffet";"R. Japurá, 35 - Parque Jaçatuba, Santo André - SP, 09290-020";"Santo André";"4.694";"ter, qua, qui, sex, sáb: 09:00–17:00";"-23.649161600000003";"-46.5099341";"fonte secundária; funcionamento atual não confirmado";"Confirmar espaço físico para festas; categoria pode incluir restaurante ou serviço de alimentação.";"https://www.locaisdobrasil.com.br/encontre/buffet/santo-andre-sp/buffet-em-domicilio-bonatto/66dba2cd58c8e2634b9939a5";"Baixa prioridade — sem evidência de rolê";"4";"Não";"Restaurante, buffet ou espaço de eventos";"Não foi localizada evidência suficiente de bar/resenha ou festas abertas ao público. Categoria/nome sugerem alimentação, comércio ou eventos sob contratação; não é exclusão definitiva.";"Triagem conservadora do cadastro";"Não verificado";"Não confirmada diretamente nesta pesquisa";"Reavaliar se houver prova de bar ou programação pública de festas.";"2026-10-05";"https://www.locaisdobrasil.com.br/encontre/buffet/santo-andre-sp/buffet-em-domicilio-bonatto/66dba2cd58c8e2634b9939a5";"Ficha correspondente (HTTP 200): https://www.locaisdobrasil.com.br/encontre/buffet/santo-andre-sp/buffet-em-domicilio-bonatto/66dba2cd58c8e2634b9939a5"
"Bar e Lanche São Luiz";"bares";"Rua Oswaldo Cruz, 522 - Santa Paula, São Caetano do Sul - SP, 09541-270";"São Caetano do Sul";"4.703";"dom: 08:00–14:00; seg, ter, qua, qui, sex: 06:00–21:00; sáb: 07:00–21:00";"-23.6211339";"-46.5679929";"fonte secundária; funcionamento atual não confirmado";"";"https://www.locaisdobrasil.com.br/encontre/bares/sao-caetano-do-sul-sp/bar-e-lanche-sao-luiz/660f6ec5a451b0ad1fb9c371";"Priorizar — perfil corroborado";"1";"Não";"Bar para conversa e bebidas";"Ficha no endereço correspondente apresenta bebidas/petiscos no contexto de bar. Perfil compatível inferido; público universitário e preço acessível não comprovados.";"Perfil descrito em ficha/avaliações secundárias; operação pendente";"Não verificado";"Não confirmada diretamente nesta pesquisa";"Confirmar operação/horários diretamente; conferir endereço, fotos e acesso antes de cadastrar.";"2026-10-05";"https://restaurantguru.com.br/Bar-e-Lanche-Sao-Luiz-Sao-Caetano-do-Sul";"Ficha correspondente (HTTP 200): https://www.locaisdobrasil.com.br/encontre/bares/sao-caetano-do-sul-sp/bar-e-lanche-sao-luiz/660f6ec5a451b0ad1fb9c371 | Ficha correspondente (HTTP 200): https://restaurantguru.com.br/Bar-e-Lanche-Sao-Luiz-Sao-Caetano-do-Sul"
"Eco Buffet";"salao-de-festas";"R. São Paulo, 1097 - Santo Antônio, São Caetano do Sul - SP, 09541-100";"São Caetano do Sul";"4.712";"dom, sáb: 10:00–12:00; ter, qua, qui, sex: 14:00–19:00";"-23.621931399999998";"-46.570708499999995";"fonte secundária; funcionamento atual não confirmado";"";"https://www.locaisdobrasil.com.br/encontre/salao-de-festas/sao-caetano-do-sul-sp/eco-buffet/660f6ebea451b0ad1fb9c36d";"Baixa prioridade — sem evidência de rolê";"4";"Não";"Restaurante, buffet ou espaço de eventos";"Não foi localizada evidência suficiente de bar/resenha ou festas abertas ao público. Categoria/nome sugerem alimentação, comércio ou eventos sob contratação; não é exclusão definitiva.";"Triagem conservadora do cadastro";"Não verificado";"Não confirmada diretamente nesta pesquisa";"Reavaliar se houver prova de bar ou programação pública de festas.";"2026-10-05";"https://www.locaisdobrasil.com.br/encontre/salao-de-festas/sao-caetano-do-sul-sp/eco-buffet/660f6ebea451b0ad1fb9c36d";"Ficha correspondente (HTTP 200): https://www.locaisdobrasil.com.br/encontre/salao-de-festas/sao-caetano-do-sul-sp/eco-buffet/660f6ebea451b0ad1fb9c36d"
"Bar do Zé do Gelo";"bares";"R. Amazonas, 1198 - Oswaldo Cruz, São Caetano do Sul - SP, 09540-201";"São Caetano do Sul";"4.714";"dom, sex, sáb: 09:00–00:00; seg, ter, qua, qui: 10:00–00:00";"-23.6214977";"-46.569506399999995";"fonte secundária; funcionamento atual não confirmado";"";"https://www.locaisdobrasil.com.br/encontre/bares/sao-caetano-do-sul-sp/bar-do-ze-do-gelo/660c51d5d622f2b54116a292";"Priorizar — perfil corroborado";"1";"Não";"Bar para conversa e bebidas";"Ficha no endereço correspondente apresenta bebidas/petiscos no contexto de bar. Perfil compatível inferido; público universitário e preço acessível não comprovados.";"Perfil descrito em ficha/avaliações secundárias; operação pendente";"Não verificado";"Não confirmada diretamente nesta pesquisa";"Confirmar operação/horários diretamente; conferir endereço, fotos e acesso antes de cadastrar.";"2026-10-05";"https://restaurantguru.com.br/Bar-do-Ze-do-Gelo-Sao-Caetano-do-Sul";"Ficha correspondente (HTTP 200): https://www.locaisdobrasil.com.br/encontre/bares/sao-caetano-do-sul-sp/bar-do-ze-do-gelo/660c51d5d622f2b54116a292 | Ficha correspondente (HTTP 200): https://restaurantguru.com.br/Bar-do-Ze-do-Gelo-Sao-Caetano-do-Sul"
"ASCENDENTE BAR E PETISCARIA";"bares";"R. Pinheiro Machado, 100 - Santa Paula, São Caetano do Sul - SP, 09541-180";"São Caetano do Sul";"4.727";"dom: 11:30–16:00; qua, qui: 17:00–23:30; sex: 17:00–00:00; sáb: 11:30–23:30";"-23.620019799999998";"-46.5643992";"fonte secundária; funcionamento atual não confirmado";"";"https://www.locaisdobrasil.com.br/encontre/bares/sao-caetano-do-sul-sp/ascendente-bar-e-petiscaria/660f6f7fa451b0ad1fb9c3d0";"Potencial — confirmar perfil/operação";"2";"Não";"Possível bar para resenha";"Categoria/nome sugerem bar, mas faltou informação específica e confiável sobre consumo no local, ambiente, proposta ou operação atual.";"Ficha correspondente sem detalhes de perfil suficientes";"Não verificado";"Não confirmada diretamente nesta pesquisa";"Confirmar proposta, operação, acesso e endereço em canal da própria casa.";"2026-10-05";"https://www.locaisdobrasil.com.br/encontre/bares/sao-caetano-do-sul-sp/ascendente-bar-e-petiscaria/660f6f7fa451b0ad1fb9c3d0 | https://restaurantguru.com.br/ASCENDENTE-BAR-E-PETISCARIA-Sao-Caetano-do-Sul";"Ficha correspondente (HTTP 200): https://www.locaisdobrasil.com.br/encontre/bares/sao-caetano-do-sul-sp/ascendente-bar-e-petiscaria/660f6f7fa451b0ad1fb9c3d0 | Ficha correspondente (HTTP 200): https://restaurantguru.com.br/ASCENDENTE-BAR-E-PETISCARIA-Sao-Caetano-do-Sul"
"Bar do Pedro";"bares";"R. Maria Adelaide L. Quelhas, 287 - Centro, São Bernardo do Campo - SP, 09725-610";"São Bernardo do Campo";"4.731";"seg, ter, qua, qui, sex, sáb: 13:00–23:00";"-23.7038406";"-46.557971699999996";"fonte secundária; funcionamento atual não confirmado";"";"https://www.locaisdobrasil.com.br/encontre/bares/sao-bernardo-do-campo-sp/bar-do-pedro/660cee20a3f2688d6da683a4";"Potencial — confirmar perfil/operação";"2";"Não";"Possível bar para resenha";"Categoria/nome sugerem bar, mas faltou informação específica e confiável sobre consumo no local, ambiente, proposta ou operação atual.";"Triagem pelo cadastro; sem corroboração específica";"Não verificado";"Não confirmada diretamente nesta pesquisa";"Confirmar proposta, operação, acesso e endereço em canal da própria casa.";"2026-10-05";"https://www.locaisdobrasil.com.br/encontre/bares/sao-bernardo-do-campo-sp/bar-do-pedro/660cee20a3f2688d6da683a4";"Ficha correspondente (HTTP 200): https://www.locaisdobrasil.com.br/encontre/bares/sao-bernardo-do-campo-sp/bar-do-pedro/660cee20a3f2688d6da683a4 | Sem ficha correspondente (HTTP 200): https://restaurantguru.com.br/Bar-do-Pedro-Sao-Bernardo-do-Campo"
"Restaurante São Judas Tadeu";"buffet";"Av. Queirós Filho, 278 - Vila America, Santo André - SP, 09110-260";"Santo André";"4.732";"seg, ter, qua, qui, sex, sáb: 11:00–15:00";"-23.6666806";"-46.5079133";"fonte secundária; funcionamento atual não confirmado";"Confirmar espaço físico para festas; categoria pode incluir restaurante ou serviço de alimentação.";"https://www.locaisdobrasil.com.br/encontre/buffet/santo-andre-sp/restaurante-sao-judas-tadeu/66db8ca958c8e2634b991f65";"Baixa prioridade — sem evidência de rolê";"4";"Não";"Restaurante, buffet ou espaço de eventos";"Não foi localizada evidência suficiente de bar/resenha ou festas abertas ao público. Categoria/nome sugerem alimentação, comércio ou eventos sob contratação; não é exclusão definitiva.";"Triagem conservadora do cadastro";"Não verificado";"Não confirmada diretamente nesta pesquisa";"Reavaliar se houver prova de bar ou programação pública de festas.";"2026-10-05";"https://www.locaisdobrasil.com.br/encontre/buffet/santo-andre-sp/restaurante-sao-judas-tadeu/66db8ca958c8e2634b991f65";"Ficha correspondente (HTTP 200): https://www.locaisdobrasil.com.br/encontre/buffet/santo-andre-sp/restaurante-sao-judas-tadeu/66db8ca958c8e2634b991f65"
"Boteco Martin";"bares";"R. da Imperatriz, 139 - Nova Petrópolis, São Bernardo do Campo - SP, 09770-280";"São Bernardo do Campo";"4.738";"dom: 12:00–20:00; seg, ter, qua: 11:00–15:00; qui, sex, sáb: 11:30–01:30";"-23.7038466";"-46.5493743";"fonte secundária; funcionamento atual não confirmado";"";"https://www.locaisdobrasil.com.br/encontre/bares/sao-bernardo-do-campo-sp/boteco-martin/660c5270d622f2b54116a2c4";"Potencial — confirmar perfil/operação";"2";"Não";"Possível bar para resenha";"Categoria/nome sugerem bar, mas faltou informação específica e confiável sobre consumo no local, ambiente, proposta ou operação atual.";"Triagem pelo cadastro; sem corroboração específica";"Não verificado";"Não confirmada diretamente nesta pesquisa";"Confirmar proposta, operação, acesso e endereço em canal da própria casa.";"2026-10-05";"https://www.locaisdobrasil.com.br/encontre/bares/sao-bernardo-do-campo-sp/boteco-martin/660c5270d622f2b54116a2c4";"Ficha correspondente (HTTP 200): https://www.locaisdobrasil.com.br/encontre/bares/sao-bernardo-do-campo-sp/boteco-martin/660c5270d622f2b54116a2c4 | Sem ficha correspondente (HTTP 404): https://restaurantguru.com.br/boteco-martin-sao-bernardo-do-campo"
"Choperia Gela Guela II";"bares";"Rua Giovanni Battista Pirelli, 155 - Vila Homero Thon, Santo André - SP, 09111-340";"Santo André";"4.741";"dom, seg, ter, qua, qui, sex, sáb: 11:00–22:00";"-23.663691399999998";"-46.50753";"fonte secundária; funcionamento atual não confirmado";"";"https://www.locaisdobrasil.com.br/encontre/bares/santo-andre-sp/choperia-gela-guela-ii/660c51c9d622f2b54116a28e";"Potencial — confirmar perfil/operação";"2";"Não";"Possível bar para resenha";"Categoria/nome sugerem bar, mas faltou informação específica e confiável sobre consumo no local, ambiente, proposta ou operação atual.";"Triagem pelo cadastro; sem corroboração específica";"Não verificado";"Não confirmada diretamente nesta pesquisa";"Confirmar proposta, operação, acesso e endereço em canal da própria casa.";"2026-10-05";"https://www.locaisdobrasil.com.br/encontre/bares/santo-andre-sp/choperia-gela-guela-ii/660c51c9d622f2b54116a28e";"Ficha correspondente (HTTP 200): https://www.locaisdobrasil.com.br/encontre/bares/santo-andre-sp/choperia-gela-guela-ii/660c51c9d622f2b54116a28e | Sem ficha correspondente (HTTP 404): https://restaurantguru.com.br/choperia-gela-guela-ii-santo-andre"
"Restaurante Da Vó";"buffet";"Rua Conselheiro Lafayette, 309 - Barcelona, São Caetano do Sul - SP, 09550-000";"São Caetano do Sul";"4.743";"seg, ter, qua, qui, sex, sáb: 11:00–15:00";"-23.618812200000004";"-46.5528528";"fonte secundária; funcionamento atual não confirmado";"Confirmar espaço físico para festas; categoria pode incluir restaurante ou serviço de alimentação.";"https://www.locaisdobrasil.com.br/encontre/buffet/sao-caetano-do-sul-sp/restaurante-da-vo/66de5635a0d134ad69f9b470";"Baixa prioridade — sem evidência de rolê";"4";"Não";"Restaurante, buffet ou espaço de eventos";"Não foi localizada evidência suficiente de bar/resenha ou festas abertas ao público. Categoria/nome sugerem alimentação, comércio ou eventos sob contratação; não é exclusão definitiva.";"Triagem conservadora do cadastro";"Não verificado";"Não confirmada diretamente nesta pesquisa";"Reavaliar se houver prova de bar ou programação pública de festas.";"2026-10-05";"https://www.locaisdobrasil.com.br/encontre/buffet/sao-caetano-do-sul-sp/restaurante-da-vo/66de5635a0d134ad69f9b470";"Ficha correspondente (HTTP 200): https://www.locaisdobrasil.com.br/encontre/buffet/sao-caetano-do-sul-sp/restaurante-da-vo/66de5635a0d134ad69f9b470"
"Restaurante Família Santos";"buffet";"Av. Piraporinha, 1673 - Vila Nogueira, Diadema - SP, 09950-000";"Diadema";"4.755";"dom: 08:00–15:30; seg, ter, qua, qui, sex, sáb: 08:00–15:15";"-23.691273600000002";"-46.5874857";"fonte secundária; funcionamento atual não confirmado";"Confirmar espaço físico para festas; categoria pode incluir restaurante ou serviço de alimentação.";"https://www.locaisdobrasil.com.br/encontre/buffet/diadema-sp/restaurante-familia-santos/66de75ada0d134ad69f9e322";"Baixa prioridade — sem evidência de rolê";"4";"Não";"Restaurante, buffet ou espaço de eventos";"Não foi localizada evidência suficiente de bar/resenha ou festas abertas ao público. Categoria/nome sugerem alimentação, comércio ou eventos sob contratação; não é exclusão definitiva.";"Triagem conservadora do cadastro";"Não verificado";"Não confirmada diretamente nesta pesquisa";"Reavaliar se houver prova de bar ou programação pública de festas.";"2026-10-05";"https://www.locaisdobrasil.com.br/encontre/buffet/diadema-sp/restaurante-familia-santos/66de75ada0d134ad69f9e322";"Ficha correspondente (HTTP 200): https://www.locaisdobrasil.com.br/encontre/buffet/diadema-sp/restaurante-familia-santos/66de75ada0d134ad69f9e322"
"Adega e Tabacaria - Garagem 07";"fornecedor-de-bebidas";"R. das Hortências, 1897 - Jardim do Estádio, Santo André - SP, 09175-500";"Santo André";"4.761";"dom: 13:00–22:00; seg, qua, qui: 15:00–22:00; ter: 15:00–19:00; sex: 15:00–02:00; sáb: 16:00–03:00";"-23.6903492";"-46.5195249";"fonte secundária; funcionamento atual não confirmado";"Categoria ampla: inclui distribuidor, depósito e água; confirmar se é adega.";"https://www.locaisdobrasil.com.br/encontre/fornecedor-de-bebidas/santo-andre-sp/adega-e-tabacaria-garagem-07/653ba82a5134829987a00145";"Pendente — consumo no local";"3";"Não";"Adega/bebidas — permanência não confirmada";"Venda/preparo de bebidas não comprova mesas, consumo no local ou ambiente de resenha; verificar antes de incluir.";"Categoria/nome do levantamento";"Não verificado";"Não confirmada diretamente nesta pesquisa";"Confirmar mesas/permanência e consumo no local; não inserir somente por vender bebidas.";"2026-10-05";"https://www.locaisdobrasil.com.br/encontre/fornecedor-de-bebidas/santo-andre-sp/adega-e-tabacaria-garagem-07/653ba82a5134829987a00145";"Ficha correspondente (HTTP 200): https://www.locaisdobrasil.com.br/encontre/fornecedor-de-bebidas/santo-andre-sp/adega-e-tabacaria-garagem-07/653ba82a5134829987a00145 | Sem ficha correspondente (HTTP 404): https://restaurantguru.com.br/adega-e-tabacaria-garagem-07-santo-andre"
"50vinteecinco";"bares";"R. Maranhão, 409 - Santa Paula, São Caetano do Sul - SP, 09541-000";"São Caetano do Sul";"4.762";"Não localizado";"-23.6209705";"-46.5692701";"fonte secundária; funcionamento atual não confirmado";"";"https://www.locaisdobrasil.com.br/encontre/bares/sao-caetano-do-sul-sp/50vinteecinco/660f6fc1a451b0ad1fb9c3f1";"Potencial — confirmar perfil/operação";"2";"Não";"Possível bar para resenha";"Categoria/nome sugerem bar, mas faltou informação específica e confiável sobre consumo no local, ambiente, proposta ou operação atual.";"Triagem pelo cadastro; sem corroboração específica";"Não verificado";"Não confirmada diretamente nesta pesquisa";"Confirmar proposta, operação, acesso e endereço em canal da própria casa.";"2026-10-05";"https://www.locaisdobrasil.com.br/encontre/bares/sao-caetano-do-sul-sp/50vinteecinco/660f6fc1a451b0ad1fb9c3f1";"Ficha correspondente (HTTP 200): https://www.locaisdobrasil.com.br/encontre/bares/sao-caetano-do-sul-sp/50vinteecinco/660f6fc1a451b0ad1fb9c3f1 | Sem ficha correspondente (HTTP 404): https://restaurantguru.com.br/50vinteecinco-sao-caetano-do-sul"
"Bar Restaurante Batistão Rocha";"bares";"Av. Goiás, 2655 - Santa Paula, São Caetano do Sul - SP, 09521-310";"São Caetano do Sul";"4.766";"dom: 11:30–15:30; seg: 11:30–20:00; ter, qui: 11:30–20:00; qua: 11:30–20:00; sex: 11:30–22:00; sáb: 11:30–20:00";"-23.6186439";"-46.5515638";"fonte secundária; funcionamento atual não confirmado";"";"https://www.locaisdobrasil.com.br/encontre/bares/sao-caetano-do-sul-sp/bar-restaurante-batistao-rocha/660f6fc7a451b0ad1fb9c3f4";"Potencial — confirmar perfil/operação";"2";"Não";"Possível bar para resenha";"Categoria/nome sugerem bar, mas faltou informação específica e confiável sobre consumo no local, ambiente, proposta ou operação atual.";"Triagem pelo cadastro; sem corroboração específica";"Não verificado";"Não confirmada diretamente nesta pesquisa";"Confirmar proposta, operação, acesso e endereço em canal da própria casa.";"2026-10-05";"https://www.locaisdobrasil.com.br/encontre/bares/sao-caetano-do-sul-sp/bar-restaurante-batistao-rocha/660f6fc7a451b0ad1fb9c3f4";"Ficha correspondente (HTTP 200): https://www.locaisdobrasil.com.br/encontre/bares/sao-caetano-do-sul-sp/bar-restaurante-batistao-rocha/660f6fc7a451b0ad1fb9c3f4 | Sem ficha correspondente (HTTP 404): https://restaurantguru.com.br/bar-restaurante-batistao-rocha-sao-caetano-do-sul"
"Bar do Gago";"bares";"Av. Sen. Roberto Símonsen, 1114 - Cerâmica, São Caetano do Sul - SP, 09530-401";"São Caetano do Sul";"4.791";"dom, seg, ter, qua, qui, sex, sáb: 00:00–23:59";"-23.623083299999998";"-46.5754326";"fonte secundária; funcionamento atual não confirmado";"";"https://www.locaisdobrasil.com.br/encontre/bares/sao-caetano-do-sul-sp/bar-do-gago/660f6f66a451b0ad1fb9c3c3";"Priorizar — perfil corroborado";"1";"Não";"Bar para conversa e bebidas";"Ficha no endereço correspondente apresenta bebidas/petiscos no contexto de bar. Perfil compatível inferido; público universitário e preço acessível não comprovados.";"Perfil descrito em ficha/avaliações secundárias; operação pendente";"Não verificado";"Não confirmada diretamente nesta pesquisa";"Confirmar operação/horários diretamente; conferir endereço, fotos e acesso antes de cadastrar.";"2026-10-05";"https://restaurantguru.com.br/Bar-do-Gago-Sao-Caetano-do-Sul";"Ficha correspondente (HTTP 200): https://www.locaisdobrasil.com.br/encontre/bares/sao-caetano-do-sul-sp/bar-do-gago/660f6f66a451b0ad1fb9c3c3 | Ficha correspondente (HTTP 200): https://restaurantguru.com.br/Bar-do-Gago-Sao-Caetano-do-Sul"
"Restaurante Nostra Casa";"buffet";"Av. Dom Pedro I, 1543 - Vila Pires, Santo André - SP, 09130-012";"Santo André";"4.793";"seg, ter, qua, qui, sex, sáb: 11:30–14:30";"-23.6776566";"-46.5104045";"fonte secundária; funcionamento atual não confirmado";"Confirmar espaço físico para festas; categoria pode incluir restaurante ou serviço de alimentação.";"https://www.locaisdobrasil.com.br/encontre/buffet/santo-andre-sp/restaurante-nostra-casa/66db8cad58c8e2634b991f6a";"Baixa prioridade — sem evidência de rolê";"4";"Não";"Restaurante, buffet ou espaço de eventos";"Não foi localizada evidência suficiente de bar/resenha ou festas abertas ao público. Categoria/nome sugerem alimentação, comércio ou eventos sob contratação; não é exclusão definitiva.";"Triagem conservadora do cadastro";"Não verificado";"Não confirmada diretamente nesta pesquisa";"Reavaliar se houver prova de bar ou programação pública de festas.";"2026-10-05";"https://www.locaisdobrasil.com.br/encontre/buffet/santo-andre-sp/restaurante-nostra-casa/66db8cad58c8e2634b991f6a";"Ficha correspondente (HTTP 200): https://www.locaisdobrasil.com.br/encontre/buffet/santo-andre-sp/restaurante-nostra-casa/66db8cad58c8e2634b991f6a"
"Salão de Festas Nuvens de Algodão";"salao-de-festas";"R. Cafelândia, 461 - Jardim Alvorada, Santo André - SP, 09180-340";"Santo André";"4.81";"Não localizado";"-23.696278200000002";"-46.526000499999995";"fonte secundária; funcionamento atual não confirmado";"Perto da borda: revisar coordenadas antes de publicar distância.";"https://www.locaisdobrasil.com.br/encontre/salao-de-festas/santo-andre-sp/salao-de-festas-nuvens-de-algodao/62a1515b6e1550eac4c74107";"Baixa prioridade — sem evidência de rolê";"4";"Não";"Restaurante, buffet ou espaço de eventos";"Não foi localizada evidência suficiente de bar/resenha ou festas abertas ao público. Categoria/nome sugerem alimentação, comércio ou eventos sob contratação; não é exclusão definitiva.";"Triagem conservadora do cadastro";"Não verificado";"Não confirmada diretamente nesta pesquisa";"Reavaliar se houver prova de bar ou programação pública de festas.";"2026-10-05";"https://www.locaisdobrasil.com.br/encontre/salao-de-festas/santo-andre-sp/salao-de-festas-nuvens-de-algodao/62a1515b6e1550eac4c74107";"Ficha correspondente (HTTP 200): https://www.locaisdobrasil.com.br/encontre/salao-de-festas/santo-andre-sp/salao-de-festas-nuvens-de-algodao/62a1515b6e1550eac4c74107"
"NEO B";"bares";"R. Dom Paulo Mariano, 371 - Nova Petrópolis, São Bernardo do Campo - SP, 09770-320";"São Bernardo do Campo";"4.823";"dom: 16:00–23:00; qua, qui: 19:00–23:30; sex, sáb: 19:00–02:00";"-23.7046217";"-46.5494225";"fonte secundária; funcionamento atual não confirmado";"Perto da borda: revisar coordenadas antes de publicar distância.";"https://www.locaisdobrasil.com.br/encontre/bares/sao-bernardo-do-campo-sp/neo-b/660cedefa3f2688d6da68396";"Potencial — confirmar perfil/operação";"2";"Não";"Possível bar para resenha";"Categoria/nome sugerem bar, mas faltou informação específica e confiável sobre consumo no local, ambiente, proposta ou operação atual.";"Triagem pelo cadastro; sem corroboração específica";"Não verificado";"Não confirmada diretamente nesta pesquisa";"Confirmar proposta, operação, acesso e endereço em canal da própria casa.";"2026-10-05";"https://www.locaisdobrasil.com.br/encontre/bares/sao-bernardo-do-campo-sp/neo-b/660cedefa3f2688d6da68396";"Ficha correspondente (HTTP 200): https://www.locaisdobrasil.com.br/encontre/bares/sao-bernardo-do-campo-sp/neo-b/660cedefa3f2688d6da68396 | Sem ficha correspondente (HTTP 200): https://restaurantguru.com.br/NEO-B-Sao-Bernardo-do-Campo"
"Muñoz Mesas e Cadeiras";"buffet";"R. Lucélia - Jardim Alvorada, Santo André - SP, 09180-480";"Santo André";"4.827";"dom, seg, ter, qua, qui, sex, sáb: 08:00–18:00";"-23.693988299999997";"-46.522645";"fonte secundária; funcionamento atual não confirmado";"Confirmar espaço físico para festas; categoria pode incluir restaurante ou serviço de alimentação. Perto da borda: revisar coordenadas antes de publicar distância.";"https://www.locaisdobrasil.com.br/encontre/buffet/santo-andre-sp/munoz-mesas-e-cadeiras/66dba2bd58c8e2634b993993";"Fora do foco atual";"5";"Não";"Fornecedor/serviço, não local de encontro";"Atividade identificada como fornecimento de água, serviço de evento, equipamento ou refrigeração; não há evidência de bar para permanecer.";"Nome/atividade registrada — triagem editorial";"Não verificado";"Não confirmada diretamente nesta pesquisa";"Manter no histórico; não incluir no catálogo atual.";"2026-10-05";"https://www.locaisdobrasil.com.br/encontre/buffet/santo-andre-sp/munoz-mesas-e-cadeiras/66dba2bd58c8e2634b993993";"Ficha correspondente (HTTP 200): https://www.locaisdobrasil.com.br/encontre/buffet/santo-andre-sp/munoz-mesas-e-cadeiras/66dba2bd58c8e2634b993993"
"Arquitetos da Pizza - São Paulo - SP";"buffet";"R. São Paulo, 718 - Santa Paula, São Caetano do Sul - SP, 09541-100";"São Caetano do Sul";"4.828";"seg, ter, qua, qui, sex: 09:00–18:00";"-23.6222283";"-46.5743401";"fonte secundária; funcionamento atual não confirmado";"Confirmar espaço físico para festas; categoria pode incluir restaurante ou serviço de alimentação. Perto da borda: revisar coordenadas antes de publicar distância.";"https://www.locaisdobrasil.com.br/encontre/buffet/sao-caetano-do-sul-sp/arquitetos-da-pizza-sao-paulo-sp/66da90208f35afd71840fc42";"Baixa prioridade — sem evidência de rolê";"4";"Não";"Restaurante, buffet ou espaço de eventos";"Não foi localizada evidência suficiente de bar/resenha ou festas abertas ao público. Categoria/nome sugerem alimentação, comércio ou eventos sob contratação; não é exclusão definitiva.";"Triagem conservadora do cadastro";"Não verificado";"Não confirmada diretamente nesta pesquisa";"Reavaliar se houver prova de bar ou programação pública de festas.";"2026-10-05";"https://www.locaisdobrasil.com.br/encontre/buffet/sao-caetano-do-sul-sp/arquitetos-da-pizza-sao-paulo-sp/66da90208f35afd71840fc42";"Ficha correspondente (HTTP 200): https://www.locaisdobrasil.com.br/encontre/buffet/sao-caetano-do-sul-sp/arquitetos-da-pizza-sao-paulo-sp/66da90208f35afd71840fc42"
"Bar Bilhar Macedo";"bares";"Av. Queirós Filho, 436 - Parque Industriario, Santo André - SP, 09110-260";"Santo André";"4.83";"dom, seg, ter, qua, qui, sex, sáb: 09:00–21:00";"-23.6679683";"-46.5071288";"fonte secundária; funcionamento atual não confirmado";"Perto da borda: revisar coordenadas antes de publicar distância.";"https://www.locaisdobrasil.com.br/encontre/bares/santo-andre-sp/bar-bilhar-macedo/660d1baea3f2688d6da69133";"Potencial — confirmar perfil/operação";"2";"Não";"Possível bar para resenha";"Categoria/nome sugerem bar, mas faltou informação específica e confiável sobre consumo no local, ambiente, proposta ou operação atual.";"Ficha correspondente sem detalhes de perfil suficientes";"Não verificado";"Não confirmada diretamente nesta pesquisa";"Confirmar proposta, operação, acesso e endereço em canal da própria casa.";"2026-10-05";"https://www.locaisdobrasil.com.br/encontre/bares/santo-andre-sp/bar-bilhar-macedo/660d1baea3f2688d6da69133 | https://restaurantguru.com.br/Bar-Bilhar-Macedo-Santo-Andre";"Ficha correspondente (HTTP 200): https://www.locaisdobrasil.com.br/encontre/bares/santo-andre-sp/bar-bilhar-macedo/660d1baea3f2688d6da69133 | Ficha correspondente (HTTP 200): https://restaurantguru.com.br/Bar-Bilhar-Macedo-Santo-Andre"
"Boadega";"fornecedor-de-bebidas";"R. Amálio Júlio Gazeli, 13 - Jardim Las Vegas, Santo André - SP, 09182-075";"Santo André";"4.842";"dom: 09:30–13:00; ter, qua, qui, sex: 09:30–18:00; sáb: 09:30–19:00";"-23.6975525";"-46.5274431";"fonte secundária; funcionamento atual não confirmado";"Categoria ampla: inclui distribuidor, depósito e água; confirmar se é adega. Perto da borda: revisar coordenadas antes de publicar distância.";"https://www.locaisdobrasil.com.br/encontre/fornecedor-de-bebidas/santo-andre-sp/boadega/653ba8075134829987a0011d";"Pendente — consumo no local";"3";"Não";"Adega/bebidas — permanência não confirmada";"Venda/preparo de bebidas não comprova mesas, consumo no local ou ambiente de resenha; verificar antes de incluir.";"Categoria/nome do levantamento";"Não verificado";"Não confirmada diretamente nesta pesquisa";"Confirmar mesas/permanência e consumo no local; não inserir somente por vender bebidas.";"2026-10-05";"https://www.locaisdobrasil.com.br/encontre/fornecedor-de-bebidas/santo-andre-sp/boadega/653ba8075134829987a0011d";"Ficha correspondente (HTTP 200): https://www.locaisdobrasil.com.br/encontre/fornecedor-de-bebidas/santo-andre-sp/boadega/653ba8075134829987a0011d | Sem ficha correspondente (HTTP 404): https://restaurantguru.com.br/boadega-santo-andre"
"Arquitetos do Lanche SP";"buffet";"R. Flórida, 74 - Barcelona, São Caetano do Sul - SP, 09551-000";"São Caetano do Sul";"4.851";"dom: 13:00–17:00; seg, ter, qua, qui, sex: 08:00–18:00; sáb: 08:00–17:00";"-23.617847299999998";"-46.5556019";"fonte secundária; funcionamento atual não confirmado";"Confirmar espaço físico para festas; categoria pode incluir restaurante ou serviço de alimentação. Perto da borda: revisar coordenadas antes de publicar distância.";"https://www.locaisdobrasil.com.br/encontre/buffet/sao-caetano-do-sul-sp/arquitetos-do-lanche-sp/66da87d98f35afd71840ea84";"Baixa prioridade — sem evidência de rolê";"4";"Não";"Restaurante, buffet ou espaço de eventos";"Não foi localizada evidência suficiente de bar/resenha ou festas abertas ao público. Categoria/nome sugerem alimentação, comércio ou eventos sob contratação; não é exclusão definitiva.";"Triagem conservadora do cadastro";"Não verificado";"Não confirmada diretamente nesta pesquisa";"Reavaliar se houver prova de bar ou programação pública de festas.";"2026-10-05";"https://www.locaisdobrasil.com.br/encontre/buffet/sao-caetano-do-sul-sp/arquitetos-do-lanche-sp/66da87d98f35afd71840ea84";"Ficha correspondente (HTTP 200): https://www.locaisdobrasil.com.br/encontre/buffet/sao-caetano-do-sul-sp/arquitetos-do-lanche-sp/66da87d98f35afd71840ea84"
"Espaço NALU Festas";"salao-de-festas";"R. Carijós, 2549 - Vila Linda, Santo André - SP, 09180-001";"Santo André";"4.858";"Não localizado";"-23.6926994";"-46.5206808";"fonte secundária; funcionamento atual não confirmado";"Perto da borda: revisar coordenadas antes de publicar distância.";"https://www.locaisdobrasil.com.br/encontre/salao-de-festas/santo-andre-sp/espaco-nalu-festas/62a151506e1550eac4c740fe";"Baixa prioridade — sem evidência de rolê";"4";"Não";"Restaurante, buffet ou espaço de eventos";"Não foi localizada evidência suficiente de bar/resenha ou festas abertas ao público. Categoria/nome sugerem alimentação, comércio ou eventos sob contratação; não é exclusão definitiva.";"Triagem conservadora do cadastro";"Não verificado";"Não confirmada diretamente nesta pesquisa";"Reavaliar se houver prova de bar ou programação pública de festas.";"2026-10-05";"https://www.locaisdobrasil.com.br/encontre/salao-de-festas/santo-andre-sp/espaco-nalu-festas/62a151506e1550eac4c740fe";"Ficha correspondente (HTTP 200): https://www.locaisdobrasil.com.br/encontre/salao-de-festas/santo-andre-sp/espaco-nalu-festas/62a151506e1550eac4c740fe"
"Galeteria Metrópolis";"bares";"Av. Imperatriz Leopoldina, 441 - Jardim Nova Petropolis, São Bernardo do Campo - SP, 09770-270";"São Bernardo do Campo";"4.866";"dom: 11:30–18:00; ter, qua, qui: 11:30–00:00; sex, sáb: 11:30–00:00";"-23.704782899999998";"-46.5473287";"fonte secundária; funcionamento atual não confirmado";"Perto da borda: revisar coordenadas antes de publicar distância.";"https://www.locaisdobrasil.com.br/encontre/bares/sao-bernardo-do-campo-sp/galeteria-metropolis/634efb30bd08cbb564412f47";"Baixa prioridade — sem evidência de rolê";"4";"Não";"Atividade não esclarecida";"Não foi localizada evidência suficiente de bar/resenha ou festas abertas ao público. Categoria/nome sugerem alimentação, comércio ou eventos sob contratação; não é exclusão definitiva.";"Triagem conservadora do cadastro";"Não verificado";"Não confirmada diretamente nesta pesquisa";"Reavaliar se houver prova de bar ou programação pública de festas.";"2026-10-05";"https://www.locaisdobrasil.com.br/encontre/bares/sao-bernardo-do-campo-sp/galeteria-metropolis/634efb30bd08cbb564412f47 | https://restaurantguru.com.br/Galeteria-Metropolis-Sao-Bernardo-do-Campo";"Ficha correspondente (HTTP 200): https://www.locaisdobrasil.com.br/encontre/bares/sao-bernardo-do-campo-sp/galeteria-metropolis/634efb30bd08cbb564412f47 | Ficha correspondente (HTTP 200): https://restaurantguru.com.br/Galeteria-Metropolis-Sao-Bernardo-do-Campo"
"M.A Mundial Águas";"fornecedor-de-bebidas";"R. Airton Senna da Silva, 241 - Jardim Calux, São Bernardo do Campo - SP, 09896-150";"São Bernardo do Campo";"4.893";"seg, ter, qua, qui, sex: 08:30–18:00; sáb: 08:30–15:00";"-23.703344299999998";"-46.5687036";"fonte secundária; funcionamento atual não confirmado";"Categoria ampla: inclui distribuidor, depósito e água; confirmar se é adega. Perto da borda: revisar coordenadas antes de publicar distância.";"https://www.locaisdobrasil.com.br/encontre/fornecedor-de-bebidas/sao-bernardo-do-campo-sp/ma-mundial-aguas/652eb218a560c09a5b14ee28";"Fora do foco atual";"5";"Não";"Fornecedor/serviço, não local de encontro";"Atividade identificada como fornecimento de água, serviço de evento, equipamento ou refrigeração; não há evidência de bar para permanecer.";"Nome/atividade registrada — triagem editorial";"Não verificado";"Não confirmada diretamente nesta pesquisa";"Manter no histórico; não incluir no catálogo atual.";"2026-10-05";"https://www.locaisdobrasil.com.br/encontre/fornecedor-de-bebidas/sao-bernardo-do-campo-sp/ma-mundial-aguas/652eb218a560c09a5b14ee28";"Ficha correspondente (HTTP 200): https://www.locaisdobrasil.com.br/encontre/fornecedor-de-bebidas/sao-bernardo-do-campo-sp/ma-mundial-aguas/652eb218a560c09a5b14ee28"
"Buffet Animal Planet";"buffet";"Av. Imperador Pedro II, 895 - Nova Petrópolis, São Bernardo do Campo - SP, 09770-420";"São Bernardo do Campo";"4.906";"ter, qua, qui, sex, sáb: 11:00–17:00";"-23.7044306";"-46.5431198";"fonte secundária; funcionamento atual não confirmado";"Confirmar espaço físico para festas; categoria pode incluir restaurante ou serviço de alimentação. Perto da borda: revisar coordenadas antes de publicar distância.";"https://www.locaisdobrasil.com.br/encontre/buffet/sao-bernardo-do-campo-sp/buffet-animal-planet/66dba4d258c8e2634b993bc3";"Baixa prioridade — sem evidência de rolê";"4";"Não";"Restaurante, buffet ou espaço de eventos";"Não foi localizada evidência suficiente de bar/resenha ou festas abertas ao público. Categoria/nome sugerem alimentação, comércio ou eventos sob contratação; não é exclusão definitiva.";"Triagem conservadora do cadastro";"Não verificado";"Não confirmada diretamente nesta pesquisa";"Reavaliar se houver prova de bar ou programação pública de festas.";"2026-10-05";"https://www.locaisdobrasil.com.br/encontre/buffet/sao-bernardo-do-campo-sp/buffet-animal-planet/66dba4d258c8e2634b993bc3";"Ficha correspondente (HTTP 200): https://www.locaisdobrasil.com.br/encontre/buffet/sao-bernardo-do-campo-sp/buffet-animal-planet/66dba4d258c8e2634b993bc3"
"Salao De Festas Adoleta 1";"salao-de-festas";"Rua Leonardo Fioravanti, 281 - Jardim Las Vegas, Santo André - SP, 09182-470";"Santo André";"4.909";"seg, ter, qua, qui, sex: 09:00–18:00; sáb: 09:00–13:00";"-23.6990116";"-46.528692199999995";"fonte secundária; funcionamento atual não confirmado";"Perto da borda: revisar coordenadas antes de publicar distância.";"https://www.locaisdobrasil.com.br/encontre/salao-de-festas/santo-andre-sp/salao-de-festas-adoleta-1/6286e45b911b8129b7e80e02";"Fora do foco atual";"5";"Não";"Festas infantis";"Identificação explícita de buffet/festa infantil; fora do foco de rolê entre universitários adultos.";"Nome/atividade registrada";"Não verificado";"Não confirmada diretamente nesta pesquisa";"Manter no histórico; não incluir no catálogo atual.";"2026-10-05";"https://www.locaisdobrasil.com.br/encontre/salao-de-festas/santo-andre-sp/salao-de-festas-adoleta-1/6286e45b911b8129b7e80e02";"Ficha correspondente (HTTP 200): https://www.locaisdobrasil.com.br/encontre/salao-de-festas/santo-andre-sp/salao-de-festas-adoleta-1/6286e45b911b8129b7e80e02"
"Boteco 25";"bares";"R. Magalhães Pinto, 101 - Conj. Hab. Calux, São Bernardo do Campo - SP, 09896-480";"São Bernardo do Campo";"4.916";"dom: 10:00–22:00; seg, ter, qua, qui: 09:00–22:00; sex: 00:00–23:59; sáb: 10:00–00:00";"-23.7043863";"-46.565524599999996";"fonte secundária; funcionamento atual não confirmado";"Perto da borda: revisar coordenadas antes de publicar distância.";"https://www.locaisdobrasil.com.br/encontre/bares/sao-bernardo-do-campo-sp/boteco-25/660c5212d622f2b54116a2a6";"Potencial — confirmar perfil/operação";"2";"Não";"Possível bar para resenha";"Categoria/nome sugerem bar, mas faltou informação específica e confiável sobre consumo no local, ambiente, proposta ou operação atual.";"Triagem pelo cadastro; sem corroboração específica";"Não verificado";"Não confirmada diretamente nesta pesquisa";"Confirmar proposta, operação, acesso e endereço em canal da própria casa.";"2026-10-05";"https://www.locaisdobrasil.com.br/encontre/bares/sao-bernardo-do-campo-sp/boteco-25/660c5212d622f2b54116a2a6";"Ficha correspondente (HTTP 200): https://www.locaisdobrasil.com.br/encontre/bares/sao-bernardo-do-campo-sp/boteco-25/660c5212d622f2b54116a2a6 | Sem ficha correspondente (HTTP 404): https://restaurantguru.com.br/boteco-25-sao-bernardo-do-campo"
"BAR DA Gê";"bares";"Tv. Novo Horizonte, 17 - Jardim Canhema, Diadema - SP, 09943-090";"Diadema";"4.916";"dom: 12:00–23:00; ter, qua, qui: 18:00–23:00; sex: 18:00–00:00; sáb: 13:00–01:00";"-23.6724315";"-46.6007763";"fonte secundária; funcionamento atual não confirmado";"Perto da borda: revisar coordenadas antes de publicar distância.";"https://www.locaisdobrasil.com.br/encontre/bares/diadema-sp/bar-da-ge/62d61ad0cf0ed9f8ebe1a796";"Potencial — confirmar perfil/operação";"2";"Não";"Possível bar para resenha";"Categoria/nome sugerem bar, mas faltou informação específica e confiável sobre consumo no local, ambiente, proposta ou operação atual.";"Ficha correspondente sem detalhes de perfil suficientes";"Não verificado";"Não confirmada diretamente nesta pesquisa";"Confirmar proposta, operação, acesso e endereço em canal da própria casa.";"2026-10-05";"https://www.locaisdobrasil.com.br/encontre/bares/diadema-sp/bar-da-ge/62d61ad0cf0ed9f8ebe1a796 | https://restaurantguru.com.br/BAR-DA-Ge-Diadema";"Ficha correspondente (HTTP 200): https://www.locaisdobrasil.com.br/encontre/bares/diadema-sp/bar-da-ge/62d61ad0cf0ed9f8ebe1a796 | Ficha correspondente (HTTP 200): https://restaurantguru.com.br/BAR-DA-Ge-Diadema"
"Araújo''s Bebidas";"fornecedor-de-bebidas";"R. das Macieiras, 20 - Jardim Abc, Diadema - SP, 09940-500";"Diadema";"4.917";"dom: 09:00–20:00; seg: 09:00–21:00; ter, qua, qui, sex, sáb: 09:00–23:00";"-23.666506299999998";"-46.6019785";"fonte secundária; funcionamento atual não confirmado";"Categoria ampla: inclui distribuidor, depósito e água; confirmar se é adega. Perto da borda: revisar coordenadas antes de publicar distância.";"https://www.locaisdobrasil.com.br/encontre/fornecedor-de-bebidas/diadema-sp/araujos-bebidas/652eb0cea560c09a5b14ecec";"Pendente — consumo no local";"3";"Não";"Adega/bebidas — permanência não confirmada";"Venda/preparo de bebidas não comprova mesas, consumo no local ou ambiente de resenha; verificar antes de incluir.";"Categoria/nome do levantamento";"Não verificado";"Não confirmada diretamente nesta pesquisa";"Confirmar mesas/permanência e consumo no local; não inserir somente por vender bebidas.";"2026-10-05";"https://www.locaisdobrasil.com.br/encontre/fornecedor-de-bebidas/diadema-sp/araujos-bebidas/652eb0cea560c09a5b14ecec";"Ficha correspondente (HTTP 200): https://www.locaisdobrasil.com.br/encontre/fornecedor-de-bebidas/diadema-sp/araujos-bebidas/652eb0cea560c09a5b14ecec | Sem ficha correspondente (HTTP 404): https://restaurantguru.com.br/araujo-s-bebidas-diadema"
"Castelo Bebidas";"fornecedor-de-bebidas";"Av. Humberto de Alencar Castelo Branco, 200 - Jardim Independencia, São Bernardo do Campo - SP, 09850-300";"São Bernardo do Campo";"4.917";"seg, ter, qua, qui, sex: 08:00–18:00; sáb: 09:00–15:00";"-23.6953535";"-46.5850152";"fonte secundária; funcionamento atual não confirmado";"Categoria ampla: inclui distribuidor, depósito e água; confirmar se é adega. Perto da borda: revisar coordenadas antes de publicar distância.";"https://www.locaisdobrasil.com.br/encontre/fornecedor-de-bebidas/sao-bernardo-do-campo-sp/castelo-bebidas/652eb1eda560c09a5b14edff";"Pendente — consumo no local";"3";"Não";"Adega/bebidas — permanência não confirmada";"Venda/preparo de bebidas não comprova mesas, consumo no local ou ambiente de resenha; verificar antes de incluir.";"Categoria/nome do levantamento";"Não verificado";"Não confirmada diretamente nesta pesquisa";"Confirmar mesas/permanência e consumo no local; não inserir somente por vender bebidas.";"2026-10-05";"https://www.locaisdobrasil.com.br/encontre/fornecedor-de-bebidas/sao-bernardo-do-campo-sp/castelo-bebidas/652eb1eda560c09a5b14edff";"Ficha correspondente (HTTP 200): https://www.locaisdobrasil.com.br/encontre/fornecedor-de-bebidas/sao-bernardo-do-campo-sp/castelo-bebidas/652eb1eda560c09a5b14edff | Sem ficha correspondente (HTTP 404): https://restaurantguru.com.br/castelo-bebidas-sao-bernardo-do-campo"
"Long Beer Queiroz";"bares";"Av. Queirós Filho, 580 - Parque Industriario, Santo André - SP, 09110-260";"Santo André";"4.92";"dom: 09:00–17:00; seg, ter, qua, qui, sex, sáb: 10:00–22:00";"-23.669082799999998";"-46.506439";"fonte secundária; funcionamento atual não confirmado";"Perto da borda: revisar coordenadas antes de publicar distância.";"https://www.locaisdobrasil.com.br/encontre/bares/santo-andre-sp/long-beer-queiroz/636e4d04b46ef06da8426291";"Potencial — confirmar perfil/operação";"2";"Não";"Possível bar para resenha";"Categoria/nome sugerem bar, mas faltou informação específica e confiável sobre consumo no local, ambiente, proposta ou operação atual.";"Triagem pelo cadastro; sem corroboração específica";"Não verificado";"Não confirmada diretamente nesta pesquisa";"Confirmar proposta, operação, acesso e endereço em canal da própria casa.";"2026-10-05";"https://www.locaisdobrasil.com.br/encontre/bares/santo-andre-sp/long-beer-queiroz/636e4d04b46ef06da8426291";"Ficha correspondente (HTTP 200): https://www.locaisdobrasil.com.br/encontre/bares/santo-andre-sp/long-beer-queiroz/636e4d04b46ef06da8426291 | Sem ficha correspondente (HTTP 404): https://restaurantguru.com.br/long-beer-queiroz-santo-andre"
"Espaço Verde Piauí";"salao-de-festas";"R. Piauí, 352 - Santo Antônio, São Caetano do Sul - SP, 09541-150";"São Caetano do Sul";"4.923";"Não localizado";"-23.6191288";"-46.5682239";"fonte secundária; funcionamento atual não confirmado";"Perto da borda: revisar coordenadas antes de publicar distância.";"https://www.locaisdobrasil.com.br/encontre/salao-de-festas/sao-caetano-do-sul-sp/espaco-verde-piaui/64d17454fe77cec8b0a103ac";"Baixa prioridade — sem evidência de rolê";"4";"Não";"Restaurante, buffet ou espaço de eventos";"Não foi localizada evidência suficiente de bar/resenha ou festas abertas ao público. Categoria/nome sugerem alimentação, comércio ou eventos sob contratação; não é exclusão definitiva.";"Triagem conservadora do cadastro";"Não verificado";"Não confirmada diretamente nesta pesquisa";"Reavaliar se houver prova de bar ou programação pública de festas.";"2026-10-05";"https://www.locaisdobrasil.com.br/encontre/salao-de-festas/sao-caetano-do-sul-sp/espaco-verde-piaui/64d17454fe77cec8b0a103ac";"Ficha correspondente (HTTP 200): https://www.locaisdobrasil.com.br/encontre/salao-de-festas/sao-caetano-do-sul-sp/espaco-verde-piaui/64d17454fe77cec8b0a103ac"
"Adega Bons Drinks";"fornecedor-de-bebidas";"R. Carlos Drummond de Andrade, 57 - Jardim Calux, São Bernardo do Campo - SP, 09895-700";"São Bernardo do Campo";"4.924";"dom: 09:00–18:00; seg, ter, qua, qui, sex, sáb: 09:00–22:30";"-23.7038297";"-46.568050400000004";"fonte secundária; funcionamento atual não confirmado";"Categoria ampla: inclui distribuidor, depósito e água; confirmar se é adega. Perto da borda: revisar coordenadas antes de publicar distância.";"https://www.locaisdobrasil.com.br/encontre/fornecedor-de-bebidas/sao-bernardo-do-campo-sp/adega-bons-drinks/652eb1fea560c09a5b14ee0f";"Pendente — consumo no local";"3";"Não";"Adega/bebidas — permanência não confirmada";"Venda/preparo de bebidas não comprova mesas, consumo no local ou ambiente de resenha; verificar antes de incluir.";"Categoria/nome do levantamento";"Não verificado";"Não confirmada diretamente nesta pesquisa";"Confirmar mesas/permanência e consumo no local; não inserir somente por vender bebidas.";"2026-10-05";"https://www.locaisdobrasil.com.br/encontre/fornecedor-de-bebidas/sao-bernardo-do-campo-sp/adega-bons-drinks/652eb1fea560c09a5b14ee0f";"Ficha correspondente (HTTP 200): https://www.locaisdobrasil.com.br/encontre/fornecedor-de-bebidas/sao-bernardo-do-campo-sp/adega-bons-drinks/652eb1fea560c09a5b14ee0f | Sem ficha correspondente (HTTP 404): https://restaurantguru.com.br/adega-bons-drinks-sao-bernardo-do-campo"
"Deutsch Bar";"bares";"R. Mal. Deodoro, 974 - Santa Paula, São Caetano do Sul - SP, 09541-300";"São Caetano do Sul";"4.93";"seg, ter, qua, qui, sex, sáb: 08:00–22:00";"-23.617265999999997";"-46.558079799999994";"fonte secundária; funcionamento atual não confirmado";"Perto da borda: revisar coordenadas antes de publicar distância.";"https://www.locaisdobrasil.com.br/encontre/bares/sao-caetano-do-sul-sp/deutsch-bar/660f6f64a451b0ad1fb9c3c2";"Potencial — confirmar perfil/operação";"2";"Não";"Possível bar para resenha";"Categoria/nome sugerem bar, mas faltou informação específica e confiável sobre consumo no local, ambiente, proposta ou operação atual.";"Triagem pelo cadastro; sem corroboração específica";"Não verificado";"Não confirmada diretamente nesta pesquisa";"Confirmar proposta, operação, acesso e endereço em canal da própria casa.";"2026-10-05";"https://www.locaisdobrasil.com.br/encontre/bares/sao-caetano-do-sul-sp/deutsch-bar/660f6f64a451b0ad1fb9c3c2";"Ficha correspondente (HTTP 200): https://www.locaisdobrasil.com.br/encontre/bares/sao-caetano-do-sul-sp/deutsch-bar/660f6f64a451b0ad1fb9c3c2 | Sem ficha correspondente (HTTP 404): https://restaurantguru.com.br/deutsch-bar-sao-caetano-do-sul"
"Cachorrão 171";"bares";"Rua José Benedetti, 171 - Santo Antônio, São Caetano do Sul - SP, 09531-000";"São Caetano do Sul";"4.933";"dom: 15:00–22:00; seg, ter: 15:00–00:00; qua: 15:00–01:00; qui: 15:00–02:00; sex: 14:00–03:00; sáb: 15:00–04:00";"-23.6196998";"-46.5703912";"fonte secundária; funcionamento atual não confirmado";"Perto da borda: revisar coordenadas antes de publicar distância.";"https://www.locaisdobrasil.com.br/encontre/bares/sao-caetano-do-sul-sp/cachorrao-171/660f6fb3a451b0ad1fb9c3ea";"Baixa prioridade — sem evidência de rolê";"4";"Não";"Atividade não esclarecida";"Não foi localizada evidência suficiente de bar/resenha ou festas abertas ao público. Categoria/nome sugerem alimentação, comércio ou eventos sob contratação; não é exclusão definitiva.";"Triagem conservadora do cadastro";"Não verificado";"Não confirmada diretamente nesta pesquisa";"Reavaliar se houver prova de bar ou programação pública de festas.";"2026-10-05";"https://www.locaisdobrasil.com.br/encontre/bares/sao-caetano-do-sul-sp/cachorrao-171/660f6fb3a451b0ad1fb9c3ea";"Ficha correspondente (HTTP 200): https://www.locaisdobrasil.com.br/encontre/bares/sao-caetano-do-sul-sp/cachorrao-171/660f6fb3a451b0ad1fb9c3ea"
"Dom Gourmet Empório";"bares";"R. Aldino Pinoti - Conj. Hab. Calux, São Bernardo do Campo - SP, 09896-470";"São Bernardo do Campo";"4.935";"dom: 11:00–19:00; seg, ter, qua, qui, sex, sáb: 10:00–22:00";"-23.7046964";"-46.5649112";"fonte secundária; funcionamento atual não confirmado";"Perto da borda: revisar coordenadas antes de publicar distância.";"https://www.locaisdobrasil.com.br/encontre/bares/sao-bernardo-do-campo-sp/dom-gourmet-emporio/660c52d8d622f2b54116a2e6";"Baixa prioridade — sem evidência de rolê";"4";"Não";"Atividade não esclarecida";"Não foi localizada evidência suficiente de bar/resenha ou festas abertas ao público. Categoria/nome sugerem alimentação, comércio ou eventos sob contratação; não é exclusão definitiva.";"Triagem conservadora do cadastro";"Não verificado";"Não confirmada diretamente nesta pesquisa";"Reavaliar se houver prova de bar ou programação pública de festas.";"2026-10-05";"https://www.locaisdobrasil.com.br/encontre/bares/sao-bernardo-do-campo-sp/dom-gourmet-emporio/660c52d8d622f2b54116a2e6 | https://restaurantguru.com.br/Dom-Gourmet-Emporio-Sao-Bernardo-do-Campo";"Ficha correspondente (HTTP 200): https://www.locaisdobrasil.com.br/encontre/bares/sao-bernardo-do-campo-sp/dom-gourmet-emporio/660c52d8d622f2b54116a2e6 | Ficha correspondente (HTTP 200): https://restaurantguru.com.br/Dom-Gourmet-Emporio-Sao-Bernardo-do-Campo"
"Prime Club";"casa-noturna";"R. Mal. Deodoro, 862 - Centro, São Bernardo do Campo - SP, 09710-001";"São Bernardo do Campo";"4.936";"Não localizado";"-23.7057726";"-46.551368499999995";"fonte secundária; funcionamento atual não confirmado";"Categoria do diretório não garante balada; confirmar tipo de atividade. Perto da borda: revisar coordenadas antes de publicar distância.";"https://www.locaisdobrasil.com.br/encontre/casa-noturna/sao-bernardo-do-campo-sp/prime-club/6467766b6f16b70535a603f1";"Pendente — perfil não esclarecido";"3";"Não";"Casa noturna — tipo de acesso/perfil a confirmar";"Categoria de casa noturna é insuficiente para distinguir festas públicas, atendimento reservado ou cadastro incorreto; confirmar proposta e agenda.";"Categoria original apenas";"Não verificado";"Não confirmada diretamente nesta pesquisa";"Confirmar proposta, operação, acesso e endereço em canal da própria casa.";"2026-10-05";"https://www.locaisdobrasil.com.br/encontre/casa-noturna/sao-bernardo-do-campo-sp/prime-club/6467766b6f16b70535a603f1";"Ficha correspondente (HTTP 200): https://www.locaisdobrasil.com.br/encontre/casa-noturna/sao-bernardo-do-campo-sp/prime-club/6467766b6f16b70535a603f1 | Sem ficha correspondente (HTTP 200): https://restaurantguru.com.br/Prime-Club-Sao-Bernardo-do-Campo"
"Bar VERDE. Augusta";"bares";"Rua das Jabuticabeiras - Taboão, Diadema - SP, 09940-540";"Diadema";"4.938";"dom, seg, ter, qua, qui, sex, sáb: 00:00–23:59";"-23.667705100000003";"-46.6020182";"fonte secundária; funcionamento atual não confirmado";"Perto da borda: revisar coordenadas antes de publicar distância.";"https://www.locaisdobrasil.com.br/encontre/bares/diadema-sp/bar-verde-augusta/67a2a54131dc7fd3d747a4b3";"Potencial — confirmar perfil/operação";"2";"Não";"Possível bar para resenha";"Categoria/nome sugerem bar, mas faltou informação específica e confiável sobre consumo no local, ambiente, proposta ou operação atual.";"Triagem pelo cadastro; sem corroboração específica";"Não verificado";"Não confirmada diretamente nesta pesquisa";"Confirmar proposta, operação, acesso e endereço em canal da própria casa.";"2026-10-05";"https://www.locaisdobrasil.com.br/encontre/bares/diadema-sp/bar-verde-augusta/67a2a54131dc7fd3d747a4b3";"Ficha correspondente (HTTP 200): https://www.locaisdobrasil.com.br/encontre/bares/diadema-sp/bar-verde-augusta/67a2a54131dc7fd3d747a4b3 | Sem ficha correspondente (HTTP 200): https://restaurantguru.com.br/Bar-VERDE-Augusta-Diadema"
"Bioleve";"fornecedor-de-bebidas";"R. Alfredo Bernardo Leite, 271 - Vila Santa Luzia, São Bernardo do Campo - SP, 09670-000";"São Bernardo do Campo";"4.941";"seg, ter, qua, qui, sex: 08:00–18:50";"-23.6593662";"-46.6024847";"fonte secundária; funcionamento atual não confirmado";"Categoria ampla: inclui distribuidor, depósito e água; confirmar se é adega. Perto da borda: revisar coordenadas antes de publicar distância.";"https://www.locaisdobrasil.com.br/encontre/fornecedor-de-bebidas/sao-bernardo-do-campo-sp/bioleve/652eb20da560c09a5b14ee1e";"Fora do foco atual";"5";"Não";"Fornecedor/serviço, não local de encontro";"Atividade identificada como fornecimento de água, serviço de evento, equipamento ou refrigeração; não há evidência de bar para permanecer.";"Nome/atividade registrada — triagem editorial";"Não verificado";"Não confirmada diretamente nesta pesquisa";"Manter no histórico; não incluir no catálogo atual.";"2026-10-05";"https://www.locaisdobrasil.com.br/encontre/fornecedor-de-bebidas/sao-bernardo-do-campo-sp/bioleve/652eb20da560c09a5b14ee1e";"Ficha correspondente (HTTP 200): https://www.locaisdobrasil.com.br/encontre/fornecedor-de-bebidas/sao-bernardo-do-campo-sp/bioleve/652eb20da560c09a5b14ee1e | Sem ficha correspondente (HTTP 404): https://restaurantguru.com.br/bioleve-sao-bernardo-do-campo"
"Bar e Lanchonete Karl Huller";"bares";"R. Karl Huler, 22 - Canhema, Diadema - SP, 09941-410";"Diadema";"4.951";"dom: 12:00–23:00; ter, qua, qui: 10:00–23:00; sex: 08:30–23:00; sáb: 09:00–23:00";"-23.6754248";"-46.6001826";"fonte secundária; funcionamento atual não confirmado";"Perto da borda: revisar coordenadas antes de publicar distância.";"https://www.locaisdobrasil.com.br/encontre/bares/diadema-sp/bar-e-lanchonete-karl-huller/679d812e16ce8ff8005c7bf3";"Potencial — confirmar perfil/operação";"2";"Não";"Possível bar para resenha";"Categoria/nome sugerem bar, mas faltou informação específica e confiável sobre consumo no local, ambiente, proposta ou operação atual.";"Ficha correspondente sem detalhes de perfil suficientes";"Não verificado";"Não confirmada diretamente nesta pesquisa";"Confirmar proposta, operação, acesso e endereço em canal da própria casa.";"2026-10-05";"https://www.locaisdobrasil.com.br/encontre/bares/diadema-sp/bar-e-lanchonete-karl-huller/679d812e16ce8ff8005c7bf3 | https://restaurantguru.com.br/Bar-e-Lanchonete-Karl-Huller-Diadema";"Ficha correspondente (HTTP 200): https://www.locaisdobrasil.com.br/encontre/bares/diadema-sp/bar-e-lanchonete-karl-huller/679d812e16ce8ff8005c7bf3 | Ficha correspondente (HTTP 200): https://restaurantguru.com.br/Bar-e-Lanchonete-Karl-Huller-Diadema"
"Buffet Ricco - O Autêntico Crepe Frances";"buffet";"R. Antônio Pereira de Matos, 25 - Jardim Vera Cruz, São Bernardo do Campo - SP, 09860-040";"São Bernardo do Campo";"4.952";"seg, ter, qua, qui, sex, sáb: 00:00–23:59";"-23.6986615";"-46.580741599999996";"fonte secundária; funcionamento atual não confirmado";"Confirmar espaço físico para festas; categoria pode incluir restaurante ou serviço de alimentação. Perto da borda: revisar coordenadas antes de publicar distância.";"https://www.locaisdobrasil.com.br/encontre/buffet/sao-bernardo-do-campo-sp/buffet-ricco-o-autentico-crepe-frances/66daf4108f35afd718416866";"Baixa prioridade — sem evidência de rolê";"4";"Não";"Restaurante, buffet ou espaço de eventos";"Não foi localizada evidência suficiente de bar/resenha ou festas abertas ao público. Categoria/nome sugerem alimentação, comércio ou eventos sob contratação; não é exclusão definitiva.";"Triagem conservadora do cadastro";"Não verificado";"Não confirmada diretamente nesta pesquisa";"Reavaliar se houver prova de bar ou programação pública de festas.";"2026-10-05";"https://www.locaisdobrasil.com.br/encontre/buffet/sao-bernardo-do-campo-sp/buffet-ricco-o-autentico-crepe-frances/66daf4108f35afd718416866";"Ficha correspondente (HTTP 200): https://www.locaisdobrasil.com.br/encontre/buffet/sao-bernardo-do-campo-sp/buffet-ricco-o-autentico-crepe-frances/66daf4108f35afd718416866"
"Aguaria São Paulo Distribuidora de Água";"fornecedor-de-bebidas";"Av. Paulo Afonso, 124 - Cidade Jardim, São Bernardo do Campo - SP, 09770-350";"São Bernardo do Campo";"4.954";"seg, ter, qua, qui, sex: 09:00–18:00; sáb: 09:00–14:00";"-23.705817399999997";"-46.5495891";"fonte secundária; funcionamento atual não confirmado";"Categoria ampla: inclui distribuidor, depósito e água; confirmar se é adega. Perto da borda: revisar coordenadas antes de publicar distância.";"https://www.locaisdobrasil.com.br/encontre/fornecedor-de-bebidas/sao-bernardo-do-campo-sp/aguaria-sao-paulo-distribuidora-de-agua/652eb208a560c09a5b14ee19";"Fora do foco atual";"5";"Não";"Fornecedor/serviço, não local de encontro";"Atividade identificada como fornecimento de água, serviço de evento, equipamento ou refrigeração; não há evidência de bar para permanecer.";"Nome/atividade registrada — triagem editorial";"Não verificado";"Não confirmada diretamente nesta pesquisa";"Manter no histórico; não incluir no catálogo atual.";"2026-10-05";"https://www.locaisdobrasil.com.br/encontre/fornecedor-de-bebidas/sao-bernardo-do-campo-sp/aguaria-sao-paulo-distribuidora-de-agua/652eb208a560c09a5b14ee19";"Ficha correspondente (HTTP 200): https://www.locaisdobrasil.com.br/encontre/fornecedor-de-bebidas/sao-bernardo-do-campo-sp/aguaria-sao-paulo-distribuidora-de-agua/652eb208a560c09a5b14ee19"
"RR Salão de Festas";"salao-de-festas";"R. Altíno Arantes, 377 - Canhema, Diadema - SP, 09942-080";"Diadema";"4.957";"dom, seg, ter, qua, qui, sex, sáb: 09:00–22:00";"-23.6775727";"-46.5993973";"fonte secundária; funcionamento atual não confirmado";"Perto da borda: revisar coordenadas antes de publicar distância.";"https://www.locaisdobrasil.com.br/encontre/salao-de-festas/diadema-sp/rr-salao-de-festas/62856986911b8129b7e78985";"Baixa prioridade — sem evidência de rolê";"4";"Não";"Restaurante, buffet ou espaço de eventos";"Não foi localizada evidência suficiente de bar/resenha ou festas abertas ao público. Categoria/nome sugerem alimentação, comércio ou eventos sob contratação; não é exclusão definitiva.";"Triagem conservadora do cadastro";"Não verificado";"Não confirmada diretamente nesta pesquisa";"Reavaliar se houver prova de bar ou programação pública de festas.";"2026-10-05";"https://www.locaisdobrasil.com.br/encontre/salao-de-festas/diadema-sp/rr-salao-de-festas/62856986911b8129b7e78985";"Ficha correspondente (HTTP 200): https://www.locaisdobrasil.com.br/encontre/salao-de-festas/diadema-sp/rr-salao-de-festas/62856986911b8129b7e78985"
"Espaço Barcelona";"salao-de-festas";"Rua Conselheiro Lafayette, 40 - Santa Paula, São Caetano do Sul - SP, 09550-000";"São Caetano do Sul";"4.96";"seg, ter, qua, qui, sex: 09:00–17:00";"-23.6168479";"-46.5545883";"fonte secundária; funcionamento atual não confirmado";"Perto da borda: revisar coordenadas antes de publicar distância.";"https://www.locaisdobrasil.com.br/encontre/salao-de-festas/sao-caetano-do-sul-sp/espaco-barcelona/64d1744bfe77cec8b0a103a4";"Baixa prioridade — sem evidência de rolê";"4";"Não";"Restaurante, buffet ou espaço de eventos";"Não foi localizada evidência suficiente de bar/resenha ou festas abertas ao público. Categoria/nome sugerem alimentação, comércio ou eventos sob contratação; não é exclusão definitiva.";"Triagem conservadora do cadastro";"Não verificado";"Não confirmada diretamente nesta pesquisa";"Reavaliar se houver prova de bar ou programação pública de festas.";"2026-10-05";"https://www.locaisdobrasil.com.br/encontre/salao-de-festas/sao-caetano-do-sul-sp/espaco-barcelona/64d1744bfe77cec8b0a103a4";"Ficha correspondente (HTTP 200): https://www.locaisdobrasil.com.br/encontre/salao-de-festas/sao-caetano-do-sul-sp/espaco-barcelona/64d1744bfe77cec8b0a103a4 | Sem ficha correspondente (HTTP 404): https://restaurantguru.com.br/espaco-barcelona-sao-caetano-do-sul"
"Boteco House";"buffet";"Alameda Terracota, 185 - Cerâmica, São Caetano do Sul - SP, 09531-195";"São Caetano do Sul";"4.966";"seg, ter, qua, qui, sex: 09:00–18:00; sáb: 09:00–13:00";"-23.6240509";"-46.5806709";"fonte secundária; funcionamento atual não confirmado";"Confirmar espaço físico para festas; categoria pode incluir restaurante ou serviço de alimentação. Perto da borda: revisar coordenadas antes de publicar distância.";"https://www.locaisdobrasil.com.br/encontre/buffet/sao-caetano-do-sul-sp/boteco-house/66da904d8f35afd71840fc9c";"Baixa prioridade — sem evidência de rolê";"4";"Não";"Restaurante, buffet ou espaço de eventos";"Não foi localizada evidência suficiente de bar/resenha ou festas abertas ao público. Categoria/nome sugerem alimentação, comércio ou eventos sob contratação; não é exclusão definitiva.";"Triagem conservadora do cadastro";"Não verificado";"Não confirmada diretamente nesta pesquisa";"Reavaliar se houver prova de bar ou programação pública de festas.";"2026-10-05";"https://www.locaisdobrasil.com.br/encontre/buffet/sao-caetano-do-sul-sp/boteco-house/66da904d8f35afd71840fc9c";"Ficha correspondente (HTTP 200): https://www.locaisdobrasil.com.br/encontre/buffet/sao-caetano-do-sul-sp/boteco-house/66da904d8f35afd71840fc9c | Sem ficha correspondente (HTTP 404): https://restaurantguru.com.br/boteco-house-sao-caetano-do-sul"
"Boteco Leopoldina sbc";"bares";"Av. Imperatriz Leopoldina, 551 - Nova Petrópolis, São Bernardo do Campo - SP, 09770-272";"São Bernardo do Campo";"4.969";"dom: 12:00–21:00; qua: 17:30–23:00; qui: 17:30–23:30; sex: 17:30–00:00; sáb: 12:00–00:30";"-23.7055935";"-46.5464497";"fonte secundária; funcionamento atual não confirmado";"Perto da borda: revisar coordenadas antes de publicar distância.";"https://www.locaisdobrasil.com.br/encontre/bares/sao-bernardo-do-campo-sp/boteco-leopoldina-sbc/634f6556bd08cbb564415e74";"Não incluir — indicação de fechamento";"6";"Não";"Operação com indicação de encerramento";"Ficha correspondente ao endereço sinaliza encerramento permanente; horários antigos não comprovam abertura.";"Ficha secundária correspondente";"Não verificado";"Não confirmada diretamente nesta pesquisa";"Não publicar; reavaliar somente com prova de reabertura.";"2026-10-05";"https://restaurantguru.com.br/Boteco-Leopoldina-sbc-Sao-Bernardo-do-Campo";"Ficha correspondente (HTTP 200): https://www.locaisdobrasil.com.br/encontre/bares/sao-bernardo-do-campo-sp/boteco-leopoldina-sbc/634f6556bd08cbb564415e74 | Ficha correspondente (HTTP 200): https://restaurantguru.com.br/Boteco-Leopoldina-sbc-Sao-Bernardo-do-Campo"
"Chokantes Restaurante";"buffet";"Av. Dr. Augusto de Toledo, 523 - Santa Paula, São Caetano do Sul - SP, 09541-520";"São Caetano do Sul";"4.971";"seg, ter, qua, qui, sex, sáb: 11:00–15:00";"-23.618285999999998";"-46.5667392";"fonte secundária; funcionamento atual não confirmado";"Confirmar espaço físico para festas; categoria pode incluir restaurante ou serviço de alimentação. Perto da borda: revisar coordenadas antes de publicar distância.";"https://www.locaisdobrasil.com.br/encontre/buffet/sao-caetano-do-sul-sp/chokantes-restaurante/66da904c8f35afd71840fc99";"Baixa prioridade — sem evidência de rolê";"4";"Não";"Restaurante, buffet ou espaço de eventos";"Não foi localizada evidência suficiente de bar/resenha ou festas abertas ao público. Categoria/nome sugerem alimentação, comércio ou eventos sob contratação; não é exclusão definitiva.";"Triagem conservadora do cadastro";"Não verificado";"Não confirmada diretamente nesta pesquisa";"Reavaliar se houver prova de bar ou programação pública de festas.";"2026-10-05";"https://www.locaisdobrasil.com.br/encontre/buffet/sao-caetano-do-sul-sp/chokantes-restaurante/66da904c8f35afd71840fc99";"Ficha correspondente (HTTP 200): https://www.locaisdobrasil.com.br/encontre/buffet/sao-caetano-do-sul-sp/chokantes-restaurante/66da904c8f35afd71840fc99"
"Bar do André Copcinski";"bares";"Av. Imperatriz Leopoldina, 631 - Jardim Nova Petropolis, São Bernardo do Campo - SP, 09770-272";"São Bernardo do Campo";"4.972";"dom: 11:00–17:30; ter, qua, qui: 11:00–23:30; sex, sáb: 11:00–23:59";"-23.7055123";"-46.5457129";"fonte secundária; funcionamento atual não confirmado";"Perto da borda: revisar coordenadas antes de publicar distância.";"https://www.locaisdobrasil.com.br/encontre/bares/sao-bernardo-do-campo-sp/bar-do-andre-copcinski/660bbd4ad622f2b54116710a";"Priorizar — perfil corroborado";"1";"Não";"Bar para conversa e bebidas";"Ficha no endereço correspondente apresenta bebidas/petiscos no contexto de bar. Perfil compatível inferido; público universitário e preço acessível não comprovados.";"Perfil descrito em ficha/avaliações secundárias; operação pendente";"Não verificado";"Não confirmada diretamente nesta pesquisa";"Confirmar operação/horários diretamente; conferir endereço, fotos e acesso antes de cadastrar.";"2026-10-05";"https://restaurantguru.com.br/Bar-do-Andre-Copcinski-Sao-Bernardo-do-Campo-3";"Ficha correspondente (HTTP 200): https://www.locaisdobrasil.com.br/encontre/bares/sao-bernardo-do-campo-sp/bar-do-andre-copcinski/660bbd4ad622f2b54116710a | Ficha correspondente (HTTP 200): https://restaurantguru.com.br/Bar-do-Andre-Copcinski-Sao-Bernardo-do-Campo-3"
"Borracharia Kustom House";"bares";"R. Tiradentes, 163 - Santa Paula, São Caetano do Sul - SP, 09541-220";"São Caetano do Sul";"4.972";"dom: 14:30–21:00; seg, ter, qua: 16:00–23:00; qui, sex: 16:00–00:00; sáb: 16:30–01:00";"-23.617127399999998";"-46.5604326";"fonte secundária; funcionamento atual não confirmado";"Perto da borda: revisar coordenadas antes de publicar distância.";"https://www.locaisdobrasil.com.br/encontre/bares/sao-caetano-do-sul-sp/borracharia-kustom-house/64d170f3fe77cec8b0a100a3";"Não incluir — indicação de fechamento";"6";"Não";"Operação com indicação de encerramento";"Ficha correspondente ao endereço sinaliza encerramento permanente; horários antigos não comprovam abertura.";"Ficha secundária correspondente";"Não verificado";"Não confirmada diretamente nesta pesquisa";"Não publicar; reavaliar somente com prova de reabertura.";"2026-10-05";"https://restaurantguru.com.br/Borracharia-Kustom-House-Sao-Caetano-do-Sul";"Ficha correspondente (HTTP 200): https://www.locaisdobrasil.com.br/encontre/bares/sao-caetano-do-sul-sp/borracharia-kustom-house/64d170f3fe77cec8b0a100a3 | Ficha correspondente (HTTP 200): https://restaurantguru.com.br/Borracharia-Kustom-House-Sao-Caetano-do-Sul"
"Yzzy Hookah Lounge";"bares";"R. Gen. Osório, 107 - Santa Paula, São Caetano do Sul - SP, 09541-320";"São Caetano do Sul";"4.973";"dom: 17:00–01:00; qua, qui: 18:00–00:00; sex, sáb: 19:00–03:00";"-23.6170179";"-46.5595852";"fonte secundária; funcionamento atual não confirmado";"Perto da borda: revisar coordenadas antes de publicar distância.";"https://www.locaisdobrasil.com.br/encontre/bares/sao-caetano-do-sul-sp/yzzy-hookah-lounge/660f6fcba451b0ad1fb9c3f6";"Potencial — confirmar perfil/operação";"2";"Não";"Possível bar para resenha";"Categoria/nome sugerem bar, mas faltou informação específica e confiável sobre consumo no local, ambiente, proposta ou operação atual.";"Ficha correspondente sem detalhes de perfil suficientes";"Não verificado";"Não confirmada diretamente nesta pesquisa";"Confirmar proposta, operação, acesso e endereço em canal da própria casa.";"2026-10-05";"https://www.locaisdobrasil.com.br/encontre/bares/sao-caetano-do-sul-sp/yzzy-hookah-lounge/660f6fcba451b0ad1fb9c3f6 | https://restaurantguru.com.br/Yzzy-Hookah-Lounge-Sao-Caetano-do-Sul";"Ficha correspondente (HTTP 200): https://www.locaisdobrasil.com.br/encontre/bares/sao-caetano-do-sul-sp/yzzy-hookah-lounge/660f6fcba451b0ad1fb9c3f6 | Ficha correspondente (HTTP 200): https://restaurantguru.com.br/Yzzy-Hookah-Lounge-Sao-Caetano-do-Sul"
"Taberna 863";"bares";"R. Rio Grande do Sul, 863 - Santo Antônio, São Caetano do Sul - SP, 09510-021";"São Caetano do Sul";"4.976";"seg, ter, qua, qui, sex: 17:00–00:00; sáb: 12:30–00:30";"-23.619664699999998";"-46.571516200000005";"fonte secundária; funcionamento atual não confirmado";"Perto da borda: revisar coordenadas antes de publicar distância.";"https://www.locaisdobrasil.com.br/encontre/bares/sao-caetano-do-sul-sp/taberna-863/660f6f56a451b0ad1fb9c3bb";"Não incluir — indicação de fechamento";"6";"Não";"Operação com indicação de encerramento";"Ficha correspondente ao endereço sinaliza encerramento permanente; horários antigos não comprovam abertura.";"Ficha secundária correspondente";"Não verificado";"Não confirmada diretamente nesta pesquisa";"Não publicar; reavaliar somente com prova de reabertura.";"2026-10-05";"https://restaurantguru.com.br/Taberna-863-Sao-Caetano-do-Sul";"Ficha correspondente (HTTP 200): https://www.locaisdobrasil.com.br/encontre/bares/sao-caetano-do-sul-sp/taberna-863/660f6f56a451b0ad1fb9c3bb | Ficha correspondente (HTTP 200): https://restaurantguru.com.br/Taberna-863-Sao-Caetano-do-Sul"
"A Paulistana Bebidas | Adega em São Caetano do Sul";"fornecedor-de-bebidas";"R. São Paulo, 414 - Cerâmica, São Caetano do Sul - SP, 09530-210";"São Caetano do Sul";"4.979";"dom: 11:00–19:00; ter, qua: 11:00–20:00; qui: 11:00–22:00; sex, sáb: 11:00–00:00";"-23.6220984";"-46.5773477";"fonte secundária; funcionamento atual não confirmado";"Categoria ampla: inclui distribuidor, depósito e água; confirmar se é adega. Perto da borda: revisar coordenadas antes de publicar distância.";"https://www.locaisdobrasil.com.br/encontre/fornecedor-de-bebidas/sao-caetano-do-sul-sp/a-paulistana-bebidas-adega-em-sao-caetano-do-sul/64d174e6fe77cec8b0a1042e";"Pendente — consumo no local";"3";"Não";"Adega/bebidas — permanência não confirmada";"Venda/preparo de bebidas não comprova mesas, consumo no local ou ambiente de resenha; verificar antes de incluir.";"Categoria/nome do levantamento";"Não verificado";"Não confirmada diretamente nesta pesquisa";"Confirmar mesas/permanência e consumo no local; não inserir somente por vender bebidas.";"2026-10-05";"https://www.locaisdobrasil.com.br/encontre/fornecedor-de-bebidas/sao-caetano-do-sul-sp/a-paulistana-bebidas-adega-em-sao-caetano-do-sul/64d174e6fe77cec8b0a1042e";"Ficha correspondente (HTTP 200): https://www.locaisdobrasil.com.br/encontre/fornecedor-de-bebidas/sao-caetano-do-sul-sp/a-paulistana-bebidas-adega-em-sao-caetano-do-sul/64d174e6fe77cec8b0a1042e | Sem ficha correspondente (HTTP 404): https://restaurantguru.com.br/a-paulistana-bebidas-adega-em-sao-caetano-do-sul-sao-caetano-do-sul"
"Restaurante Vanelli";"buffet";"R. Dr. Carlos Chagas, 175 - Piraporinha, Diadema - SP, 09960-090";"Diadema";"4.988";"seg, ter, qua, qui, sex: 11:00–14:30";"-23.6934479";"-46.5883533";"fonte secundária; funcionamento atual não confirmado";"Confirmar espaço físico para festas; categoria pode incluir restaurante ou serviço de alimentação. Perto da borda: revisar coordenadas antes de publicar distância.";"https://www.locaisdobrasil.com.br/encontre/buffet/diadema-sp/restaurante-vanelli/66de75aaa0d134ad69f9e31e";"Baixa prioridade — sem evidência de rolê";"4";"Não";"Restaurante, buffet ou espaço de eventos";"Não foi localizada evidência suficiente de bar/resenha ou festas abertas ao público. Categoria/nome sugerem alimentação, comércio ou eventos sob contratação; não é exclusão definitiva.";"Triagem conservadora do cadastro";"Não verificado";"Não confirmada diretamente nesta pesquisa";"Reavaliar se houver prova de bar ou programação pública de festas.";"2026-10-05";"https://www.locaisdobrasil.com.br/encontre/buffet/diadema-sp/restaurante-vanelli/66de75aaa0d134ad69f9e31e";"Ficha correspondente (HTTP 200): https://www.locaisdobrasil.com.br/encontre/buffet/diadema-sp/restaurante-vanelli/66de75aaa0d134ad69f9e31e"
"Leila Refeições";"buffet";"R. Felipo Cataruzi, 172 - Jardim Las Vegas, Santo André - SP, 09182-450";"Santo André";"4.989";"seg, ter, qua, qui, sex, sáb: 11:00–15:00";"-23.6997981";"-46.528593699999995";"fonte secundária; funcionamento atual não confirmado";"Confirmar espaço físico para festas; categoria pode incluir restaurante ou serviço de alimentação. Perto da borda: revisar coordenadas antes de publicar distância.";"https://www.locaisdobrasil.com.br/encontre/buffet/santo-andre-sp/leila-refeicoes/66db8c9858c8e2634b991f4b";"Baixa prioridade — sem evidência de rolê";"4";"Não";"Restaurante, buffet ou espaço de eventos";"Não foi localizada evidência suficiente de bar/resenha ou festas abertas ao público. Categoria/nome sugerem alimentação, comércio ou eventos sob contratação; não é exclusão definitiva.";"Triagem conservadora do cadastro";"Não verificado";"Não confirmada diretamente nesta pesquisa";"Reavaliar se houver prova de bar ou programação pública de festas.";"2026-10-05";"https://www.locaisdobrasil.com.br/encontre/buffet/santo-andre-sp/leila-refeicoes/66db8c9858c8e2634b991f4b";"Ficha correspondente (HTTP 200): https://www.locaisdobrasil.com.br/encontre/buffet/santo-andre-sp/leila-refeicoes/66db8c9858c8e2634b991f4b"
"Palácio dos Lírios";"salao-de-festas";"R. das Begônias, 85 - Vila Vitoria, Santo André - SP, 09175-130";"Santo André";"4.992";"seg, ter, qua, qui, sex: 08:00–18:00";"-23.685335499999997";"-46.512513899999995";"fonte secundária; funcionamento atual não confirmado";"Perto da borda: revisar coordenadas antes de publicar distância.";"https://www.locaisdobrasil.com.br/encontre/salao-de-festas/santo-andre-sp/palacio-dos-lirios/6286a182911b8129b7e7eb6a";"Baixa prioridade — sem evidência de rolê";"4";"Não";"Restaurante, buffet ou espaço de eventos";"Não foi localizada evidência suficiente de bar/resenha ou festas abertas ao público. Categoria/nome sugerem alimentação, comércio ou eventos sob contratação; não é exclusão definitiva.";"Triagem conservadora do cadastro";"Não verificado";"Não confirmada diretamente nesta pesquisa";"Reavaliar se houver prova de bar ou programação pública de festas.";"2026-10-05";"https://www.locaisdobrasil.com.br/encontre/salao-de-festas/santo-andre-sp/palacio-dos-lirios/6286a182911b8129b7e7eb6a";"Ficha correspondente (HTTP 200): https://www.locaisdobrasil.com.br/encontre/salao-de-festas/santo-andre-sp/palacio-dos-lirios/6286a182911b8129b7e7eb6a"
